-- --------------------------------------------------------
-- Host:                         192.168.0.41
-- Server version:               5.5.41 - MySQL Community Server (GPL) by Remi
-- Server OS:                    Linux
-- HeidiSQL Version:             9.3.0.5031
-- --------------------------------------------------------

/*!40101 SET @OLD_CHARACTER_SET_CLIENT=@@CHARACTER_SET_CLIENT */;
/*!40101 SET NAMES utf8mb4 */;
/*!40014 SET @OLD_FOREIGN_KEY_CHECKS=@@FOREIGN_KEY_CHECKS, FOREIGN_KEY_CHECKS=0 */;
/*!40101 SET @OLD_SQL_MODE=@@SQL_MODE, SQL_MODE='NO_AUTO_VALUE_ON_ZERO' */;

-- Dumping structure for table oceanjet1_db.accommodation
CREATE TABLE IF NOT EXISTS `accommodation` (
  `id_accommodation` int(11) NOT NULL AUTO_INCREMENT,
  `accommodation_code` varchar(16) NOT NULL,
  `accommodation` varchar(128) NOT NULL,
  `enabled` tinyint(1) NOT NULL,
  `date_added` datetime NOT NULL,
  `date_update` datetime NOT NULL,
  `palette` varchar(8) NOT NULL,
  PRIMARY KEY (`id_accommodation`)
) ENGINE=InnoDB AUTO_INCREMENT=9 DEFAULT CHARSET=latin1;

-- Dumping data for table oceanjet1_db.accommodation: ~7 rows (approximately)
/*!40000 ALTER TABLE `accommodation` DISABLE KEYS */;
INSERT INTO `accommodation` (`id_accommodation`, `accommodation_code`, `accommodation`, `enabled`, `date_added`, `date_update`, `palette`) VALUES
	(1, 'ACCOMODATION`$$', 'Open Air', 0, '2016-02-12 17:02:48', '2016-02-16 15:19:19', '#7b7c84'),
	(2, 'BC', 'Business Class', 1, '2016-02-12 17:07:24', '2016-02-12 17:07:24', '#00ff00'),
	(3, 'TC', 'Taco', 1, '2016-02-12 17:08:11', '2016-02-12 17:08:11', '#34c42d'),
	(5, 'OA', 'Open Air', 1, '2016-02-12 17:11:54', '2016-02-12 17:11:54', '#c0c0c0'),
	(6, 'HOORAY', 'hooooraaaaaaaaaay', 0, '2016-02-16 14:49:07', '2016-02-16 15:19:28', '#000000'),
	(7, 'BLUE', 'blueeee', 1, '2016-02-16 15:16:43', '2016-02-16 15:25:00', '#001ff9'),
	(8, 'ORANGE', 'Orangeee', 1, '2016-02-16 15:20:00', '2016-02-16 15:20:00', '#80ff00');
/*!40000 ALTER TABLE `accommodation` ENABLE KEYS */;


-- Dumping structure for table oceanjet1_db.administrator_access
CREATE TABLE IF NOT EXISTS `administrator_access` (
  `user_profile_id` int(10) unsigned NOT NULL,
  `administrator_page_id` int(11) unsigned NOT NULL,
  `access` tinyint(1) NOT NULL DEFAULT '0',
  `view` tinyint(1) NOT NULL DEFAULT '0',
  `add` tinyint(1) NOT NULL DEFAULT '0',
  `edit` tinyint(1) NOT NULL DEFAULT '0',
  `delete` tinyint(1) NOT NULL DEFAULT '0',
  `approve` tinyint(4) NOT NULL DEFAULT '0',
  `verify` tinyint(4) NOT NULL DEFAULT '0',
  `print` tinyint(4) NOT NULL DEFAULT '0',
  `request` tinyint(4) NOT NULL DEFAULT '0',
  `close` tinyint(4) NOT NULL DEFAULT '0',
  `received` tinyint(4) NOT NULL DEFAULT '0',
  `allocate` tinyint(4) NOT NULL DEFAULT '0',
  `activate` tinyint(1) NOT NULL DEFAULT '0',
  `reactivate` tinyint(1) NOT NULL DEFAULT '0',
  `export` tinyint(1) NOT NULL DEFAULT '0',
  PRIMARY KEY (`user_profile_id`,`administrator_page_id`)
) ENGINE=MyISAM DEFAULT CHARSET=latin1;

-- Dumping data for table oceanjet1_db.administrator_access: 636 rows
/*!40000 ALTER TABLE `administrator_access` DISABLE KEYS */;
INSERT INTO `administrator_access` (`user_profile_id`, `administrator_page_id`, `access`, `view`, `add`, `edit`, `delete`, `approve`, `verify`, `print`, `request`, `close`, `received`, `allocate`, `activate`, `reactivate`, `export`) VALUES
	(1, 1, 1, 1, 1, 1, 1, 0, 0, 1, 0, 0, 0, 0, 0, 0, 1),
	(1, 3, 1, 1, 1, 1, 1, 0, 0, 1, 0, 0, 0, 0, 0, 0, 1),
	(1, 4, 1, 1, 1, 1, 1, 0, 0, 1, 0, 0, 0, 0, 0, 0, 1),
	(1, 5, 1, 1, 1, 1, 1, 0, 0, 1, 0, 0, 0, 0, 0, 0, 1),
	(1, 6, 1, 1, 1, 1, 1, 0, 0, 1, 0, 0, 0, 0, 0, 0, 1),
	(1, 7, 1, 1, 1, 1, 1, 0, 0, 1, 0, 0, 0, 0, 0, 0, 1),
	(1, 8, 1, 1, 1, 1, 1, 0, 0, 1, 0, 0, 0, 0, 0, 0, 1),
	(1, 9, 1, 1, 1, 1, 1, 0, 0, 1, 0, 0, 0, 0, 0, 0, 1),
	(1, 10, 1, 1, 1, 1, 1, 0, 0, 1, 0, 0, 0, 0, 0, 0, 1),
	(1, 11, 1, 1, 1, 1, 1, 0, 0, 1, 0, 0, 0, 0, 0, 0, 1),
	(1, 12, 1, 1, 1, 1, 1, 0, 0, 1, 0, 0, 0, 0, 0, 0, 1),
	(1, 2, 1, 1, 1, 1, 1, 0, 0, 1, 0, 0, 0, 0, 0, 0, 1),
	(1, 13, 1, 1, 1, 1, 1, 0, 0, 1, 0, 0, 0, 0, 0, 0, 1),
	(1, 14, 1, 1, 1, 1, 1, 0, 0, 1, 0, 0, 0, 0, 0, 0, 1),
	(1, 15, 1, 1, 1, 1, 1, 0, 0, 1, 0, 0, 0, 0, 0, 0, 1),
	(1, 16, 1, 1, 1, 1, 1, 0, 0, 1, 0, 0, 0, 0, 0, 0, 1),
	(1, 17, 1, 1, 1, 1, 1, 0, 0, 1, 0, 0, 0, 0, 0, 0, 1),
	(1, 18, 1, 1, 1, 1, 1, 0, 0, 1, 0, 0, 0, 0, 0, 0, 1),
	(1, 19, 1, 1, 1, 1, 1, 0, 0, 1, 0, 0, 0, 0, 0, 0, 1),
	(1, 20, 1, 1, 1, 1, 1, 0, 0, 1, 0, 0, 0, 0, 0, 0, 1),
	(1, 21, 1, 1, 1, 1, 1, 0, 0, 1, 0, 0, 0, 0, 0, 0, 1),
	(1, 22, 1, 1, 1, 1, 1, 0, 0, 1, 0, 0, 0, 0, 0, 0, 1),
	(1, 23, 1, 1, 1, 1, 1, 0, 0, 1, 0, 0, 0, 0, 0, 0, 1),
	(1, 24, 1, 1, 1, 1, 1, 0, 0, 1, 0, 0, 0, 0, 0, 0, 1),
	(1, 25, 1, 1, 1, 1, 1, 0, 0, 1, 0, 0, 0, 0, 0, 0, 1),
	(1, 26, 1, 1, 1, 1, 1, 0, 0, 1, 0, 0, 0, 0, 0, 0, 1),
	(1, 27, 1, 1, 1, 1, 1, 0, 0, 1, 0, 0, 0, 0, 0, 0, 1),
	(1, 28, 1, 1, 1, 1, 1, 0, 0, 1, 0, 0, 0, 0, 0, 0, 1),
	(1, 29, 1, 1, 1, 1, 1, 0, 0, 1, 0, 0, 0, 0, 0, 0, 1),
	(1, 30, 1, 1, 1, 1, 1, 0, 0, 1, 0, 0, 0, 0, 0, 0, 1),
	(1, 31, 1, 1, 1, 1, 1, 0, 0, 1, 0, 0, 0, 0, 0, 0, 1),
	(1, 32, 1, 1, 1, 1, 1, 0, 0, 1, 0, 0, 0, 0, 0, 0, 1),
	(1, 33, 1, 1, 1, 1, 1, 0, 0, 1, 0, 0, 0, 0, 0, 0, 1),
	(1, 34, 1, 1, 1, 1, 1, 0, 0, 1, 0, 0, 0, 0, 0, 0, 1),
	(1, 35, 1, 1, 1, 1, 1, 0, 0, 1, 0, 0, 0, 0, 0, 0, 1),
	(1, 36, 1, 1, 1, 1, 1, 0, 0, 1, 0, 0, 0, 0, 0, 0, 1),
	(1, 37, 1, 1, 1, 1, 1, 0, 0, 1, 0, 0, 0, 0, 0, 0, 1),
	(1, 38, 1, 1, 1, 1, 1, 0, 0, 1, 0, 0, 0, 0, 0, 0, 1),
	(1, 39, 1, 1, 1, 1, 1, 0, 0, 1, 0, 0, 0, 0, 0, 0, 1),
	(1, 40, 1, 1, 1, 1, 1, 0, 0, 1, 0, 0, 0, 0, 0, 0, 1),
	(1, 41, 1, 1, 1, 1, 1, 0, 0, 1, 0, 0, 0, 0, 0, 0, 1),
	(1, 52, 1, 1, 1, 1, 1, 0, 0, 1, 0, 0, 0, 0, 0, 0, 1),
	(1, 42, 1, 1, 1, 1, 1, 0, 0, 1, 0, 0, 0, 0, 0, 0, 1),
	(1, 43, 1, 1, 1, 1, 1, 0, 0, 1, 0, 0, 0, 0, 0, 0, 1),
	(1, 44, 1, 1, 1, 1, 1, 0, 0, 1, 0, 0, 0, 0, 0, 0, 1),
	(1, 45, 1, 1, 1, 1, 1, 0, 0, 1, 0, 0, 0, 0, 0, 0, 1),
	(1, 46, 1, 1, 1, 1, 1, 0, 0, 1, 0, 0, 0, 0, 0, 0, 1),
	(1, 47, 1, 1, 1, 1, 1, 0, 0, 1, 0, 0, 0, 0, 0, 0, 1),
	(1, 48, 1, 1, 1, 1, 1, 0, 0, 1, 0, 0, 0, 0, 0, 0, 1),
	(1, 49, 1, 1, 1, 1, 1, 0, 0, 1, 0, 0, 0, 0, 0, 0, 1),
	(1, 50, 1, 1, 1, 1, 1, 0, 0, 1, 0, 0, 0, 0, 0, 0, 1),
	(1, 51, 1, 1, 1, 1, 1, 0, 0, 1, 0, 0, 0, 0, 0, 0, 1),
	(1, 53, 1, 1, 1, 1, 1, 0, 0, 1, 0, 0, 0, 0, 0, 0, 1),
	(2, 1, 0, 0, 0, 0, 0, 0, 0, 0, 0, 0, 0, 0, 0, 0, 0),
	(2, 4, 0, 0, 0, 0, 0, 0, 0, 0, 0, 0, 0, 0, 0, 0, 0),
	(2, 5, 0, 0, 0, 0, 0, 0, 0, 0, 0, 0, 0, 0, 0, 0, 0),
	(2, 6, 0, 0, 0, 0, 0, 0, 0, 0, 0, 0, 0, 0, 0, 0, 0),
	(2, 7, 0, 0, 0, 0, 0, 0, 0, 0, 0, 0, 0, 0, 0, 0, 0),
	(2, 8, 0, 0, 0, 0, 0, 0, 0, 0, 0, 0, 0, 0, 0, 0, 0),
	(2, 9, 0, 0, 0, 0, 0, 0, 0, 0, 0, 0, 0, 0, 0, 0, 0),
	(2, 10, 0, 0, 0, 0, 0, 0, 0, 0, 0, 0, 0, 0, 0, 0, 0),
	(2, 11, 0, 0, 0, 0, 0, 0, 0, 0, 0, 0, 0, 0, 0, 0, 0),
	(2, 12, 0, 0, 0, 0, 0, 0, 0, 0, 0, 0, 0, 0, 0, 0, 0),
	(2, 2, 0, 0, 0, 0, 0, 0, 0, 0, 0, 0, 0, 0, 0, 0, 0),
	(2, 3, 0, 0, 0, 0, 0, 0, 0, 0, 0, 0, 0, 0, 0, 0, 0),
	(2, 13, 0, 0, 0, 0, 0, 0, 0, 0, 0, 0, 0, 0, 0, 0, 0),
	(2, 14, 0, 0, 0, 0, 0, 0, 0, 0, 0, 0, 0, 0, 0, 0, 0),
	(2, 15, 0, 0, 0, 0, 0, 0, 0, 0, 0, 0, 0, 0, 0, 0, 0),
	(2, 16, 0, 0, 0, 0, 0, 0, 0, 0, 0, 0, 0, 0, 0, 0, 0),
	(2, 17, 0, 0, 0, 0, 0, 0, 0, 0, 0, 0, 0, 0, 0, 0, 0),
	(2, 18, 0, 0, 0, 0, 0, 0, 0, 0, 0, 0, 0, 0, 0, 0, 0),
	(2, 19, 0, 0, 0, 0, 0, 0, 0, 0, 0, 0, 0, 0, 0, 0, 0),
	(2, 20, 0, 0, 0, 0, 0, 0, 0, 0, 0, 0, 0, 0, 0, 0, 0),
	(2, 21, 0, 0, 0, 0, 0, 0, 0, 0, 0, 0, 0, 0, 0, 0, 0),
	(2, 22, 0, 0, 0, 0, 0, 0, 0, 0, 0, 0, 0, 0, 0, 0, 0),
	(2, 23, 0, 0, 0, 0, 0, 0, 0, 0, 0, 0, 0, 0, 0, 0, 0),
	(2, 24, 0, 0, 0, 0, 0, 0, 0, 0, 0, 0, 0, 0, 0, 0, 0),
	(2, 25, 0, 0, 0, 0, 0, 0, 0, 0, 0, 0, 0, 0, 0, 0, 0),
	(2, 26, 0, 0, 0, 0, 0, 0, 0, 0, 0, 0, 0, 0, 0, 0, 0),
	(2, 27, 0, 0, 0, 0, 0, 0, 0, 0, 0, 0, 0, 0, 0, 0, 0),
	(2, 28, 0, 0, 0, 0, 0, 0, 0, 0, 0, 0, 0, 0, 0, 0, 0),
	(2, 29, 0, 0, 0, 0, 0, 0, 0, 0, 0, 0, 0, 0, 0, 0, 0),
	(2, 30, 0, 0, 0, 0, 0, 0, 0, 0, 0, 0, 0, 0, 0, 0, 0),
	(2, 31, 0, 0, 0, 0, 0, 0, 0, 0, 0, 0, 0, 0, 0, 0, 0),
	(2, 32, 0, 0, 0, 0, 0, 0, 0, 0, 0, 0, 0, 0, 0, 0, 0),
	(2, 33, 0, 0, 0, 0, 0, 0, 0, 0, 0, 0, 0, 0, 0, 0, 0),
	(2, 34, 0, 0, 0, 0, 0, 0, 0, 0, 0, 0, 0, 0, 0, 0, 0),
	(2, 35, 0, 0, 0, 0, 0, 0, 0, 0, 0, 0, 0, 0, 0, 0, 0),
	(2, 36, 0, 0, 0, 0, 0, 0, 0, 0, 0, 0, 0, 0, 0, 0, 0),
	(2, 37, 0, 0, 0, 0, 0, 0, 0, 0, 0, 0, 0, 0, 0, 0, 0),
	(2, 38, 0, 0, 0, 0, 0, 0, 0, 0, 0, 0, 0, 0, 0, 0, 0),
	(2, 39, 0, 0, 0, 0, 0, 0, 0, 0, 0, 0, 0, 0, 0, 0, 0),
	(2, 40, 0, 0, 0, 0, 0, 0, 0, 0, 0, 0, 0, 0, 0, 0, 0),
	(2, 41, 0, 0, 0, 0, 0, 0, 0, 0, 0, 0, 0, 0, 0, 0, 0),
	(2, 42, 0, 0, 0, 0, 0, 0, 0, 0, 0, 0, 0, 0, 0, 0, 0),
	(2, 43, 0, 0, 0, 0, 0, 0, 0, 0, 0, 0, 0, 0, 0, 0, 0),
	(2, 44, 0, 0, 0, 0, 0, 0, 0, 0, 0, 0, 0, 0, 0, 0, 0),
	(2, 45, 0, 0, 0, 0, 0, 0, 0, 0, 0, 0, 0, 0, 0, 0, 0),
	(2, 46, 0, 0, 0, 0, 0, 0, 0, 0, 0, 0, 0, 0, 0, 0, 0),
	(2, 47, 0, 0, 0, 0, 0, 0, 0, 0, 0, 0, 0, 0, 0, 0, 0),
	(2, 48, 0, 0, 0, 0, 0, 0, 0, 0, 0, 0, 0, 0, 0, 0, 0),
	(2, 49, 0, 0, 0, 0, 0, 0, 0, 0, 0, 0, 0, 0, 0, 0, 0),
	(2, 50, 0, 0, 0, 0, 0, 0, 0, 0, 0, 0, 0, 0, 0, 0, 0),
	(2, 51, 0, 0, 0, 0, 0, 0, 0, 0, 0, 0, 0, 0, 0, 0, 0),
	(2, 52, 0, 0, 0, 0, 0, 0, 0, 0, 0, 0, 0, 0, 0, 0, 0),
	(2, 53, 0, 0, 0, 0, 0, 0, 0, 0, 0, 0, 0, 0, 0, 0, 0),
	(3, 1, 0, 0, 0, 0, 0, 0, 0, 0, 0, 0, 0, 0, 0, 0, 0),
	(3, 4, 0, 0, 0, 0, 0, 0, 0, 0, 0, 0, 0, 0, 0, 0, 0),
	(3, 5, 0, 0, 0, 0, 0, 0, 0, 0, 0, 0, 0, 0, 0, 0, 0),
	(3, 6, 0, 0, 0, 0, 0, 0, 0, 0, 0, 0, 0, 0, 0, 0, 0),
	(3, 7, 0, 0, 0, 0, 0, 0, 0, 0, 0, 0, 0, 0, 0, 0, 0),
	(3, 8, 0, 0, 0, 0, 0, 0, 0, 0, 0, 0, 0, 0, 0, 0, 0),
	(3, 9, 0, 0, 0, 0, 0, 0, 0, 0, 0, 0, 0, 0, 0, 0, 0),
	(3, 10, 0, 0, 0, 0, 0, 0, 0, 0, 0, 0, 0, 0, 0, 0, 0),
	(3, 11, 0, 0, 0, 0, 0, 0, 0, 0, 0, 0, 0, 0, 0, 0, 0),
	(3, 12, 0, 0, 0, 0, 0, 0, 0, 0, 0, 0, 0, 0, 0, 0, 0),
	(3, 2, 0, 0, 0, 0, 0, 0, 0, 0, 0, 0, 0, 0, 0, 0, 0),
	(3, 3, 0, 0, 0, 0, 0, 0, 0, 0, 0, 0, 0, 0, 0, 0, 0),
	(3, 13, 0, 0, 0, 0, 0, 0, 0, 0, 0, 0, 0, 0, 0, 0, 0),
	(3, 14, 0, 0, 0, 0, 0, 0, 0, 0, 0, 0, 0, 0, 0, 0, 0),
	(3, 15, 0, 0, 0, 0, 0, 0, 0, 0, 0, 0, 0, 0, 0, 0, 0),
	(3, 16, 0, 0, 0, 0, 0, 0, 0, 0, 0, 0, 0, 0, 0, 0, 0),
	(3, 17, 0, 0, 0, 0, 0, 0, 0, 0, 0, 0, 0, 0, 0, 0, 0),
	(3, 18, 0, 0, 0, 0, 0, 0, 0, 0, 0, 0, 0, 0, 0, 0, 0),
	(3, 19, 0, 0, 0, 0, 0, 0, 0, 0, 0, 0, 0, 0, 0, 0, 0),
	(3, 20, 0, 0, 0, 0, 0, 0, 0, 0, 0, 0, 0, 0, 0, 0, 0),
	(3, 21, 0, 0, 0, 0, 0, 0, 0, 0, 0, 0, 0, 0, 0, 0, 0),
	(3, 22, 0, 0, 0, 0, 0, 0, 0, 0, 0, 0, 0, 0, 0, 0, 0),
	(3, 23, 0, 0, 0, 0, 0, 0, 0, 0, 0, 0, 0, 0, 0, 0, 0),
	(3, 24, 0, 0, 0, 0, 0, 0, 0, 0, 0, 0, 0, 0, 0, 0, 0),
	(3, 25, 0, 0, 0, 0, 0, 0, 0, 0, 0, 0, 0, 0, 0, 0, 0),
	(3, 26, 0, 0, 0, 0, 0, 0, 0, 0, 0, 0, 0, 0, 0, 0, 0),
	(3, 27, 0, 0, 0, 0, 0, 0, 0, 0, 0, 0, 0, 0, 0, 0, 0),
	(3, 28, 0, 0, 0, 0, 0, 0, 0, 0, 0, 0, 0, 0, 0, 0, 0),
	(3, 29, 0, 0, 0, 0, 0, 0, 0, 0, 0, 0, 0, 0, 0, 0, 0),
	(3, 30, 0, 0, 0, 0, 0, 0, 0, 0, 0, 0, 0, 0, 0, 0, 0),
	(3, 31, 0, 0, 0, 0, 0, 0, 0, 0, 0, 0, 0, 0, 0, 0, 0),
	(3, 32, 0, 0, 0, 0, 0, 0, 0, 0, 0, 0, 0, 0, 0, 0, 0),
	(3, 33, 0, 0, 0, 0, 0, 0, 0, 0, 0, 0, 0, 0, 0, 0, 0),
	(3, 34, 0, 0, 0, 0, 0, 0, 0, 0, 0, 0, 0, 0, 0, 0, 0),
	(3, 35, 0, 0, 0, 0, 0, 0, 0, 0, 0, 0, 0, 0, 0, 0, 0),
	(3, 36, 0, 0, 0, 0, 0, 0, 0, 0, 0, 0, 0, 0, 0, 0, 0),
	(3, 37, 0, 0, 0, 0, 0, 0, 0, 0, 0, 0, 0, 0, 0, 0, 0),
	(3, 38, 0, 0, 0, 0, 0, 0, 0, 0, 0, 0, 0, 0, 0, 0, 0),
	(3, 39, 0, 0, 0, 0, 0, 0, 0, 0, 0, 0, 0, 0, 0, 0, 0),
	(3, 40, 0, 0, 0, 0, 0, 0, 0, 0, 0, 0, 0, 0, 0, 0, 0),
	(3, 41, 0, 0, 0, 0, 0, 0, 0, 0, 0, 0, 0, 0, 0, 0, 0),
	(3, 42, 0, 0, 0, 0, 0, 0, 0, 0, 0, 0, 0, 0, 0, 0, 0),
	(3, 43, 0, 0, 0, 0, 0, 0, 0, 0, 0, 0, 0, 0, 0, 0, 0),
	(3, 44, 0, 0, 0, 0, 0, 0, 0, 0, 0, 0, 0, 0, 0, 0, 0),
	(3, 45, 0, 0, 0, 0, 0, 0, 0, 0, 0, 0, 0, 0, 0, 0, 0),
	(3, 46, 0, 0, 0, 0, 0, 0, 0, 0, 0, 0, 0, 0, 0, 0, 0),
	(3, 47, 0, 0, 0, 0, 0, 0, 0, 0, 0, 0, 0, 0, 0, 0, 0),
	(3, 48, 0, 0, 0, 0, 0, 0, 0, 0, 0, 0, 0, 0, 0, 0, 0),
	(3, 49, 0, 0, 0, 0, 0, 0, 0, 0, 0, 0, 0, 0, 0, 0, 0),
	(3, 50, 0, 0, 0, 0, 0, 0, 0, 0, 0, 0, 0, 0, 0, 0, 0),
	(3, 51, 0, 0, 0, 0, 0, 0, 0, 0, 0, 0, 0, 0, 0, 0, 0),
	(3, 52, 0, 0, 0, 0, 0, 0, 0, 0, 0, 0, 0, 0, 0, 0, 0),
	(3, 53, 0, 0, 0, 0, 0, 0, 0, 0, 0, 0, 0, 0, 0, 0, 0),
	(4, 1, 0, 0, 0, 0, 0, 0, 0, 0, 0, 0, 0, 0, 0, 0, 0),
	(4, 6, 0, 0, 0, 0, 0, 0, 0, 0, 0, 0, 0, 0, 0, 0, 0),
	(4, 7, 0, 0, 0, 0, 0, 0, 0, 0, 0, 0, 0, 0, 0, 0, 0),
	(4, 8, 0, 0, 0, 0, 0, 0, 0, 0, 0, 0, 0, 0, 0, 0, 0),
	(4, 9, 0, 0, 0, 0, 0, 0, 0, 0, 0, 0, 0, 0, 0, 0, 0),
	(4, 10, 0, 0, 0, 0, 0, 0, 0, 0, 0, 0, 0, 0, 0, 0, 0),
	(4, 11, 0, 0, 0, 0, 0, 0, 0, 0, 0, 0, 0, 0, 0, 0, 0),
	(4, 12, 0, 0, 0, 0, 0, 0, 0, 0, 0, 0, 0, 0, 0, 0, 0),
	(4, 2, 0, 0, 0, 0, 0, 0, 0, 0, 0, 0, 0, 0, 0, 0, 0),
	(4, 3, 0, 0, 0, 0, 0, 0, 0, 0, 0, 0, 0, 0, 0, 0, 0),
	(4, 4, 0, 0, 0, 0, 0, 0, 0, 0, 0, 0, 0, 0, 0, 0, 0),
	(4, 5, 0, 0, 0, 0, 0, 0, 0, 0, 0, 0, 0, 0, 0, 0, 0),
	(4, 13, 0, 0, 0, 0, 0, 0, 0, 0, 0, 0, 0, 0, 0, 0, 0),
	(4, 14, 0, 0, 0, 0, 0, 0, 0, 0, 0, 0, 0, 0, 0, 0, 0),
	(4, 15, 0, 0, 0, 0, 0, 0, 0, 0, 0, 0, 0, 0, 0, 0, 0),
	(4, 16, 0, 0, 0, 0, 0, 0, 0, 0, 0, 0, 0, 0, 0, 0, 0),
	(4, 17, 0, 0, 0, 0, 0, 0, 0, 0, 0, 0, 0, 0, 0, 0, 0),
	(4, 18, 0, 0, 0, 0, 0, 0, 0, 0, 0, 0, 0, 0, 0, 0, 0),
	(4, 19, 0, 0, 0, 0, 0, 0, 0, 0, 0, 0, 0, 0, 0, 0, 0),
	(4, 20, 0, 0, 0, 0, 0, 0, 0, 0, 0, 0, 0, 0, 0, 0, 0),
	(4, 21, 0, 0, 0, 0, 0, 0, 0, 0, 0, 0, 0, 0, 0, 0, 0),
	(4, 22, 0, 0, 0, 0, 0, 0, 0, 0, 0, 0, 0, 0, 0, 0, 0),
	(4, 23, 0, 0, 0, 0, 0, 0, 0, 0, 0, 0, 0, 0, 0, 0, 0),
	(4, 24, 0, 0, 0, 0, 0, 0, 0, 0, 0, 0, 0, 0, 0, 0, 0),
	(4, 25, 0, 0, 0, 0, 0, 0, 0, 0, 0, 0, 0, 0, 0, 0, 0),
	(4, 26, 0, 0, 0, 0, 0, 0, 0, 0, 0, 0, 0, 0, 0, 0, 0),
	(4, 27, 0, 0, 0, 0, 0, 0, 0, 0, 0, 0, 0, 0, 0, 0, 0),
	(4, 28, 0, 0, 0, 0, 0, 0, 0, 0, 0, 0, 0, 0, 0, 0, 0),
	(4, 29, 0, 0, 0, 0, 0, 0, 0, 0, 0, 0, 0, 0, 0, 0, 0),
	(4, 30, 0, 0, 0, 0, 0, 0, 0, 0, 0, 0, 0, 0, 0, 0, 0),
	(4, 31, 0, 0, 0, 0, 0, 0, 0, 0, 0, 0, 0, 0, 0, 0, 0),
	(4, 32, 0, 0, 0, 0, 0, 0, 0, 0, 0, 0, 0, 0, 0, 0, 0),
	(4, 33, 0, 0, 0, 0, 0, 0, 0, 0, 0, 0, 0, 0, 0, 0, 0),
	(4, 34, 0, 0, 0, 0, 0, 0, 0, 0, 0, 0, 0, 0, 0, 0, 0),
	(4, 35, 0, 0, 0, 0, 0, 0, 0, 0, 0, 0, 0, 0, 0, 0, 0),
	(4, 36, 0, 0, 0, 0, 0, 0, 0, 0, 0, 0, 0, 0, 0, 0, 0),
	(4, 37, 0, 0, 0, 0, 0, 0, 0, 0, 0, 0, 0, 0, 0, 0, 0),
	(4, 38, 0, 0, 0, 0, 0, 0, 0, 0, 0, 0, 0, 0, 0, 0, 0),
	(4, 39, 0, 0, 0, 0, 0, 0, 0, 0, 0, 0, 0, 0, 0, 0, 0),
	(4, 40, 0, 0, 0, 0, 0, 0, 0, 0, 0, 0, 0, 0, 0, 0, 0),
	(4, 41, 0, 0, 0, 0, 0, 0, 0, 0, 0, 0, 0, 0, 0, 0, 0),
	(4, 51, 0, 0, 0, 0, 0, 0, 0, 0, 0, 0, 0, 0, 0, 0, 0),
	(4, 52, 0, 0, 0, 0, 0, 0, 0, 0, 0, 0, 0, 0, 0, 0, 0),
	(4, 42, 0, 0, 0, 0, 0, 0, 0, 0, 0, 0, 0, 0, 0, 0, 0),
	(4, 43, 0, 0, 0, 0, 0, 0, 0, 0, 0, 0, 0, 0, 0, 0, 0),
	(4, 44, 0, 0, 0, 0, 0, 0, 0, 0, 0, 0, 0, 0, 0, 0, 0),
	(4, 45, 0, 0, 0, 0, 0, 0, 0, 0, 0, 0, 0, 0, 0, 0, 0),
	(4, 46, 0, 0, 0, 0, 0, 0, 0, 0, 0, 0, 0, 0, 0, 0, 0),
	(4, 47, 0, 0, 0, 0, 0, 0, 0, 0, 0, 0, 0, 0, 0, 0, 0),
	(4, 48, 0, 0, 0, 0, 0, 0, 0, 0, 0, 0, 0, 0, 0, 0, 0),
	(4, 49, 0, 0, 0, 0, 0, 0, 0, 0, 0, 0, 0, 0, 0, 0, 0),
	(4, 50, 0, 0, 0, 0, 0, 0, 0, 0, 0, 0, 0, 0, 0, 0, 0),
	(4, 53, 0, 0, 0, 0, 0, 0, 0, 0, 0, 0, 0, 0, 0, 0, 0),
	(5, 1, 0, 0, 0, 0, 0, 0, 0, 0, 0, 0, 0, 0, 0, 0, 0),
	(5, 4, 0, 0, 0, 0, 0, 0, 0, 0, 0, 0, 0, 0, 0, 0, 0),
	(5, 5, 0, 0, 0, 0, 0, 0, 0, 0, 0, 0, 0, 0, 0, 0, 0),
	(5, 6, 0, 0, 0, 0, 0, 0, 0, 0, 0, 0, 0, 0, 0, 0, 0),
	(5, 7, 0, 0, 0, 0, 0, 0, 0, 0, 0, 0, 0, 0, 0, 0, 0),
	(5, 8, 0, 0, 0, 0, 0, 0, 0, 0, 0, 0, 0, 0, 0, 0, 0),
	(5, 9, 0, 0, 0, 0, 0, 0, 0, 0, 0, 0, 0, 0, 0, 0, 0),
	(5, 10, 0, 0, 0, 0, 0, 0, 0, 0, 0, 0, 0, 0, 0, 0, 0),
	(5, 11, 0, 0, 0, 0, 0, 0, 0, 0, 0, 0, 0, 0, 0, 0, 0),
	(5, 12, 0, 0, 0, 0, 0, 0, 0, 0, 0, 0, 0, 0, 0, 0, 0),
	(5, 2, 0, 0, 0, 0, 0, 0, 0, 0, 0, 0, 0, 0, 0, 0, 0),
	(5, 3, 0, 0, 0, 0, 0, 0, 0, 0, 0, 0, 0, 0, 0, 0, 0),
	(5, 13, 0, 0, 0, 0, 0, 0, 0, 0, 0, 0, 0, 0, 0, 0, 0),
	(5, 14, 0, 0, 0, 0, 0, 0, 0, 0, 0, 0, 0, 0, 0, 0, 0),
	(5, 15, 0, 0, 0, 0, 0, 0, 0, 0, 0, 0, 0, 0, 0, 0, 0),
	(5, 16, 0, 0, 0, 0, 0, 0, 0, 0, 0, 0, 0, 0, 0, 0, 0),
	(5, 17, 0, 0, 0, 0, 0, 0, 0, 0, 0, 0, 0, 0, 0, 0, 0),
	(5, 18, 0, 0, 0, 0, 0, 0, 0, 0, 0, 0, 0, 0, 0, 0, 0),
	(5, 19, 0, 0, 0, 0, 0, 0, 0, 0, 0, 0, 0, 0, 0, 0, 0),
	(5, 20, 0, 0, 0, 0, 0, 0, 0, 0, 0, 0, 0, 0, 0, 0, 0),
	(5, 21, 0, 0, 0, 0, 0, 0, 0, 0, 0, 0, 0, 0, 0, 0, 0),
	(5, 22, 0, 0, 0, 0, 0, 0, 0, 0, 0, 0, 0, 0, 0, 0, 0),
	(5, 23, 0, 0, 0, 0, 0, 0, 0, 0, 0, 0, 0, 0, 0, 0, 0),
	(5, 24, 0, 0, 0, 0, 0, 0, 0, 0, 0, 0, 0, 0, 0, 0, 0),
	(5, 25, 0, 0, 0, 0, 0, 0, 0, 0, 0, 0, 0, 0, 0, 0, 0),
	(5, 26, 0, 0, 0, 0, 0, 0, 0, 0, 0, 0, 0, 0, 0, 0, 0),
	(5, 27, 0, 0, 0, 0, 0, 0, 0, 0, 0, 0, 0, 0, 0, 0, 0),
	(5, 28, 0, 0, 0, 0, 0, 0, 0, 0, 0, 0, 0, 0, 0, 0, 0),
	(5, 29, 0, 0, 0, 0, 0, 0, 0, 0, 0, 0, 0, 0, 0, 0, 0),
	(5, 30, 0, 0, 0, 0, 0, 0, 0, 0, 0, 0, 0, 0, 0, 0, 0),
	(5, 31, 0, 0, 0, 0, 0, 0, 0, 0, 0, 0, 0, 0, 0, 0, 0),
	(5, 32, 0, 0, 0, 0, 0, 0, 0, 0, 0, 0, 0, 0, 0, 0, 0),
	(5, 33, 0, 0, 0, 0, 0, 0, 0, 0, 0, 0, 0, 0, 0, 0, 0),
	(5, 34, 0, 0, 0, 0, 0, 0, 0, 0, 0, 0, 0, 0, 0, 0, 0),
	(5, 35, 0, 0, 0, 0, 0, 0, 0, 0, 0, 0, 0, 0, 0, 0, 0),
	(5, 36, 0, 0, 0, 0, 0, 0, 0, 0, 0, 0, 0, 0, 0, 0, 0),
	(5, 37, 0, 0, 0, 0, 0, 0, 0, 0, 0, 0, 0, 0, 0, 0, 0),
	(5, 38, 0, 0, 0, 0, 0, 0, 0, 0, 0, 0, 0, 0, 0, 0, 0),
	(5, 39, 0, 0, 0, 0, 0, 0, 0, 0, 0, 0, 0, 0, 0, 0, 0),
	(5, 40, 0, 0, 0, 0, 0, 0, 0, 0, 0, 0, 0, 0, 0, 0, 0),
	(5, 41, 0, 0, 0, 0, 0, 0, 0, 0, 0, 0, 0, 0, 0, 0, 0),
	(5, 42, 0, 0, 0, 0, 0, 0, 0, 0, 0, 0, 0, 0, 0, 0, 0),
	(5, 43, 0, 0, 0, 0, 0, 0, 0, 0, 0, 0, 0, 0, 0, 0, 0),
	(5, 44, 0, 0, 0, 0, 0, 0, 0, 0, 0, 0, 0, 0, 0, 0, 0),
	(5, 45, 0, 0, 0, 0, 0, 0, 0, 0, 0, 0, 0, 0, 0, 0, 0),
	(5, 46, 0, 0, 0, 0, 0, 0, 0, 0, 0, 0, 0, 0, 0, 0, 0),
	(5, 47, 0, 0, 0, 0, 0, 0, 0, 0, 0, 0, 0, 0, 0, 0, 0),
	(5, 48, 0, 0, 0, 0, 0, 0, 0, 0, 0, 0, 0, 0, 0, 0, 0),
	(5, 49, 0, 0, 0, 0, 0, 0, 0, 0, 0, 0, 0, 0, 0, 0, 0),
	(5, 50, 0, 0, 0, 0, 0, 0, 0, 0, 0, 0, 0, 0, 0, 0, 0),
	(5, 51, 0, 0, 0, 0, 0, 0, 0, 0, 0, 0, 0, 0, 0, 0, 0),
	(5, 52, 0, 0, 0, 0, 0, 0, 0, 0, 0, 0, 0, 0, 0, 0, 0),
	(5, 53, 0, 0, 0, 0, 0, 0, 0, 0, 0, 0, 0, 0, 0, 0, 0),
	(6, 1, 0, 0, 0, 0, 0, 0, 0, 0, 0, 0, 0, 0, 0, 0, 0),
	(6, 4, 0, 0, 0, 0, 0, 0, 0, 0, 0, 0, 0, 0, 0, 0, 0),
	(6, 5, 0, 0, 0, 0, 0, 0, 0, 0, 0, 0, 0, 0, 0, 0, 0),
	(6, 6, 0, 0, 0, 0, 0, 0, 0, 0, 0, 0, 0, 0, 0, 0, 0),
	(6, 7, 0, 0, 0, 0, 0, 0, 0, 0, 0, 0, 0, 0, 0, 0, 0),
	(6, 8, 0, 0, 0, 0, 0, 0, 0, 0, 0, 0, 0, 0, 0, 0, 0),
	(6, 9, 0, 0, 0, 0, 0, 0, 0, 0, 0, 0, 0, 0, 0, 0, 0),
	(6, 10, 0, 0, 0, 0, 0, 0, 0, 0, 0, 0, 0, 0, 0, 0, 0),
	(6, 11, 0, 0, 0, 0, 0, 0, 0, 0, 0, 0, 0, 0, 0, 0, 0),
	(6, 12, 0, 0, 0, 0, 0, 0, 0, 0, 0, 0, 0, 0, 0, 0, 0),
	(6, 2, 0, 0, 0, 0, 0, 0, 0, 0, 0, 0, 0, 0, 0, 0, 0),
	(6, 3, 0, 0, 0, 0, 0, 0, 0, 0, 0, 0, 0, 0, 0, 0, 0),
	(6, 13, 0, 0, 0, 0, 0, 0, 0, 0, 0, 0, 0, 0, 0, 0, 0),
	(6, 14, 0, 0, 0, 0, 0, 0, 0, 0, 0, 0, 0, 0, 0, 0, 0),
	(6, 15, 0, 0, 0, 0, 0, 0, 0, 0, 0, 0, 0, 0, 0, 0, 0),
	(6, 16, 0, 0, 0, 0, 0, 0, 0, 0, 0, 0, 0, 0, 0, 0, 0),
	(6, 17, 0, 0, 0, 0, 0, 0, 0, 0, 0, 0, 0, 0, 0, 0, 0),
	(6, 18, 0, 0, 0, 0, 0, 0, 0, 0, 0, 0, 0, 0, 0, 0, 0),
	(6, 19, 0, 0, 0, 0, 0, 0, 0, 0, 0, 0, 0, 0, 0, 0, 0),
	(6, 20, 0, 0, 0, 0, 0, 0, 0, 0, 0, 0, 0, 0, 0, 0, 0),
	(6, 21, 0, 0, 0, 0, 0, 0, 0, 0, 0, 0, 0, 0, 0, 0, 0),
	(6, 22, 0, 0, 0, 0, 0, 0, 0, 0, 0, 0, 0, 0, 0, 0, 0),
	(6, 23, 0, 0, 0, 0, 0, 0, 0, 0, 0, 0, 0, 0, 0, 0, 0),
	(6, 24, 0, 0, 0, 0, 0, 0, 0, 0, 0, 0, 0, 0, 0, 0, 0),
	(6, 25, 0, 0, 0, 0, 0, 0, 0, 0, 0, 0, 0, 0, 0, 0, 0),
	(6, 26, 0, 0, 0, 0, 0, 0, 0, 0, 0, 0, 0, 0, 0, 0, 0),
	(6, 27, 0, 0, 0, 0, 0, 0, 0, 0, 0, 0, 0, 0, 0, 0, 0),
	(6, 28, 0, 0, 0, 0, 0, 0, 0, 0, 0, 0, 0, 0, 0, 0, 0),
	(6, 29, 0, 0, 0, 0, 0, 0, 0, 0, 0, 0, 0, 0, 0, 0, 0),
	(6, 30, 0, 0, 0, 0, 0, 0, 0, 0, 0, 0, 0, 0, 0, 0, 0),
	(6, 31, 0, 0, 0, 0, 0, 0, 0, 0, 0, 0, 0, 0, 0, 0, 0),
	(6, 32, 0, 0, 0, 0, 0, 0, 0, 0, 0, 0, 0, 0, 0, 0, 0),
	(6, 33, 0, 0, 0, 0, 0, 0, 0, 0, 0, 0, 0, 0, 0, 0, 0),
	(6, 34, 0, 0, 0, 0, 0, 0, 0, 0, 0, 0, 0, 0, 0, 0, 0),
	(6, 35, 0, 0, 0, 0, 0, 0, 0, 0, 0, 0, 0, 0, 0, 0, 0),
	(6, 36, 0, 0, 0, 0, 0, 0, 0, 0, 0, 0, 0, 0, 0, 0, 0),
	(6, 37, 0, 0, 0, 0, 0, 0, 0, 0, 0, 0, 0, 0, 0, 0, 0),
	(6, 38, 0, 0, 0, 0, 0, 0, 0, 0, 0, 0, 0, 0, 0, 0, 0),
	(6, 39, 0, 0, 0, 0, 0, 0, 0, 0, 0, 0, 0, 0, 0, 0, 0),
	(6, 40, 0, 0, 0, 0, 0, 0, 0, 0, 0, 0, 0, 0, 0, 0, 0),
	(6, 41, 0, 0, 0, 0, 0, 0, 0, 0, 0, 0, 0, 0, 0, 0, 0),
	(6, 42, 0, 0, 0, 0, 0, 0, 0, 0, 0, 0, 0, 0, 0, 0, 0),
	(6, 43, 0, 0, 0, 0, 0, 0, 0, 0, 0, 0, 0, 0, 0, 0, 0),
	(6, 44, 0, 0, 0, 0, 0, 0, 0, 0, 0, 0, 0, 0, 0, 0, 0),
	(6, 45, 0, 0, 0, 0, 0, 0, 0, 0, 0, 0, 0, 0, 0, 0, 0),
	(6, 46, 0, 0, 0, 0, 0, 0, 0, 0, 0, 0, 0, 0, 0, 0, 0),
	(6, 47, 0, 0, 0, 0, 0, 0, 0, 0, 0, 0, 0, 0, 0, 0, 0),
	(6, 48, 0, 0, 0, 0, 0, 0, 0, 0, 0, 0, 0, 0, 0, 0, 0),
	(6, 49, 0, 0, 0, 0, 0, 0, 0, 0, 0, 0, 0, 0, 0, 0, 0),
	(6, 50, 0, 0, 0, 0, 0, 0, 0, 0, 0, 0, 0, 0, 0, 0, 0),
	(6, 51, 0, 0, 0, 0, 0, 0, 0, 0, 0, 0, 0, 0, 0, 0, 0),
	(6, 52, 0, 0, 0, 0, 0, 0, 0, 0, 0, 0, 0, 0, 0, 0, 0),
	(6, 53, 0, 0, 0, 0, 0, 0, 0, 0, 0, 0, 0, 0, 0, 0, 0),
	(7, 1, 0, 0, 0, 0, 0, 0, 0, 0, 0, 0, 0, 0, 0, 0, 0),
	(7, 4, 0, 0, 0, 0, 0, 0, 0, 0, 0, 0, 0, 0, 0, 0, 0),
	(7, 5, 0, 0, 0, 0, 0, 0, 0, 0, 0, 0, 0, 0, 0, 0, 0),
	(7, 6, 0, 0, 0, 0, 0, 0, 0, 0, 0, 0, 0, 0, 0, 0, 0),
	(7, 7, 0, 0, 0, 0, 0, 0, 0, 0, 0, 0, 0, 0, 0, 0, 0),
	(7, 8, 0, 0, 0, 0, 0, 0, 0, 0, 0, 0, 0, 0, 0, 0, 0),
	(7, 9, 0, 0, 0, 0, 0, 0, 0, 0, 0, 0, 0, 0, 0, 0, 0),
	(7, 10, 0, 0, 0, 0, 0, 0, 0, 0, 0, 0, 0, 0, 0, 0, 0),
	(7, 11, 0, 0, 0, 0, 0, 0, 0, 0, 0, 0, 0, 0, 0, 0, 0),
	(7, 12, 0, 0, 0, 0, 0, 0, 0, 0, 0, 0, 0, 0, 0, 0, 0),
	(7, 2, 0, 0, 0, 0, 0, 0, 0, 0, 0, 0, 0, 0, 0, 0, 0),
	(7, 3, 0, 0, 0, 0, 0, 0, 0, 0, 0, 0, 0, 0, 0, 0, 0),
	(7, 13, 0, 0, 0, 0, 0, 0, 0, 0, 0, 0, 0, 0, 0, 0, 0),
	(7, 14, 0, 0, 0, 0, 0, 0, 0, 0, 0, 0, 0, 0, 0, 0, 0),
	(7, 15, 0, 0, 0, 0, 0, 0, 0, 0, 0, 0, 0, 0, 0, 0, 0),
	(7, 16, 0, 0, 0, 0, 0, 0, 0, 0, 0, 0, 0, 0, 0, 0, 0),
	(7, 17, 0, 0, 0, 0, 0, 0, 0, 0, 0, 0, 0, 0, 0, 0, 0),
	(7, 18, 0, 0, 0, 0, 0, 0, 0, 0, 0, 0, 0, 0, 0, 0, 0),
	(7, 19, 0, 0, 0, 0, 0, 0, 0, 0, 0, 0, 0, 0, 0, 0, 0),
	(7, 20, 0, 0, 0, 0, 0, 0, 0, 0, 0, 0, 0, 0, 0, 0, 0),
	(7, 21, 0, 0, 0, 0, 0, 0, 0, 0, 0, 0, 0, 0, 0, 0, 0),
	(7, 22, 0, 0, 0, 0, 0, 0, 0, 0, 0, 0, 0, 0, 0, 0, 0),
	(7, 23, 0, 0, 0, 0, 0, 0, 0, 0, 0, 0, 0, 0, 0, 0, 0),
	(7, 24, 0, 0, 0, 0, 0, 0, 0, 0, 0, 0, 0, 0, 0, 0, 0),
	(7, 25, 0, 0, 0, 0, 0, 0, 0, 0, 0, 0, 0, 0, 0, 0, 0),
	(7, 26, 0, 0, 0, 0, 0, 0, 0, 0, 0, 0, 0, 0, 0, 0, 0),
	(7, 27, 0, 0, 0, 0, 0, 0, 0, 0, 0, 0, 0, 0, 0, 0, 0),
	(7, 28, 0, 0, 0, 0, 0, 0, 0, 0, 0, 0, 0, 0, 0, 0, 0),
	(7, 29, 0, 0, 0, 0, 0, 0, 0, 0, 0, 0, 0, 0, 0, 0, 0),
	(7, 30, 0, 0, 0, 0, 0, 0, 0, 0, 0, 0, 0, 0, 0, 0, 0),
	(7, 31, 0, 0, 0, 0, 0, 0, 0, 0, 0, 0, 0, 0, 0, 0, 0),
	(7, 32, 0, 0, 0, 0, 0, 0, 0, 0, 0, 0, 0, 0, 0, 0, 0),
	(7, 33, 0, 0, 0, 0, 0, 0, 0, 0, 0, 0, 0, 0, 0, 0, 0),
	(7, 34, 0, 0, 0, 0, 0, 0, 0, 0, 0, 0, 0, 0, 0, 0, 0),
	(7, 35, 0, 0, 0, 0, 0, 0, 0, 0, 0, 0, 0, 0, 0, 0, 0),
	(7, 36, 0, 0, 0, 0, 0, 0, 0, 0, 0, 0, 0, 0, 0, 0, 0),
	(7, 37, 0, 0, 0, 0, 0, 0, 0, 0, 0, 0, 0, 0, 0, 0, 0),
	(7, 38, 0, 0, 0, 0, 0, 0, 0, 0, 0, 0, 0, 0, 0, 0, 0),
	(7, 39, 0, 0, 0, 0, 0, 0, 0, 0, 0, 0, 0, 0, 0, 0, 0),
	(7, 40, 0, 0, 0, 0, 0, 0, 0, 0, 0, 0, 0, 0, 0, 0, 0),
	(7, 41, 0, 0, 0, 0, 0, 0, 0, 0, 0, 0, 0, 0, 0, 0, 0),
	(7, 42, 0, 0, 0, 0, 0, 0, 0, 0, 0, 0, 0, 0, 0, 0, 0),
	(7, 43, 0, 0, 0, 0, 0, 0, 0, 0, 0, 0, 0, 0, 0, 0, 0),
	(7, 44, 0, 0, 0, 0, 0, 0, 0, 0, 0, 0, 0, 0, 0, 0, 0),
	(7, 45, 0, 0, 0, 0, 0, 0, 0, 0, 0, 0, 0, 0, 0, 0, 0),
	(7, 46, 0, 0, 0, 0, 0, 0, 0, 0, 0, 0, 0, 0, 0, 0, 0),
	(7, 47, 0, 0, 0, 0, 0, 0, 0, 0, 0, 0, 0, 0, 0, 0, 0),
	(7, 48, 0, 0, 0, 0, 0, 0, 0, 0, 0, 0, 0, 0, 0, 0, 0),
	(7, 49, 0, 0, 0, 0, 0, 0, 0, 0, 0, 0, 0, 0, 0, 0, 0),
	(7, 50, 0, 0, 0, 0, 0, 0, 0, 0, 0, 0, 0, 0, 0, 0, 0),
	(7, 51, 0, 0, 0, 0, 0, 0, 0, 0, 0, 0, 0, 0, 0, 0, 0),
	(7, 52, 0, 0, 0, 0, 0, 0, 0, 0, 0, 0, 0, 0, 0, 0, 0),
	(7, 53, 0, 0, 0, 0, 0, 0, 0, 0, 0, 0, 0, 0, 0, 0, 0),
	(8, 1, 0, 0, 0, 0, 0, 0, 0, 0, 0, 0, 0, 0, 0, 0, 0),
	(8, 4, 0, 0, 0, 0, 0, 0, 0, 0, 0, 0, 0, 0, 0, 0, 0),
	(8, 5, 0, 0, 0, 0, 0, 0, 0, 0, 0, 0, 0, 0, 0, 0, 0),
	(8, 6, 0, 0, 0, 0, 0, 0, 0, 0, 0, 0, 0, 0, 0, 0, 0),
	(8, 7, 0, 0, 0, 0, 0, 0, 0, 0, 0, 0, 0, 0, 0, 0, 0),
	(8, 8, 0, 0, 0, 0, 0, 0, 0, 0, 0, 0, 0, 0, 0, 0, 0),
	(8, 9, 0, 0, 0, 0, 0, 0, 0, 0, 0, 0, 0, 0, 0, 0, 0),
	(8, 10, 0, 0, 0, 0, 0, 0, 0, 0, 0, 0, 0, 0, 0, 0, 0),
	(8, 11, 0, 0, 0, 0, 0, 0, 0, 0, 0, 0, 0, 0, 0, 0, 0),
	(8, 12, 0, 0, 0, 0, 0, 0, 0, 0, 0, 0, 0, 0, 0, 0, 0),
	(8, 2, 0, 0, 0, 0, 0, 0, 0, 0, 0, 0, 0, 0, 0, 0, 0),
	(8, 3, 0, 0, 0, 0, 0, 0, 0, 0, 0, 0, 0, 0, 0, 0, 0),
	(8, 13, 0, 0, 0, 0, 0, 0, 0, 0, 0, 0, 0, 0, 0, 0, 0),
	(8, 14, 0, 0, 0, 0, 0, 0, 0, 0, 0, 0, 0, 0, 0, 0, 0),
	(8, 15, 0, 0, 0, 0, 0, 0, 0, 0, 0, 0, 0, 0, 0, 0, 0),
	(8, 16, 0, 0, 0, 0, 0, 0, 0, 0, 0, 0, 0, 0, 0, 0, 0),
	(8, 17, 0, 0, 0, 0, 0, 0, 0, 0, 0, 0, 0, 0, 0, 0, 0),
	(8, 18, 0, 0, 0, 0, 0, 0, 0, 0, 0, 0, 0, 0, 0, 0, 0),
	(8, 19, 0, 0, 0, 0, 0, 0, 0, 0, 0, 0, 0, 0, 0, 0, 0),
	(8, 20, 0, 0, 0, 0, 0, 0, 0, 0, 0, 0, 0, 0, 0, 0, 0),
	(8, 21, 0, 0, 0, 0, 0, 0, 0, 0, 0, 0, 0, 0, 0, 0, 0),
	(8, 22, 0, 0, 0, 0, 0, 0, 0, 0, 0, 0, 0, 0, 0, 0, 0),
	(8, 23, 0, 0, 0, 0, 0, 0, 0, 0, 0, 0, 0, 0, 0, 0, 0),
	(8, 24, 0, 0, 0, 0, 0, 0, 0, 0, 0, 0, 0, 0, 0, 0, 0),
	(8, 25, 0, 0, 0, 0, 0, 0, 0, 0, 0, 0, 0, 0, 0, 0, 0),
	(8, 26, 0, 0, 0, 0, 0, 0, 0, 0, 0, 0, 0, 0, 0, 0, 0),
	(8, 27, 0, 0, 0, 0, 0, 0, 0, 0, 0, 0, 0, 0, 0, 0, 0),
	(8, 28, 0, 0, 0, 0, 0, 0, 0, 0, 0, 0, 0, 0, 0, 0, 0),
	(8, 29, 0, 0, 0, 0, 0, 0, 0, 0, 0, 0, 0, 0, 0, 0, 0),
	(8, 30, 0, 0, 0, 0, 0, 0, 0, 0, 0, 0, 0, 0, 0, 0, 0),
	(8, 31, 0, 0, 0, 0, 0, 0, 0, 0, 0, 0, 0, 0, 0, 0, 0),
	(8, 32, 0, 0, 0, 0, 0, 0, 0, 0, 0, 0, 0, 0, 0, 0, 0),
	(8, 33, 0, 0, 0, 0, 0, 0, 0, 0, 0, 0, 0, 0, 0, 0, 0),
	(8, 34, 0, 0, 0, 0, 0, 0, 0, 0, 0, 0, 0, 0, 0, 0, 0),
	(8, 35, 0, 0, 0, 0, 0, 0, 0, 0, 0, 0, 0, 0, 0, 0, 0),
	(8, 36, 0, 0, 0, 0, 0, 0, 0, 0, 0, 0, 0, 0, 0, 0, 0),
	(8, 37, 0, 0, 0, 0, 0, 0, 0, 0, 0, 0, 0, 0, 0, 0, 0),
	(8, 38, 0, 0, 0, 0, 0, 0, 0, 0, 0, 0, 0, 0, 0, 0, 0),
	(8, 39, 0, 0, 0, 0, 0, 0, 0, 0, 0, 0, 0, 0, 0, 0, 0),
	(8, 40, 0, 0, 0, 0, 0, 0, 0, 0, 0, 0, 0, 0, 0, 0, 0),
	(8, 41, 0, 0, 0, 0, 0, 0, 0, 0, 0, 0, 0, 0, 0, 0, 0),
	(8, 42, 0, 0, 0, 0, 0, 0, 0, 0, 0, 0, 0, 0, 0, 0, 0),
	(8, 43, 0, 0, 0, 0, 0, 0, 0, 0, 0, 0, 0, 0, 0, 0, 0),
	(8, 44, 0, 0, 0, 0, 0, 0, 0, 0, 0, 0, 0, 0, 0, 0, 0),
	(8, 45, 0, 0, 0, 0, 0, 0, 0, 0, 0, 0, 0, 0, 0, 0, 0),
	(8, 46, 0, 0, 0, 0, 0, 0, 0, 0, 0, 0, 0, 0, 0, 0, 0),
	(8, 47, 0, 0, 0, 0, 0, 0, 0, 0, 0, 0, 0, 0, 0, 0, 0),
	(8, 48, 0, 0, 0, 0, 0, 0, 0, 0, 0, 0, 0, 0, 0, 0, 0),
	(8, 49, 0, 0, 0, 0, 0, 0, 0, 0, 0, 0, 0, 0, 0, 0, 0),
	(8, 50, 0, 0, 0, 0, 0, 0, 0, 0, 0, 0, 0, 0, 0, 0, 0),
	(8, 51, 0, 0, 0, 0, 0, 0, 0, 0, 0, 0, 0, 0, 0, 0, 0),
	(8, 52, 0, 0, 0, 0, 0, 0, 0, 0, 0, 0, 0, 0, 0, 0, 0),
	(8, 53, 0, 0, 0, 0, 0, 0, 0, 0, 0, 0, 0, 0, 0, 0, 0),
	(9, 1, 0, 0, 0, 0, 0, 0, 0, 0, 0, 0, 0, 0, 0, 0, 0),
	(9, 4, 0, 0, 0, 0, 0, 0, 0, 0, 0, 0, 0, 0, 0, 0, 0),
	(9, 5, 0, 0, 0, 0, 0, 0, 0, 0, 0, 0, 0, 0, 0, 0, 0),
	(9, 6, 0, 0, 0, 0, 0, 0, 0, 0, 0, 0, 0, 0, 0, 0, 0),
	(9, 7, 0, 0, 0, 0, 0, 0, 0, 0, 0, 0, 0, 0, 0, 0, 0),
	(9, 8, 0, 0, 0, 0, 0, 0, 0, 0, 0, 0, 0, 0, 0, 0, 0),
	(9, 9, 1, 0, 0, 0, 0, 0, 0, 0, 0, 0, 0, 0, 0, 0, 0),
	(9, 10, 0, 0, 0, 0, 0, 0, 0, 0, 0, 0, 0, 0, 0, 0, 0),
	(9, 11, 0, 0, 0, 0, 0, 0, 0, 0, 0, 0, 0, 0, 0, 0, 0),
	(9, 12, 0, 0, 0, 0, 0, 0, 0, 0, 0, 0, 0, 0, 0, 0, 0),
	(9, 2, 0, 0, 0, 0, 0, 0, 0, 0, 0, 0, 0, 0, 0, 0, 0),
	(9, 3, 0, 0, 0, 0, 0, 0, 0, 0, 0, 0, 0, 0, 0, 0, 0),
	(9, 13, 0, 0, 0, 0, 0, 0, 0, 0, 0, 0, 0, 0, 0, 0, 0),
	(9, 14, 0, 0, 0, 0, 0, 0, 0, 0, 0, 0, 0, 0, 0, 0, 0),
	(9, 15, 0, 0, 0, 0, 0, 0, 0, 0, 0, 0, 0, 0, 0, 0, 0),
	(9, 16, 0, 0, 0, 0, 0, 0, 0, 0, 0, 0, 0, 0, 0, 0, 0),
	(9, 17, 0, 0, 0, 0, 0, 0, 0, 0, 0, 0, 0, 0, 0, 0, 0),
	(9, 18, 0, 0, 0, 0, 0, 0, 0, 0, 0, 0, 0, 0, 0, 0, 0),
	(9, 19, 0, 0, 0, 0, 0, 0, 0, 0, 0, 0, 0, 0, 0, 0, 0),
	(9, 20, 0, 0, 0, 0, 0, 0, 0, 0, 0, 0, 0, 0, 0, 0, 0),
	(9, 21, 0, 0, 0, 0, 0, 0, 0, 0, 0, 0, 0, 0, 0, 0, 0),
	(9, 22, 0, 0, 0, 0, 0, 0, 0, 0, 0, 0, 0, 0, 0, 0, 0),
	(9, 23, 0, 0, 0, 0, 0, 0, 0, 0, 0, 0, 0, 0, 0, 0, 0),
	(9, 24, 0, 0, 0, 0, 0, 0, 0, 0, 0, 0, 0, 0, 0, 0, 0),
	(9, 25, 0, 0, 0, 0, 0, 0, 0, 0, 0, 0, 0, 0, 0, 0, 0),
	(9, 26, 0, 0, 0, 0, 0, 0, 0, 0, 0, 0, 0, 0, 0, 0, 0),
	(9, 27, 0, 0, 0, 0, 0, 0, 0, 0, 0, 0, 0, 0, 0, 0, 0),
	(9, 28, 0, 0, 0, 0, 0, 0, 0, 0, 0, 0, 0, 0, 0, 0, 0),
	(9, 29, 0, 0, 0, 0, 0, 0, 0, 0, 0, 0, 0, 0, 0, 0, 0),
	(9, 30, 0, 0, 0, 0, 0, 0, 0, 0, 0, 0, 0, 0, 0, 0, 0),
	(9, 31, 0, 0, 0, 0, 0, 0, 0, 0, 0, 0, 0, 0, 0, 0, 0),
	(9, 32, 0, 0, 0, 0, 0, 0, 0, 0, 0, 0, 0, 0, 0, 0, 0),
	(9, 33, 0, 0, 0, 0, 0, 0, 0, 0, 0, 0, 0, 0, 0, 0, 0),
	(9, 34, 0, 0, 0, 0, 0, 0, 0, 0, 0, 0, 0, 0, 0, 0, 0),
	(9, 35, 0, 0, 0, 0, 0, 0, 0, 0, 0, 0, 0, 0, 0, 0, 0),
	(9, 36, 0, 0, 0, 0, 0, 0, 0, 0, 0, 0, 0, 0, 0, 0, 0),
	(9, 37, 0, 0, 0, 0, 0, 0, 0, 0, 0, 0, 0, 0, 0, 0, 0),
	(9, 38, 0, 0, 0, 0, 0, 0, 0, 0, 0, 0, 0, 0, 0, 0, 0),
	(9, 39, 0, 0, 0, 0, 0, 0, 0, 0, 0, 0, 0, 0, 0, 0, 0),
	(9, 40, 0, 0, 0, 0, 0, 0, 0, 0, 0, 0, 0, 0, 0, 0, 0),
	(9, 41, 1, 1, 1, 1, 1, 0, 0, 1, 0, 0, 0, 0, 0, 0, 1),
	(9, 42, 0, 0, 0, 0, 0, 0, 0, 0, 0, 0, 0, 0, 0, 0, 0),
	(9, 43, 0, 0, 0, 0, 0, 0, 0, 0, 0, 0, 0, 0, 0, 0, 0),
	(9, 44, 0, 0, 0, 0, 0, 0, 0, 0, 0, 0, 0, 0, 0, 0, 0),
	(9, 45, 0, 0, 0, 0, 0, 0, 0, 0, 0, 0, 0, 0, 0, 0, 0),
	(9, 46, 0, 0, 0, 0, 0, 0, 0, 0, 0, 0, 0, 0, 0, 0, 0),
	(9, 47, 0, 0, 0, 0, 0, 0, 0, 0, 0, 0, 0, 0, 0, 0, 0),
	(9, 48, 0, 0, 0, 0, 0, 0, 0, 0, 0, 0, 0, 0, 0, 0, 0),
	(9, 49, 0, 0, 0, 0, 0, 0, 0, 0, 0, 0, 0, 0, 0, 0, 0),
	(9, 50, 0, 0, 0, 0, 0, 0, 0, 0, 0, 0, 0, 0, 0, 0, 0),
	(9, 51, 0, 0, 0, 0, 0, 0, 0, 0, 0, 0, 0, 0, 0, 0, 0),
	(9, 52, 0, 0, 0, 0, 0, 0, 0, 0, 0, 0, 0, 0, 0, 0, 0),
	(9, 53, 0, 0, 0, 0, 0, 0, 0, 0, 0, 0, 0, 0, 0, 0, 0),
	(10, 1, 0, 0, 0, 0, 0, 0, 0, 0, 0, 0, 0, 0, 0, 0, 0),
	(10, 4, 0, 0, 0, 0, 0, 0, 0, 0, 0, 0, 0, 0, 0, 0, 0),
	(10, 5, 0, 0, 0, 0, 0, 0, 0, 0, 0, 0, 0, 0, 0, 0, 0),
	(10, 6, 0, 0, 0, 0, 0, 0, 0, 0, 0, 0, 0, 0, 0, 0, 0),
	(10, 7, 0, 0, 0, 0, 0, 0, 0, 0, 0, 0, 0, 0, 0, 0, 0),
	(10, 8, 0, 0, 0, 0, 0, 0, 0, 0, 0, 0, 0, 0, 0, 0, 0),
	(10, 9, 0, 0, 0, 0, 0, 0, 0, 0, 0, 0, 0, 0, 0, 0, 0),
	(10, 10, 0, 0, 0, 0, 0, 0, 0, 0, 0, 0, 0, 0, 0, 0, 0),
	(10, 11, 0, 0, 0, 0, 0, 0, 0, 0, 0, 0, 0, 0, 0, 0, 0),
	(10, 12, 0, 0, 0, 0, 0, 0, 0, 0, 0, 0, 0, 0, 0, 0, 0),
	(10, 2, 0, 0, 0, 0, 0, 0, 0, 0, 0, 0, 0, 0, 0, 0, 0),
	(10, 3, 0, 0, 0, 0, 0, 0, 0, 0, 0, 0, 0, 0, 0, 0, 0),
	(10, 13, 0, 0, 0, 0, 0, 0, 0, 0, 0, 0, 0, 0, 0, 0, 0),
	(10, 14, 0, 0, 0, 0, 0, 0, 0, 0, 0, 0, 0, 0, 0, 0, 0),
	(10, 15, 0, 0, 0, 0, 0, 0, 0, 0, 0, 0, 0, 0, 0, 0, 0),
	(10, 16, 0, 0, 0, 0, 0, 0, 0, 0, 0, 0, 0, 0, 0, 0, 0),
	(10, 17, 0, 0, 0, 0, 0, 0, 0, 0, 0, 0, 0, 0, 0, 0, 0),
	(10, 18, 0, 0, 0, 0, 0, 0, 0, 0, 0, 0, 0, 0, 0, 0, 0),
	(10, 19, 0, 0, 0, 0, 0, 0, 0, 0, 0, 0, 0, 0, 0, 0, 0),
	(10, 20, 0, 0, 0, 0, 0, 0, 0, 0, 0, 0, 0, 0, 0, 0, 0),
	(10, 21, 0, 0, 0, 0, 0, 0, 0, 0, 0, 0, 0, 0, 0, 0, 0),
	(10, 22, 0, 0, 0, 0, 0, 0, 0, 0, 0, 0, 0, 0, 0, 0, 0),
	(10, 23, 0, 0, 0, 0, 0, 0, 0, 0, 0, 0, 0, 0, 0, 0, 0),
	(10, 24, 0, 0, 0, 0, 0, 0, 0, 0, 0, 0, 0, 0, 0, 0, 0),
	(10, 25, 0, 0, 0, 0, 0, 0, 0, 0, 0, 0, 0, 0, 0, 0, 0),
	(10, 26, 0, 0, 0, 0, 0, 0, 0, 0, 0, 0, 0, 0, 0, 0, 0),
	(10, 27, 0, 0, 0, 0, 0, 0, 0, 0, 0, 0, 0, 0, 0, 0, 0),
	(10, 28, 0, 0, 0, 0, 0, 0, 0, 0, 0, 0, 0, 0, 0, 0, 0),
	(10, 29, 0, 0, 0, 0, 0, 0, 0, 0, 0, 0, 0, 0, 0, 0, 0),
	(10, 30, 0, 0, 0, 0, 0, 0, 0, 0, 0, 0, 0, 0, 0, 0, 0),
	(10, 31, 0, 0, 0, 0, 0, 0, 0, 0, 0, 0, 0, 0, 0, 0, 0),
	(10, 32, 0, 0, 0, 0, 0, 0, 0, 0, 0, 0, 0, 0, 0, 0, 0),
	(10, 33, 0, 0, 0, 0, 0, 0, 0, 0, 0, 0, 0, 0, 0, 0, 0),
	(10, 34, 0, 0, 0, 0, 0, 0, 0, 0, 0, 0, 0, 0, 0, 0, 0),
	(10, 35, 0, 0, 0, 0, 0, 0, 0, 0, 0, 0, 0, 0, 0, 0, 0),
	(10, 36, 0, 0, 0, 0, 0, 0, 0, 0, 0, 0, 0, 0, 0, 0, 0),
	(10, 37, 0, 0, 0, 0, 0, 0, 0, 0, 0, 0, 0, 0, 0, 0, 0),
	(10, 38, 0, 0, 0, 0, 0, 0, 0, 0, 0, 0, 0, 0, 0, 0, 0),
	(10, 39, 0, 0, 0, 0, 0, 0, 0, 0, 0, 0, 0, 0, 0, 0, 0),
	(10, 40, 0, 0, 0, 0, 0, 0, 0, 0, 0, 0, 0, 0, 0, 0, 0),
	(10, 41, 0, 0, 0, 0, 0, 0, 0, 0, 0, 0, 0, 0, 0, 0, 0),
	(10, 42, 0, 0, 0, 0, 0, 0, 0, 0, 0, 0, 0, 0, 0, 0, 0),
	(10, 43, 0, 0, 0, 0, 0, 0, 0, 0, 0, 0, 0, 0, 0, 0, 0),
	(10, 44, 0, 0, 0, 0, 0, 0, 0, 0, 0, 0, 0, 0, 0, 0, 0),
	(10, 45, 0, 0, 0, 0, 0, 0, 0, 0, 0, 0, 0, 0, 0, 0, 0),
	(10, 46, 0, 0, 0, 0, 0, 0, 0, 0, 0, 0, 0, 0, 0, 0, 0),
	(10, 47, 0, 0, 0, 0, 0, 0, 0, 0, 0, 0, 0, 0, 0, 0, 0),
	(10, 48, 0, 0, 0, 0, 0, 0, 0, 0, 0, 0, 0, 0, 0, 0, 0),
	(10, 49, 0, 0, 0, 0, 0, 0, 0, 0, 0, 0, 0, 0, 0, 0, 0),
	(10, 50, 0, 0, 0, 0, 0, 0, 0, 0, 0, 0, 0, 0, 0, 0, 0),
	(10, 51, 0, 0, 0, 0, 0, 0, 0, 0, 0, 0, 0, 0, 0, 0, 0),
	(10, 52, 0, 0, 0, 0, 0, 0, 0, 0, 0, 0, 0, 0, 0, 0, 0),
	(10, 53, 0, 0, 0, 0, 0, 0, 0, 0, 0, 0, 0, 0, 0, 0, 0),
	(11, 1, 0, 0, 0, 0, 0, 0, 0, 0, 0, 0, 0, 0, 0, 0, 0),
	(11, 6, 0, 0, 0, 0, 0, 0, 0, 0, 0, 0, 0, 0, 0, 0, 0),
	(11, 7, 0, 0, 0, 0, 0, 0, 0, 0, 0, 0, 0, 0, 0, 0, 0),
	(11, 8, 0, 0, 0, 0, 0, 0, 0, 0, 0, 0, 0, 0, 0, 0, 0),
	(11, 9, 0, 0, 0, 0, 0, 0, 0, 0, 0, 0, 0, 0, 0, 0, 0),
	(11, 10, 1, 0, 0, 0, 0, 0, 0, 0, 0, 0, 0, 0, 0, 0, 0),
	(11, 11, 0, 0, 0, 0, 0, 0, 0, 0, 0, 0, 0, 0, 0, 0, 0),
	(11, 12, 0, 0, 0, 0, 0, 0, 0, 0, 0, 0, 0, 0, 0, 0, 0),
	(11, 2, 0, 0, 0, 0, 0, 0, 0, 0, 0, 0, 0, 0, 0, 0, 0),
	(11, 3, 0, 0, 0, 0, 0, 0, 0, 0, 0, 0, 0, 0, 0, 0, 0),
	(11, 4, 0, 0, 0, 0, 0, 0, 0, 0, 0, 0, 0, 0, 0, 0, 0),
	(11, 5, 0, 0, 0, 0, 0, 0, 0, 0, 0, 0, 0, 0, 0, 0, 0),
	(11, 13, 0, 0, 0, 0, 0, 0, 0, 0, 0, 0, 0, 0, 0, 0, 0),
	(11, 14, 0, 0, 0, 0, 0, 0, 0, 0, 0, 0, 0, 0, 0, 0, 0),
	(11, 15, 0, 0, 0, 0, 0, 0, 0, 0, 0, 0, 0, 0, 0, 0, 0),
	(11, 16, 0, 0, 0, 0, 0, 0, 0, 0, 0, 0, 0, 0, 0, 0, 0),
	(11, 17, 0, 0, 0, 0, 0, 0, 0, 0, 0, 0, 0, 0, 0, 0, 0),
	(11, 18, 0, 0, 0, 0, 0, 0, 0, 0, 0, 0, 0, 0, 0, 0, 0),
	(11, 19, 0, 0, 0, 0, 0, 0, 0, 0, 0, 0, 0, 0, 0, 0, 0),
	(11, 20, 0, 0, 0, 0, 0, 0, 0, 0, 0, 0, 0, 0, 0, 0, 0),
	(11, 21, 0, 0, 0, 0, 0, 0, 0, 0, 0, 0, 0, 0, 0, 0, 0),
	(11, 22, 0, 0, 0, 0, 0, 0, 0, 0, 0, 0, 0, 0, 0, 0, 0),
	(11, 23, 0, 0, 0, 0, 0, 0, 0, 0, 0, 0, 0, 0, 0, 0, 0),
	(11, 24, 0, 0, 0, 0, 0, 0, 0, 0, 0, 0, 0, 0, 0, 0, 0),
	(11, 25, 0, 0, 0, 0, 0, 0, 0, 0, 0, 0, 0, 0, 0, 0, 0),
	(11, 26, 0, 0, 0, 0, 0, 0, 0, 0, 0, 0, 0, 0, 0, 0, 0),
	(11, 27, 0, 0, 0, 0, 0, 0, 0, 0, 0, 0, 0, 0, 0, 0, 0),
	(11, 28, 0, 0, 0, 0, 0, 0, 0, 0, 0, 0, 0, 0, 0, 0, 0),
	(11, 29, 0, 0, 0, 0, 0, 0, 0, 0, 0, 0, 0, 0, 0, 0, 0),
	(11, 30, 0, 0, 0, 0, 0, 0, 0, 0, 0, 0, 0, 0, 0, 0, 0),
	(11, 31, 0, 0, 0, 0, 0, 0, 0, 0, 0, 0, 0, 0, 0, 0, 0),
	(11, 32, 0, 0, 0, 0, 0, 0, 0, 0, 0, 0, 0, 0, 0, 0, 0),
	(11, 33, 0, 0, 0, 0, 0, 0, 0, 0, 0, 0, 0, 0, 0, 0, 0),
	(11, 34, 0, 0, 0, 0, 0, 0, 0, 0, 0, 0, 0, 0, 0, 0, 0),
	(11, 35, 0, 0, 0, 0, 0, 0, 0, 0, 0, 0, 0, 0, 0, 0, 0),
	(11, 36, 0, 0, 0, 0, 0, 0, 0, 0, 0, 0, 0, 0, 0, 0, 0),
	(11, 37, 0, 0, 0, 0, 0, 0, 0, 0, 0, 0, 0, 0, 0, 0, 0),
	(11, 38, 0, 0, 0, 0, 0, 0, 0, 0, 0, 0, 0, 0, 0, 0, 0),
	(11, 39, 0, 0, 0, 0, 0, 0, 0, 0, 0, 0, 0, 0, 0, 0, 0),
	(11, 40, 0, 0, 0, 0, 0, 0, 0, 0, 0, 0, 0, 0, 0, 0, 0),
	(11, 41, 0, 0, 0, 0, 0, 0, 0, 0, 0, 0, 0, 0, 0, 0, 0),
	(11, 51, 0, 0, 0, 0, 0, 0, 0, 0, 0, 0, 0, 0, 0, 0, 0),
	(11, 52, 0, 0, 0, 0, 0, 0, 0, 0, 0, 0, 0, 0, 0, 0, 0),
	(11, 42, 1, 1, 1, 1, 1, 0, 0, 1, 0, 0, 0, 0, 0, 0, 1),
	(11, 43, 1, 1, 1, 1, 1, 0, 0, 1, 0, 0, 0, 0, 0, 0, 1),
	(11, 44, 1, 1, 1, 1, 1, 0, 0, 1, 0, 0, 0, 0, 0, 0, 1),
	(11, 45, 1, 1, 1, 1, 1, 0, 0, 1, 0, 0, 0, 0, 0, 0, 1),
	(11, 46, 1, 1, 1, 1, 1, 0, 0, 1, 0, 0, 0, 0, 0, 0, 1),
	(11, 47, 1, 1, 1, 1, 1, 0, 0, 1, 0, 0, 0, 0, 0, 0, 1),
	(11, 48, 1, 1, 1, 1, 1, 0, 0, 1, 0, 0, 0, 0, 0, 0, 1),
	(11, 49, 1, 1, 1, 1, 1, 0, 0, 1, 0, 0, 0, 0, 0, 0, 1),
	(11, 50, 1, 1, 1, 1, 1, 0, 0, 1, 0, 0, 0, 0, 0, 0, 1),
	(11, 53, 0, 0, 0, 0, 0, 0, 0, 0, 0, 0, 0, 0, 0, 0, 0),
	(12, 1, 0, 0, 0, 0, 0, 0, 0, 0, 0, 0, 0, 0, 0, 0, 0),
	(12, 4, 0, 0, 0, 0, 0, 0, 0, 0, 0, 0, 0, 0, 0, 0, 0),
	(12, 5, 0, 0, 0, 0, 0, 0, 0, 0, 0, 0, 0, 0, 0, 0, 0),
	(12, 6, 0, 0, 0, 0, 0, 0, 0, 0, 0, 0, 0, 0, 0, 0, 0),
	(12, 7, 0, 0, 0, 0, 0, 0, 0, 0, 0, 0, 0, 0, 0, 0, 0),
	(12, 8, 0, 0, 0, 0, 0, 0, 0, 0, 0, 0, 0, 0, 0, 0, 0),
	(12, 9, 0, 0, 0, 0, 0, 0, 0, 0, 0, 0, 0, 0, 0, 0, 0),
	(12, 10, 0, 0, 0, 0, 0, 0, 0, 0, 0, 0, 0, 0, 0, 0, 0),
	(12, 11, 0, 0, 0, 0, 0, 0, 0, 0, 0, 0, 0, 0, 0, 0, 0),
	(12, 12, 0, 0, 0, 0, 0, 0, 0, 0, 0, 0, 0, 0, 0, 0, 0),
	(12, 2, 0, 0, 0, 0, 0, 0, 0, 0, 0, 0, 0, 0, 0, 0, 0),
	(12, 3, 0, 0, 0, 0, 0, 0, 0, 0, 0, 0, 0, 0, 0, 0, 0),
	(12, 13, 0, 0, 0, 0, 0, 0, 0, 0, 0, 0, 0, 0, 0, 0, 0),
	(12, 14, 0, 0, 0, 0, 0, 0, 0, 0, 0, 0, 0, 0, 0, 0, 0),
	(12, 15, 0, 0, 0, 0, 0, 0, 0, 0, 0, 0, 0, 0, 0, 0, 0),
	(12, 16, 0, 0, 0, 0, 0, 0, 0, 0, 0, 0, 0, 0, 0, 0, 0),
	(12, 17, 0, 0, 0, 0, 0, 0, 0, 0, 0, 0, 0, 0, 0, 0, 0),
	(12, 18, 0, 0, 0, 0, 0, 0, 0, 0, 0, 0, 0, 0, 0, 0, 0),
	(12, 19, 0, 0, 0, 0, 0, 0, 0, 0, 0, 0, 0, 0, 0, 0, 0),
	(12, 20, 0, 0, 0, 0, 0, 0, 0, 0, 0, 0, 0, 0, 0, 0, 0),
	(12, 21, 0, 0, 0, 0, 0, 0, 0, 0, 0, 0, 0, 0, 0, 0, 0),
	(12, 22, 0, 0, 0, 0, 0, 0, 0, 0, 0, 0, 0, 0, 0, 0, 0),
	(12, 23, 0, 0, 0, 0, 0, 0, 0, 0, 0, 0, 0, 0, 0, 0, 0),
	(12, 24, 0, 0, 0, 0, 0, 0, 0, 0, 0, 0, 0, 0, 0, 0, 0),
	(12, 25, 0, 0, 0, 0, 0, 0, 0, 0, 0, 0, 0, 0, 0, 0, 0),
	(12, 26, 0, 0, 0, 0, 0, 0, 0, 0, 0, 0, 0, 0, 0, 0, 0),
	(12, 27, 0, 0, 0, 0, 0, 0, 0, 0, 0, 0, 0, 0, 0, 0, 0),
	(12, 28, 0, 0, 0, 0, 0, 0, 0, 0, 0, 0, 0, 0, 0, 0, 0),
	(12, 29, 0, 0, 0, 0, 0, 0, 0, 0, 0, 0, 0, 0, 0, 0, 0),
	(12, 30, 0, 0, 0, 0, 0, 0, 0, 0, 0, 0, 0, 0, 0, 0, 0),
	(12, 31, 0, 0, 0, 0, 0, 0, 0, 0, 0, 0, 0, 0, 0, 0, 0),
	(12, 32, 0, 0, 0, 0, 0, 0, 0, 0, 0, 0, 0, 0, 0, 0, 0),
	(12, 33, 0, 0, 0, 0, 0, 0, 0, 0, 0, 0, 0, 0, 0, 0, 0),
	(12, 34, 0, 0, 0, 0, 0, 0, 0, 0, 0, 0, 0, 0, 0, 0, 0),
	(12, 35, 0, 0, 0, 0, 0, 0, 0, 0, 0, 0, 0, 0, 0, 0, 0),
	(12, 36, 0, 0, 0, 0, 0, 0, 0, 0, 0, 0, 0, 0, 0, 0, 0),
	(12, 37, 0, 0, 0, 0, 0, 0, 0, 0, 0, 0, 0, 0, 0, 0, 0),
	(12, 38, 0, 0, 0, 0, 0, 0, 0, 0, 0, 0, 0, 0, 0, 0, 0),
	(12, 39, 0, 0, 0, 0, 0, 0, 0, 0, 0, 0, 0, 0, 0, 0, 0),
	(12, 40, 0, 0, 0, 0, 0, 0, 0, 0, 0, 0, 0, 0, 0, 0, 0),
	(12, 41, 0, 0, 0, 0, 0, 0, 0, 0, 0, 0, 0, 0, 0, 0, 0),
	(12, 42, 0, 0, 0, 0, 0, 0, 0, 0, 0, 0, 0, 0, 0, 0, 0),
	(12, 43, 0, 0, 0, 0, 0, 0, 0, 0, 0, 0, 0, 0, 0, 0, 0),
	(12, 44, 0, 0, 0, 0, 0, 0, 0, 0, 0, 0, 0, 0, 0, 0, 0),
	(12, 45, 0, 0, 0, 0, 0, 0, 0, 0, 0, 0, 0, 0, 0, 0, 0),
	(12, 46, 0, 0, 0, 0, 0, 0, 0, 0, 0, 0, 0, 0, 0, 0, 0),
	(12, 47, 0, 0, 0, 0, 0, 0, 0, 0, 0, 0, 0, 0, 0, 0, 0),
	(12, 48, 0, 0, 0, 0, 0, 0, 0, 0, 0, 0, 0, 0, 0, 0, 0),
	(12, 49, 0, 0, 0, 0, 0, 0, 0, 0, 0, 0, 0, 0, 0, 0, 0),
	(12, 50, 0, 0, 0, 0, 0, 0, 0, 0, 0, 0, 0, 0, 0, 0, 0),
	(12, 51, 0, 0, 0, 0, 0, 0, 0, 0, 0, 0, 0, 0, 0, 0, 0),
	(12, 52, 0, 0, 0, 0, 0, 0, 0, 0, 0, 0, 0, 0, 0, 0, 0),
	(12, 53, 0, 0, 0, 0, 0, 0, 0, 0, 0, 0, 0, 0, 0, 0, 0);
/*!40000 ALTER TABLE `administrator_access` ENABLE KEYS */;


-- Dumping structure for table oceanjet1_db.administrator_log
CREATE TABLE IF NOT EXISTS `administrator_log` (
  `id_administrator_log` int(11) NOT NULL AUTO_INCREMENT,
  `administrator_id` int(11) NOT NULL,
  `administrator_profile_id` int(11) NOT NULL,
  `classname` varchar(128) NOT NULL,
  `action` varchar(128) NOT NULL,
  `reference_id` int(11) NOT NULL,
  `description` text NOT NULL,
  `date_added` datetime NOT NULL,
  PRIMARY KEY (`id_administrator_log`)
) ENGINE=InnoDB AUTO_INCREMENT=1826 DEFAULT CHARSET=latin1;

-- Dumping data for table oceanjet1_db.administrator_log: ~1,489 rows (approximately)
/*!40000 ALTER TABLE `administrator_log` DISABLE KEYS */;
INSERT INTO `administrator_log` (`id_administrator_log`, `administrator_id`, `administrator_profile_id`, `classname`, `action`, `reference_id`, `description`, `date_added`) VALUES
	(1, 1, 1, 'user', 'add', 2, 'Successfully added User Account!', '2015-11-27 18:10:08'),
	(2, 33, 2, 'logout', 'index', 0, '', '2015-11-27 18:10:39'),
	(3, 1, 1, 'client', 'add', 1, 'Successfully added client!', '2015-11-27 18:13:49'),
	(4, 1, 1, 'user', 'add', 3, 'Successfully added User Account!', '2015-11-27 18:16:27'),
	(5, 2, 4, 'logout', 'index', 0, '', '2015-11-27 18:16:43'),
	(6, 3, 4, 'logout', 'index', 0, '', '2015-11-27 18:17:37'),
	(7, 1, 1, 'user', 'add', 4, 'Successfully added User Account!', '2015-11-27 18:18:35'),
	(8, 4, 4, 'logout', 'index', 0, '', '2015-11-27 18:19:46'),
	(9, 1, 1, 'user', 'add', 5, 'Successfully added User Account!', '2015-11-27 18:22:06'),
	(10, 1, 1, 'client', 'add', 2, 'Successfully added client!', '2015-11-27 18:24:23'),
	(11, 1, 1, 'client', 'add', 3, 'Successfully added client!', '2015-11-27 18:24:58'),
	(12, 1, 1, 'client', 'add', 4, 'Successfully added client!', '2015-11-27 18:25:51'),
	(13, 1, 1, 'user', 'add', 6, 'Successfully added User Account!', '2015-11-27 18:26:29'),
	(14, 5, 4, 'logout', 'index', 0, '', '2015-11-27 18:26:56'),
	(15, 6, 4, 'logout', 'index', 0, '', '2015-11-27 18:27:40'),
	(16, 1, 1, 'client', 'add', 5, 'Successfully added client!', '2015-11-27 18:28:43'),
	(17, 1, 1, 'user', 'add', 7, 'Successfully added User Account!', '2015-11-27 18:38:05'),
	(18, 7, 3, 'logout', 'index', 0, '', '2015-11-27 18:39:07'),
	(19, 1, 1, 'user', 'add', 8, 'Successfully added User Account!', '2015-11-27 18:40:32'),
	(20, 8, 3, 'logout', 'index', 0, '', '2015-11-27 18:42:58'),
	(21, 1, 1, 'user', 'add', 9, 'Successfully added User Account!', '2015-11-27 18:44:54'),
	(22, 9, 3, 'logout', 'index', 0, '', '2015-11-27 18:46:22'),
	(23, 1, 1, 'user', 'add', 10, 'Successfully added User Account!', '2015-11-27 18:48:48'),
	(24, 10, 3, 'logout', 'index', 0, '', '2015-11-27 18:50:27'),
	(25, 1, 1, 'user', 'add', 11, 'Successfully added User Account!', '2015-11-27 18:52:02'),
	(26, 11, 3, 'logout', 'index', 0, '', '2015-11-27 18:54:08'),
	(27, 1, 1, 'user', 'add', 12, 'Successfully added User Account!', '2015-11-27 18:55:16'),
	(28, 12, 3, 'logout', 'index', 0, '', '2015-11-27 18:56:21'),
	(29, 1, 1, 'user', 'add', 13, 'Successfully added User Account!', '2015-11-27 18:57:39'),
	(30, 13, 3, 'logout', 'index', 0, '', '2015-11-27 18:58:44'),
	(31, 1, 1, 'project', 'add', 1, 'Successfully added project!', '2015-11-27 18:59:58'),
	(32, 1, 1, 'project', 'add', 2, 'Successfully added project!', '2015-11-27 19:00:09'),
	(33, 1, 1, 'project', 'add', 3, 'Successfully added project!', '2015-11-27 19:00:19'),
	(34, 1, 1, 'project', 'add', 4, 'Successfully added project!', '2015-11-27 19:00:40'),
	(35, 1, 1, 'project', 'add', 5, 'Successfully added project!', '2015-11-27 19:02:35'),
	(36, 1, 1, 'project', 'add', 6, 'Successfully added project!', '2015-11-27 19:02:51'),
	(37, 1, 1, 'project', 'add', 7, 'Successfully added project!', '2015-11-27 19:03:11'),
	(38, 1, 1, 'user', 'add', 14, 'Successfully added User Account!', '2015-11-27 19:07:15'),
	(39, 14, 2, 'logout', 'index', 0, '', '2015-11-27 19:09:43'),
	(40, 1, 1, 'user', 'add', 15, 'Successfully added User Account!', '2015-11-27 19:10:51'),
	(41, 15, 2, 'logout', 'index', 0, '', '2015-11-27 19:11:58'),
	(42, 1, 1, 'user', 'add', 16, 'Successfully added User Account!', '2015-11-27 19:13:29'),
	(43, 16, 2, 'logout', 'index', 0, '', '2015-11-27 19:14:42'),
	(44, 1, 1, 'user', 'add', 17, 'Successfully added User Account!', '2015-11-27 19:15:39'),
	(45, 17, 2, 'logout', 'index', 0, '', '2015-11-27 19:16:48'),
	(46, 1, 1, 'user', 'add', 18, 'Successfully added User Account!', '2015-11-27 19:17:41'),
	(47, 18, 2, 'logout', 'index', 0, '', '2015-11-27 19:23:42'),
	(48, 1, 1, 'appearance', 'index', 0, 'Change Site Title', '2015-11-27 19:31:54'),
	(49, 1, 1, 'appearance', 'index', 0, 'Change Site Title', '2015-11-27 19:32:15'),
	(50, 1, 1, 'account_control', 'index', 0, 'Successfully updated system configuration!', '2015-11-27 19:46:02'),
	(51, 14, 2, 'logout', 'index', 0, '', '2015-11-27 19:46:13'),
	(52, 1, 1, 'account_control', 'index', 0, 'Successfully updated system configuration!', '2015-11-27 19:47:23'),
	(53, 1, 1, 'account_control', 'index', 0, 'Successfully updated system configuration!', '2015-11-27 19:50:38'),
	(54, 1, 1, 'account_control', 'index', 0, 'Successfully updated system configuration!', '2015-11-27 19:50:57'),
	(55, 1, 1, 'account_control', 'index', 0, 'Successfully updated system configuration!', '2015-11-27 19:51:21'),
	(56, 1, 1, 'account_control', 'index', 0, 'Successfully updated system configuration!', '2015-11-27 19:53:18'),
	(57, 1, 1, 'account_control', 'index', 0, 'Successfully updated system configuration!', '2015-11-27 19:54:37'),
	(58, 1, 1, 'account_control', 'index', 0, 'Successfully updated system configuration!', '2015-11-27 19:56:31'),
	(59, 1, 1, 'account_control', 'index', 0, 'Successfully updated system configuration!', '2015-11-27 19:58:18'),
	(60, 1, 1, 'account_control', 'index', 0, 'Successfully updated system configuration!', '2015-11-27 19:59:56'),
	(61, 1, 1, 'account_control', 'index', 0, 'Successfully updated system configuration!', '2015-11-27 20:00:26'),
	(62, 1, 1, 'account_control', 'index', 0, 'Successfully updated system configuration!', '2015-11-27 20:00:32'),
	(63, 1, 1, 'account_control', 'index', 0, 'Successfully updated system configuration!', '2015-11-27 20:01:29'),
	(64, 1, 1, 'account_control', 'index', 0, 'Successfully updated system configuration!', '2015-11-27 20:01:48'),
	(65, 1, 1, 'account_control', 'index', 0, 'Successfully updated system configuration!', '2015-11-27 20:02:45'),
	(66, 1, 1, 'account_control', 'index', 0, 'Successfully updated system configuration!', '2015-11-27 20:04:00'),
	(67, 2, 4, 'logout', 'index', 0, '', '2015-11-27 20:07:23'),
	(68, 1, 1, 'user', 'add', 19, 'Successfully added User Account!', '2015-11-27 20:22:38'),
	(69, 2, 4, 'logout', 'index', 0, '', '2015-11-27 20:23:10'),
	(70, 1, 1, 'employee_data', 'index', 20, 'Successfully added user account.', '2015-11-27 20:33:18'),
	(71, 1, 1, 'employee_data', 'index', 21, 'Successfully added user account.', '2015-11-27 20:33:18'),
	(72, 1, 1, 'employee_data', 'index', 22, 'Successfully added user account.', '2015-11-27 20:33:18'),
	(73, 1, 1, 'employee_data', 'index', 23, 'Successfully added user account.', '2015-11-27 20:33:18'),
	(74, 1, 1, 'employee_data', 'index', 24, 'Successfully added user account.', '2015-11-27 20:33:18'),
	(75, 1, 1, 'employee_data', 'index', 25, 'Successfully added user account.', '2015-11-27 20:33:18'),
	(76, 1, 1, 'employee_data', 'index', 26, 'Successfully added user account.', '2015-11-27 20:33:18'),
	(77, 1, 1, 'employee_data', 'index', 27, 'Successfully added user account.', '2015-11-27 20:33:18'),
	(78, 1, 1, 'employee_data', 'index', 28, 'Successfully added user account.', '2015-11-27 20:33:18'),
	(79, 1, 1, 'employee_data', 'index', 29, 'Successfully added user account.', '2015-11-27 20:33:18'),
	(80, 1, 1, 'employee_data', 'index', 30, 'Successfully added user account.', '2015-11-27 20:33:19'),
	(81, 1, 1, 'employee_data', 'index', 31, 'Successfully added user account.', '2015-11-27 20:33:19'),
	(82, 1, 1, 'employee_data', 'index', 32, 'Successfully added user account.', '2015-11-27 20:33:19'),
	(83, 1, 1, 'employee_data', 'index', 33, 'Successfully added user account.', '2015-11-27 20:33:19'),
	(84, 1, 1, 'employee_data', 'index', 34, 'Successfully added user account.', '2015-11-27 20:33:19'),
	(85, 1, 1, 'employee_data', 'index', 35, 'Successfully added user account.', '2015-11-27 20:33:19'),
	(86, 1, 1, 'employee_data', 'index', 36, 'Successfully added user account.', '2015-11-27 20:33:19'),
	(87, 1, 1, 'employee_data', 'index', 19, 'User successfully updated.', '2015-11-27 20:33:19'),
	(88, 1, 1, 'employee_data', 'index', 37, 'Successfully added user account.', '2015-11-27 20:33:19'),
	(89, 1, 1, 'employee_data', 'index', 20, 'User successfully updated.', '2015-11-27 20:36:05'),
	(90, 1, 1, 'employee_data', 'index', 21, 'User successfully updated.', '2015-11-27 20:36:05'),
	(91, 1, 1, 'employee_data', 'index', 22, 'User successfully updated.', '2015-11-27 20:36:05'),
	(92, 1, 1, 'employee_data', 'index', 23, 'User successfully updated.', '2015-11-27 20:36:05'),
	(93, 1, 1, 'employee_data', 'index', 24, 'User successfully updated.', '2015-11-27 20:36:05'),
	(94, 1, 1, 'employee_data', 'index', 25, 'User successfully updated.', '2015-11-27 20:36:05'),
	(95, 1, 1, 'employee_data', 'index', 26, 'User successfully updated.', '2015-11-27 20:36:05'),
	(96, 1, 1, 'employee_data', 'index', 27, 'User successfully updated.', '2015-11-27 20:36:05'),
	(97, 1, 1, 'employee_data', 'index', 28, 'User successfully updated.', '2015-11-27 20:36:05'),
	(98, 1, 1, 'employee_data', 'index', 29, 'User successfully updated.', '2015-11-27 20:36:05'),
	(99, 1, 1, 'employee_data', 'index', 30, 'User successfully updated.', '2015-11-27 20:36:05'),
	(100, 1, 1, 'employee_data', 'index', 31, 'User successfully updated.', '2015-11-27 20:36:05'),
	(101, 1, 1, 'employee_data', 'index', 32, 'User successfully updated.', '2015-11-27 20:36:05'),
	(102, 1, 1, 'employee_data', 'index', 33, 'User successfully updated.', '2015-11-27 20:36:05'),
	(103, 1, 1, 'employee_data', 'index', 34, 'User successfully updated.', '2015-11-27 20:36:05'),
	(104, 1, 1, 'employee_data', 'index', 35, 'User successfully updated.', '2015-11-27 20:36:05'),
	(105, 1, 1, 'employee_data', 'index', 36, 'User successfully updated.', '2015-11-27 20:36:05'),
	(106, 1, 1, 'employee_data', 'index', 19, 'User successfully updated.', '2015-11-27 20:36:05'),
	(107, 1, 1, 'employee_data', 'index', 37, 'User successfully updated.', '2015-11-27 20:36:05'),
	(108, 1, 1, 'employee_data', 'index', 20, 'User successfully updated.', '2015-11-27 20:37:21'),
	(109, 1, 1, 'employee_data', 'index', 21, 'User successfully updated.', '2015-11-27 20:37:21'),
	(110, 1, 1, 'employee_data', 'index', 22, 'User successfully updated.', '2015-11-27 20:37:21'),
	(111, 1, 1, 'employee_data', 'index', 23, 'User successfully updated.', '2015-11-27 20:37:21'),
	(112, 1, 1, 'employee_data', 'index', 24, 'User successfully updated.', '2015-11-27 20:37:21'),
	(113, 1, 1, 'employee_data', 'index', 25, 'User successfully updated.', '2015-11-27 20:37:21'),
	(114, 1, 1, 'employee_data', 'index', 26, 'User successfully updated.', '2015-11-27 20:37:21'),
	(115, 1, 1, 'employee_data', 'index', 27, 'User successfully updated.', '2015-11-27 20:37:21'),
	(116, 1, 1, 'employee_data', 'index', 28, 'User successfully updated.', '2015-11-27 20:37:21'),
	(117, 1, 1, 'employee_data', 'index', 29, 'User successfully updated.', '2015-11-27 20:37:21'),
	(118, 1, 1, 'employee_data', 'index', 30, 'User successfully updated.', '2015-11-27 20:37:21'),
	(119, 1, 1, 'employee_data', 'index', 31, 'User successfully updated.', '2015-11-27 20:37:21'),
	(120, 1, 1, 'employee_data', 'index', 32, 'User successfully updated.', '2015-11-27 20:37:21'),
	(121, 1, 1, 'employee_data', 'index', 33, 'User successfully updated.', '2015-11-27 20:37:21'),
	(122, 1, 1, 'employee_data', 'index', 34, 'User successfully updated.', '2015-11-27 20:37:21'),
	(123, 1, 1, 'employee_data', 'index', 35, 'User successfully updated.', '2015-11-27 20:37:21'),
	(124, 1, 1, 'employee_data', 'index', 36, 'User successfully updated.', '2015-11-27 20:37:21'),
	(125, 1, 1, 'employee_data', 'index', 19, 'User successfully updated.', '2015-11-27 20:37:21'),
	(126, 1, 1, 'employee_data', 'index', 37, 'User successfully updated.', '2015-11-27 20:37:21'),
	(127, 1, 1, 'account_control', 'index', 0, 'Successfully updated system configuration!', '2015-11-29 10:15:37'),
	(128, 7, 3, 'logout', 'index', 0, '', '2015-11-29 21:07:33'),
	(129, 14, 2, 'logout', 'index', 0, '', '2015-11-29 22:47:50'),
	(130, 16, 2, 'logout', 'index', 0, '', '2015-11-30 17:12:44'),
	(131, 17, 2, 'logout', 'index', 0, '', '2015-11-30 17:23:15'),
	(132, 18, 2, 'logout', 'index', 0, '', '2015-11-30 17:24:42'),
	(133, 1, 1, 'user', 'add', 38, 'Successfully added User Account!', '2015-11-30 17:44:19'),
	(134, 38, 3, 'logout', 'index', 0, '', '2015-11-30 17:45:47'),
	(135, 1, 1, 'user', 'add', 39, 'Successfully added User Account!', '2015-11-30 17:48:02'),
	(136, 39, 3, 'logout', 'index', 0, '', '2015-11-30 17:49:49'),
	(137, 1, 1, 'user', 'add', 40, 'Successfully added User Account!', '2015-11-30 17:52:35'),
	(138, 1, 1, 'project', 'add', 8, 'Successfully added project!', '2015-11-30 17:54:52'),
	(139, 1, 1, 'project', 'add', 9, 'Successfully added project!', '2015-11-30 17:55:07'),
	(140, 1, 1, 'project', 'add', 10, 'Successfully added project!', '2015-11-30 17:55:20'),
	(141, 1, 1, 'client_group', 'add', 1, 'Successfully added employee client!', '2015-11-30 17:56:28'),
	(142, 1, 1, 'user', 'add', 41, 'Successfully added User Account!', '2015-11-30 17:58:13'),
	(143, 40, 3, 'logout', 'index', 0, '', '2015-11-30 17:58:33'),
	(144, 41, 2, 'logout', 'index', 0, '', '2015-11-30 17:59:49'),
	(145, 1, 1, 'user', 'add', 42, 'Successfully added User Account!', '2015-11-30 18:01:07'),
	(146, 1, 1, 'user', 'edit', 42, 'Successfully updated User Account!', '2015-11-30 18:03:39'),
	(147, 42, 2, 'logout', 'index', 0, '', '2015-11-30 18:03:58'),
	(148, 1, 1, 'user', 'add', 43, 'Successfully added User Account!', '2015-11-30 18:04:56'),
	(149, 1, 1, 'user', 'edit', 1, 'Successfully updated User Account!', '2015-11-30 18:05:49'),
	(150, 43, 2, 'logout', 'index', 0, '', '2015-11-30 18:07:03'),
	(151, 1, 1, 'user', 'add', 44, 'Successfully added User Account!', '2015-11-30 18:08:56'),
	(152, 44, 2, 'logout', 'index', 0, '', '2015-11-30 18:10:25'),
	(153, 1, 1, 'user', 'add', 45, 'Successfully added User Account!', '2015-11-30 18:11:05'),
	(154, 45, 2, 'logout', 'index', 0, '', '2015-11-30 18:12:23'),
	(155, 45, 2, 'logout', 'index', 0, '', '2015-11-30 18:12:54'),
	(156, 1, 1, 'user', 'add', 46, 'Successfully added User Account!', '2015-11-30 18:15:27'),
	(157, 46, 5, 'employee_list', 'add', 1, 'Successfully added employee rate.', '2015-11-30 18:18:32'),
	(158, 46, 5, 'employee_list', 'add', 2, 'Successfully added employee rate.', '2015-11-30 18:19:16'),
	(159, 46, 5, 'employee_list', 'add', 3, 'Successfully added employee rate.', '2015-11-30 18:19:51'),
	(160, 46, 5, 'employee_list', 'add', 4, 'Successfully added employee rate.', '2015-11-30 18:20:37'),
	(161, 46, 5, 'employee_list', 'add', 5, 'Successfully added employee rate.', '2015-11-30 18:21:30'),
	(162, 46, 5, 'logout', 'index', 0, '', '2015-11-30 18:22:39'),
	(163, 41, 2, 'timesheet', 'edit', 9, 'Timesheet Submitted', '2015-11-30 18:29:57'),
	(164, 41, 2, 'logout', 'index', 0, '', '2015-11-30 18:31:29'),
	(165, 42, 2, 'timesheet', 'edit', 12, 'Timesheet Submitted', '2015-11-30 18:36:41'),
	(166, 42, 2, 'logout', 'index', 0, '', '2015-11-30 18:36:56'),
	(167, 43, 2, 'timesheet', 'edit', 15, 'Timesheet Submitted', '2015-11-30 18:48:58'),
	(168, 43, 2, 'logout', 'index', 0, '', '2015-11-30 18:49:08'),
	(169, 44, 2, 'timesheet', 'edit', 16, 'Timesheet Submitted', '2015-11-30 18:57:40'),
	(170, 44, 2, 'logout', 'index', 0, '', '2015-11-30 18:57:56'),
	(171, 45, 2, 'timesheet', 'edit', 17, 'Timesheet Submitted', '2015-11-30 19:01:55'),
	(172, 45, 2, 'logout', 'index', 0, '', '2015-11-30 19:02:38'),
	(173, 38, 3, 'for_pre_approval', 'view', 9, 'Time Report succcessfully change to Pre-approved', '2015-11-30 19:08:49'),
	(174, 38, 3, 'for_pre_approval', 'view', 12, 'Time Report succcessfully change to Pre-approved', '2015-11-30 19:09:07'),
	(175, 1, 1, 'client', 'edit', 2, 'Client successfully updated!', '2015-11-30 19:10:36'),
	(176, 1, 1, 'client', 'edit', 2, 'Client successfully updated!', '2015-11-30 19:14:07'),
	(177, 38, 3, 'for_pre_approval', 'view', 15, 'Time Report succcessfully change to Pre-approved', '2015-11-30 19:15:03'),
	(178, 38, 3, 'for_pre_approval', 'view', 16, 'Time Report succcessfully change to Pre-approved', '2015-11-30 19:15:16'),
	(179, 38, 3, 'for_pre_approval', 'view', 17, 'Time Report succcessfully change to Pre-approved', '2015-11-30 19:16:10'),
	(180, 3, 4, 'for_approval', 'view', 9, 'Time Report succcessfully change to Approved', '2015-11-30 19:17:53'),
	(181, 3, 4, 'for_approval', 'index', 12, 'Time Report succcessfully change to Approved', '2015-11-30 19:18:22'),
	(182, 3, 4, 'for_approval', 'index', 15, 'Time Report succcessfully change to Approved', '2015-11-30 19:18:22'),
	(183, 3, 4, 'for_approval', 'index', 16, 'Time Report succcessfully change to Approved', '2015-11-30 19:18:22'),
	(184, 3, 4, 'for_approval', 'index', 17, 'Time Report succcessfully change to Approved', '2015-11-30 19:18:22'),
	(185, 1, 1, 'user', 'add', 47, 'Successfully added User Account!', '2015-11-30 19:33:44'),
	(186, 38, 3, 'logout', 'index', 0, '', '2015-11-30 19:34:27'),
	(187, 47, 3, 'logout', 'index', 0, '', '2015-11-30 19:35:40'),
	(188, 1, 1, 'user', 'add', 48, 'Successfully added User Account!', '2015-11-30 19:37:51'),
	(189, 48, 3, 'logout', 'index', 0, '', '2015-11-30 19:39:21'),
	(190, 1, 1, 'user', 'add', 49, 'Successfully added User Account!', '2015-11-30 19:41:14'),
	(191, 49, 3, 'logout', 'index', 0, '', '2015-11-30 19:42:35'),
	(192, 1, 1, 'project', 'add', 11, 'Successfully added project!', '2015-11-30 19:43:11'),
	(193, 1, 1, 'project', 'add', 12, 'Successfully added project!', '2015-11-30 19:43:32'),
	(194, 1, 1, 'project', 'add', 13, 'Successfully added project!', '2015-11-30 19:44:08'),
	(195, 1, 1, 'user', 'add', 50, 'Successfully added User Account!', '2015-11-30 20:00:42'),
	(196, 50, 2, 'logout', 'index', 0, '', '2015-11-30 20:02:31'),
	(197, 1, 1, 'user', 'add', 51, 'Successfully added User Account!', '2015-11-30 20:04:14'),
	(198, 51, 2, 'logout', 'index', 0, '', '2015-11-30 20:05:33'),
	(199, 1, 1, 'client_group', 'add', 2, 'Successfully added employee client!', '2015-11-30 20:07:22'),
	(200, 1, 1, 'user', 'add', 52, 'Successfully added User Account!', '2015-11-30 20:09:29'),
	(201, 51, 2, 'logout', 'index', 0, '', '2015-11-30 20:10:08'),
	(202, 51, 2, 'logout', 'index', 0, '', '2015-11-30 20:11:05'),
	(203, 52, 2, 'logout', 'index', 0, '', '2015-11-30 20:11:18'),
	(204, 1, 1, 'user', 'add', 53, 'Successfully added User Account!', '2015-11-30 20:12:25'),
	(205, 53, 2, 'logout', 'index', 0, '', '2015-11-30 20:13:58'),
	(206, 1, 1, 'user', 'add', 54, 'Successfully added User Account!', '2015-11-30 20:14:47'),
	(207, 54, 2, 'logout', 'index', 0, '', '2015-11-30 20:16:17'),
	(208, 46, 5, 'employee_list', 'add', 6, 'Successfully added employee rate.', '2015-11-30 20:22:39'),
	(209, 46, 5, 'employee_list', 'add', 7, 'Successfully added employee rate.', '2015-11-30 20:24:07'),
	(210, 46, 5, 'employee_list', 'add', 8, 'Successfully added employee rate.', '2015-11-30 20:25:20'),
	(211, 50, 2, 'timesheet', 'edit', 18, 'Timesheet Submitted', '2015-11-30 20:35:04'),
	(212, 50, 2, 'logout', 'index', 0, '', '2015-11-30 20:35:14'),
	(213, 51, 2, 'timesheet', 'edit', 19, 'Timesheet Submitted', '2015-11-30 20:49:48'),
	(214, 51, 2, 'logout', 'index', 0, '', '2015-11-30 20:50:10'),
	(215, 52, 2, 'timesheet', 'edit', 20, 'Timesheet Submitted', '2015-11-30 20:59:05'),
	(216, 52, 2, 'logout', 'index', 0, '', '2015-11-30 20:59:15'),
	(217, 53, 2, 'timesheet', 'edit', 21, 'Timesheet Submitted', '2015-11-30 21:23:09'),
	(218, 0, 0, 'logout', 'index', 0, '', '2015-11-30 21:23:53'),
	(219, 53, 2, 'logout', 'index', 0, '', '2015-11-30 21:24:51'),
	(220, 48, 3, 'for_pre_approval', 'view', 18, 'Time Report succcessfully change to Pre-approved', '2015-11-30 21:25:34'),
	(221, 48, 3, 'for_pre_approval', 'view', 19, 'Time Report succcessfully change to Pre-approved', '2015-11-30 21:25:44'),
	(222, 48, 3, 'for_pre_approval', 'view', 20, 'Time Report succcessfully change to Pre-approved', '2015-11-30 21:25:58'),
	(223, 48, 3, 'for_pre_approval', 'view', 21, 'Time Report succcessfully change to Pre-approved', '2015-11-30 21:26:04'),
	(224, 4, 4, 'for_approval', 'index', 18, 'Time Report succcessfully change to Approved', '2015-11-30 21:26:45'),
	(225, 4, 4, 'for_approval', 'index', 19, 'Time Report succcessfully change to Approved', '2015-11-30 21:26:45'),
	(226, 4, 4, 'for_approval', 'view', 20, 'Time Report succcessfully change to Approved', '2015-11-30 21:27:47'),
	(227, 4, 4, 'for_approval', 'view', 21, 'Time Report succcessfully change to Approved', '2015-11-30 21:28:03'),
	(228, 1, 1, 'user', 'add', 55, 'Successfully added User Account!', '2015-11-30 21:42:36'),
	(229, 48, 3, 'logout', 'index', 0, '', '2015-11-30 21:42:58'),
	(230, 55, 3, 'logout', 'index', 0, '', '2015-11-30 21:47:43'),
	(231, 1, 1, 'user', 'add', 56, 'Successfully added User Account!', '2015-11-30 21:49:10'),
	(232, 56, 3, 'logout', 'index', 0, '', '2015-11-30 21:50:37'),
	(233, 1, 1, 'user', 'add', 57, 'Successfully added User Account!', '2015-11-30 21:55:26'),
	(234, 57, 3, 'logout', 'index', 0, '', '2015-11-30 21:57:41'),
	(235, 1, 1, 'project', 'add', 14, 'Successfully added project!', '2015-11-30 21:58:54'),
	(236, 1, 1, 'project', 'add', 15, 'Successfully added project!', '2015-11-30 21:59:26'),
	(237, 1, 1, 'project', 'add', 16, 'Successfully added project!', '2015-11-30 22:00:24'),
	(238, 1, 1, 'client_group', 'add', 3, 'Successfully added employee client!', '2015-11-30 22:01:41'),
	(239, 1, 1, 'user', 'add', 58, 'Successfully added User Account!', '2015-11-30 22:05:03'),
	(240, 1, 1, 'user', 'add', 59, 'Successfully added User Account!', '2015-11-30 22:12:41'),
	(241, 58, 5, 'logout', 'index', 0, '', '2015-11-30 22:13:55'),
	(242, 59, 6, 'logout', 'index', 0, '', '2015-11-30 22:15:48'),
	(243, 1, 1, 'user', 'add', 60, 'Successfully added User Account!', '2015-11-30 22:18:04'),
	(244, 59, 6, 'logout', 'index', 0, '', '2015-11-30 22:18:40'),
	(245, 60, 2, 'logout', 'index', 0, '', '2015-11-30 22:19:43'),
	(246, 1, 1, 'user', 'add', 61, 'Successfully added User Account!', '2015-11-30 22:20:41'),
	(247, 61, 2, 'logout', 'index', 0, '', '2015-11-30 22:21:53'),
	(248, 1, 1, 'user', 'add', 62, 'Successfully added User Account!', '2015-11-30 22:23:36'),
	(249, 62, 2, 'logout', 'index', 0, '', '2015-11-30 22:24:55'),
	(250, 1, 1, 'user', 'add', 63, 'Successfully added User Account!', '2015-11-30 22:26:26'),
	(251, 63, 2, 'logout', 'index', 0, '', '2015-11-30 22:27:42'),
	(252, 1, 1, 'user', 'add', 64, 'Successfully added User Account!', '2015-11-30 22:28:24'),
	(253, 64, 2, 'logout', 'index', 0, '', '2015-11-30 22:29:34'),
	(254, 46, 5, 'employee_list', 'add', 9, 'Successfully added employee rate.', '2015-11-30 22:30:29'),
	(255, 46, 5, 'employee_list', 'add', 10, 'Successfully added employee rate.', '2015-11-30 22:31:40'),
	(256, 46, 5, 'employee_list', 'add', 11, 'Successfully added employee rate.', '2015-11-30 22:33:04'),
	(257, 60, 2, 'timesheet', 'edit', 22, 'Timesheet Submitted', '2015-11-30 22:41:43'),
	(258, 60, 2, 'logout', 'index', 0, '', '2015-11-30 22:42:04'),
	(259, 61, 2, 'timesheet', 'edit', 23, 'Timesheet Submitted', '2015-11-30 22:51:27'),
	(260, 61, 2, 'logout', 'index', 0, '', '2015-11-30 22:51:37'),
	(261, 62, 2, 'timesheet', 'edit', 24, 'Timesheet Submitted', '2015-11-30 22:59:41'),
	(262, 62, 2, 'logout', 'index', 0, '', '2015-11-30 22:59:51'),
	(263, 63, 2, 'timesheet', 'edit', 25, 'Timesheet Submitted', '2015-11-30 23:08:41'),
	(264, 63, 2, 'logout', 'index', 0, '', '2015-11-30 23:08:57'),
	(265, 4, 4, 'logout', 'index', 0, '', '2015-11-30 23:09:39'),
	(266, 56, 3, 'for_pre_approval', 'view', 22, 'Time Report succcessfully change to Pre-approved', '2015-11-30 23:10:08'),
	(267, 56, 3, 'for_pre_approval', 'view', 23, 'Time Report succcessfully change to Pre-approved', '2015-11-30 23:10:14'),
	(268, 56, 3, 'for_pre_approval', 'view', 24, 'Time Report succcessfully change to Pre-approved', '2015-11-30 23:10:29'),
	(269, 56, 3, 'for_pre_approval', 'view', 25, 'Time Report succcessfully change to Pre-approved', '2015-11-30 23:10:35'),
	(270, 5, 4, 'for_approval', 'view', 22, 'Time Report succcessfully change to Approved', '2015-11-30 23:11:12'),
	(271, 5, 4, 'for_approval', 'view', 23, 'Time Report succcessfully change to Approved', '2015-11-30 23:11:28'),
	(272, 5, 4, 'for_approval', 'view', 24, 'Time Report succcessfully change to Approved', '2015-11-30 23:11:48'),
	(273, 5, 4, 'for_approval', 'index', 25, 'Time Report succcessfully change to Approved', '2015-11-30 23:11:52'),
	(274, 1, 1, 'account_control', 'index', 0, 'Successfully updated system configuration!', '2015-11-30 23:15:18'),
	(275, 1, 1, 'logout', 'index', 0, '', '2015-12-01 13:36:34'),
	(276, 3, 4, 'logout', 'index', 0, '', '2015-12-01 14:10:16'),
	(277, 46, 5, 'logout', 'index', 0, '', '2015-12-01 14:34:16'),
	(278, 1, 1, 'logout', 'index', 0, '', '2015-12-01 14:55:02'),
	(279, 1, 1, 'logout', 'index', 0, '', '2015-12-01 15:05:06'),
	(280, 14, 2, 'timesheet', 'edit', 2, 'Timesheet Submitted', '2015-12-01 15:05:44'),
	(281, 14, 2, 'logout', 'index', 0, '', '2015-12-01 15:05:49'),
	(282, 7, 3, 'for_pre_approval', 'view', 2, 'Time Report succcessfully change to Pre-approved', '2015-12-01 15:06:33'),
	(283, 7, 3, 'logout', 'index', 0, '', '2015-12-01 15:08:14'),
	(284, 14, 2, 'logout', 'index', 0, '', '2015-12-01 15:08:50'),
	(285, 7, 3, 'pre_approved', 'view', 2, 'Time Report succcessfully change to For re-work', '2015-12-01 15:09:20'),
	(286, 7, 3, 'logout', 'index', 0, '', '2015-12-01 15:09:24'),
	(287, 14, 2, 'timesheet', 'edit', 2, 'Timesheet Submitted', '2015-12-01 15:10:07'),
	(288, 14, 2, 'logout', 'index', 0, '', '2015-12-01 15:10:10'),
	(289, 7, 3, 'for_pre_approval', 'view', 2, 'Time Report succcessfully change to For re-work', '2015-12-01 15:10:57'),
	(290, 7, 3, 'logout', 'index', 0, '', '2015-12-01 15:11:02'),
	(291, 14, 2, 'timesheet', 'edit', 2, 'Timesheet Submitted', '2015-12-01 15:19:11'),
	(292, 7, 3, 'for_pre_approval', 'view', 2, 'Time Report succcessfully change to For re-work', '2015-12-01 15:43:55'),
	(293, 14, 2, 'timesheet', 'edit', 2, 'Timesheet Submitted', '2015-12-01 15:44:21'),
	(294, 7, 3, 'for_pre_approval', 'view', 2, 'Time Report succcessfully change to Pre-approved', '2015-12-01 15:44:40'),
	(295, 7, 3, 'pre_approved', 'view', 2, 'Time Report succcessfully change to For re-work', '2015-12-01 15:48:01'),
	(296, 14, 2, 'timesheet', 'edit', 2, 'Timesheet Submitted', '2015-12-01 15:48:10'),
	(297, 7, 3, 'for_pre_approval', 'view', 2, 'Time Report succcessfully change to Pre-approved', '2015-12-01 15:53:27'),
	(298, 7, 3, 'logout', 'index', 0, '', '2015-12-01 16:12:29'),
	(299, 7, 3, 'pre_approved', 'view', 2, 'Time Report succcessfully change to For re-work', '2015-12-01 16:14:07'),
	(300, 14, 2, 'timesheet', 'edit', 2, 'Timesheet Submitted', '2015-12-01 16:16:10'),
	(301, 7, 3, 'for_pre_approval', 'view', 2, 'Time Report succcessfully change to Pre-approved', '2015-12-01 16:16:27'),
	(302, 7, 3, 'pre_approved', 'view', 2, 'Time Report succcessfully change to For re-work', '2015-12-01 16:16:49'),
	(303, 14, 2, 'timesheet', 'edit', 2, 'Timesheet Submitted', '2015-12-01 16:16:59'),
	(304, 7, 3, 'for_pre_approval', 'view', 2, 'Time Report succcessfully change to Pre-approved', '2015-12-01 16:17:07'),
	(305, 7, 3, 'logout', 'index', 0, '', '2015-12-01 16:21:42'),
	(306, 2, 4, 'logout', 'index', 0, '', '2015-12-01 16:50:52'),
	(307, 7, 3, 'pre_approved', 'view', 2, 'Time Report succcessfully change to For re-work', '2015-12-01 16:51:19'),
	(308, 7, 3, 'logout', 'index', 0, '', '2015-12-01 16:51:24'),
	(309, 1, 1, 'client', 'edit', 1, 'Client successfully updated!', '2015-12-01 16:51:44'),
	(310, 14, 2, 'timesheet', 'edit', 2, 'Timesheet Submitted', '2015-12-01 16:51:52'),
	(311, 1, 1, 'logout', 'index', 0, '', '2015-12-01 16:52:02'),
	(312, 2, 4, 'for_approval', 'view', 2, 'Time Report succcessfully change to For re-work', '2015-12-01 17:11:46'),
	(313, 14, 2, 'timesheet', 'edit', 2, 'Timesheet Submitted', '2015-12-01 17:12:35'),
	(314, 2, 4, 'for_approval', 'view', 2, 'Time Report succcessfully change to Approved', '2015-12-01 17:12:48'),
	(315, 2, 4, 'logout', 'index', 0, '', '2015-12-01 17:13:12'),
	(316, 1, 1, 'client', 'edit', 1, 'Client successfully updated!', '2015-12-01 17:13:33'),
	(317, 1, 1, 'logout', 'index', 0, '', '2015-12-01 17:13:40'),
	(318, 14, 2, 'timesheet', 'edit', 1, 'Timesheet Submitted', '2015-12-01 17:14:04'),
	(319, 7, 3, 'for_pre_approval', 'view', 1, 'Time Report succcessfully change to Pre-approved', '2015-12-01 17:14:22'),
	(320, 7, 3, 'pre_approved', 'view', 1, 'Time Report succcessfully change to For re-work', '2015-12-01 17:14:38'),
	(321, 14, 2, 'timesheet', 'edit', 1, 'Timesheet Submitted', '2015-12-01 17:14:43'),
	(322, 7, 3, 'for_pre_approval', 'view', 1, 'Time Report succcessfully change to Pre-approved', '2015-12-01 17:14:51'),
	(323, 7, 3, 'logout', 'index', 0, '', '2015-12-01 17:14:55'),
	(324, 2, 4, 'for_approval', 'view', 1, 'Time Report succcessfully change to Approved', '2015-12-01 17:15:22'),
	(325, 0, 0, 'logout', 'index', 0, '', '2015-12-02 09:28:30'),
	(326, 1, 1, 'logout', 'index', 0, '', '2015-12-02 11:12:10'),
	(327, 1, 1, 'logout', 'index', 0, '', '2015-12-02 11:18:50'),
	(328, 1, 1, 'logout', 'index', 0, '', '2015-12-02 12:21:10'),
	(329, 0, 0, 'login', 'index', 0, '', '2015-12-02 12:21:29'),
	(330, 1, 1, 'appearance', 'index', 0, 'Change Site Title', '2015-12-02 12:28:46'),
	(331, 1, 1, 'user_profile', 'edit', 1, 'Successfully updated User Role!', '2015-12-02 12:31:49'),
	(332, 1, 1, 'user_profile', 'add', 2, 'Successfully added User Role!', '2015-12-02 12:42:59'),
	(333, 1, 1, 'user_profile', 'add', 3, 'Successfully added User Role!', '2015-12-02 12:43:13'),
	(334, 1, 1, 'user_profile', 'add', 4, 'Successfully added User Role!', '2015-12-02 12:43:30'),
	(335, 1, 1, 'user_profile', 'add', 5, 'Successfully added User Role!', '2015-12-02 12:44:07'),
	(336, 1, 1, 'user_profile', 'add', 6, 'Successfully added User Role!', '2015-12-02 12:44:26'),
	(337, 1, 1, 'user_profile', 'add', 7, 'Successfully added User Role!', '2015-12-02 12:44:43'),
	(338, 1, 1, 'user_profile', 'add', 8, 'Successfully added User Role!', '2015-12-02 12:44:59'),
	(339, 1, 1, 'user_profile', 'add', 9, 'Successfully added User Role!', '2015-12-02 12:45:13'),
	(340, 1, 1, 'user_profile', 'add', 10, 'Successfully added User Role!', '2015-12-02 12:47:43'),
	(341, 1, 1, 'user_profile', 'add', 11, 'Successfully added User Role!', '2015-12-02 12:47:53'),
	(342, 1, 1, 'logout', 'index', 0, '', '2015-12-02 14:57:15'),
	(343, 0, 0, 'login', 'index', 0, '', '2015-12-02 15:29:22'),
	(344, 1, 1, 'logout', 'index', 0, '', '2015-12-02 16:44:53'),
	(345, 0, 0, 'login', 'index', 0, '', '2015-12-02 16:45:01'),
	(346, 1, 1, 'logout', 'index', 0, '', '2015-12-02 17:46:23'),
	(347, 0, 0, 'login', 'index', 0, '', '2015-12-02 17:46:30'),
	(348, 14, 2, 'logout', 'index', 0, '', '2015-12-02 18:17:25'),
	(349, 0, 0, 'login', 'index', 0, '', '2015-12-03 09:37:07'),
	(350, 1, 1, 'logout', 'index', 0, '', '2015-12-03 11:40:24'),
	(351, 0, 0, 'login', 'index', 0, '', '2015-12-03 11:40:30'),
	(352, 1, 1, 'outlet', 'edit', 1, 'Successfully updated outlet', '2015-12-03 11:42:37'),
	(353, 1, 1, 'outlet', 'edit', 1, 'Successfully updated outlet', '2015-12-03 11:42:48'),
	(354, 1, 1, 'logout', 'index', 0, '', '2015-12-03 12:24:06'),
	(355, 0, 0, 'login', 'index', 0, '', '2015-12-03 12:24:12'),
	(356, 1, 1, 'user', 'add', 2, 'Successfully added User Account!', '2015-12-03 12:51:31'),
	(357, 1, 1, 'account_control', 'index', 0, 'Successfully updated system configuration!', '2015-12-03 12:55:54'),
	(358, 1, 1, 'account_control', 'index', 0, 'Successfully updated system configuration!', '2015-12-03 12:56:02'),
	(359, 1, 1, 'user', 'add', 3, 'Successfully added User Account!', '2015-12-03 12:59:36'),
	(360, 1, 1, 'user', 'edit', 3, 'Successfully updated User Account!', '2015-12-03 15:11:40'),
	(361, 1, 1, 'user', 'edit', 3, 'Successfully updated User Account!', '2015-12-03 15:11:51'),
	(362, 1, 1, 'user_profile', 'edit', 1, 'Successfully updated User Role!', '2015-12-03 15:46:19'),
	(363, 1, 1, 'user_profile', 'edit', 1, 'Successfully updated User Role!', '2015-12-03 15:46:26'),
	(364, 1, 1, 'user_profile', 'edit', 1, 'Successfully updated User Role!', '2015-12-03 15:50:27'),
	(365, 1, 1, 'logout', 'index', 0, '', '2015-12-04 10:28:40'),
	(366, 0, 0, 'login', 'index', 0, '', '2015-12-04 10:28:51'),
	(367, 1, 1, 'logout', 'index', 0, '', '2015-12-04 10:31:55'),
	(368, 0, 0, 'login', 'index', 0, '', '2015-12-04 10:32:25'),
	(369, 1, 1, 'logout', 'index', 0, '', '2015-12-04 10:32:49'),
	(370, 0, 0, 'login', 'index', 0, '', '2015-12-04 13:49:08'),
	(371, 1, 1, 'logout', 'index', 0, '', '2016-01-20 11:02:54'),
	(372, 1, 1, 'port', 'add', 1, 'Successfully added Port', '2016-01-20 11:07:24'),
	(373, 1, 1, 'port', 'add', 2, 'Successfully added Port', '2016-01-20 11:07:40'),
	(374, 1, 1, 'port', 'add', 3, 'Successfully added Port', '2016-01-20 11:08:50'),
	(375, 1, 1, 'port', 'add', 4, 'Successfully added Port', '2016-01-20 11:09:04'),
	(376, 1, 1, 'vessel', 'add', 1, 'Successfully added vessel.', '2016-01-20 11:10:41'),
	(377, 1, 1, 'accommodation', 'add', 1, 'Successfully added Accommodation', '2016-01-20 11:10:43'),
	(378, 1, 1, 'accommodation', 'add', 2, 'Successfully added Accommodation', '2016-01-20 11:11:09'),
	(379, 1, 1, 'accommodation', 'add', 3, 'Successfully added Accommodation', '2016-01-20 11:11:22'),
	(380, 1, 1, 'vessel', 'add', 2, 'Successfully added vessel.', '2016-01-20 11:11:31'),
	(381, 1, 1, 'vessel', 'add', 3, 'Successfully added vessel.', '2016-01-20 11:11:50'),
	(382, 1, 1, 'vessel', 'add', 4, 'Successfully added vessel.', '2016-01-20 11:12:07'),
	(383, 1, 1, 'vessel', 'add', 5, 'Successfully added vessel.', '2016-01-20 11:12:29'),
	(384, 1, 1, 'evoucher', 'add', 1, 'Successfully added e-voucher.', '2016-01-20 11:13:28'),
	(385, 1, 1, 'ticket_series', 'add', 1, 'Successfully added Ticket series', '2016-01-20 11:13:35'),
	(386, 1, 1, 'evoucher', 'add', 2, 'Successfully added e-voucher.', '2016-01-20 11:13:48'),
	(387, 1, 1, 'user', 'edit', 3, 'Successfully updated User Account!', '2016-01-20 11:15:19'),
	(388, 1, 1, 'rule_set', 'add', 1, 'Successfully added Rule Set', '2016-01-20 11:15:42'),
	(389, 1, 1, 'rule_set', 'add', 2, 'Successfully added Rule Set', '2016-01-20 11:16:47'),
	(390, 1, 1, 'rule_set', 'add', 3, 'Successfully added Rule Set', '2016-01-20 11:17:36'),
	(391, 1, 1, 'rule_set', 'add', 4, 'Successfully added Rule Set', '2016-01-20 11:17:59'),
	(392, 1, 1, 'voyage', 'add', 1, 'Successfully added Voyage', '2016-01-20 11:19:49'),
	(393, 1, 1, 'voyage', 'add', 2, 'Successfully added Voyage', '2016-01-20 11:20:21'),
	(394, 1, 1, 'voyage', 'add', 3, 'Successfully added Voyage', '2016-01-20 11:22:20'),
	(395, 1, 1, 'voyage', 'add', 4, 'Successfully added Voyage', '2016-01-20 11:24:05'),
	(396, 1, 1, 'voyage_management', 'add', 2, 'Successfully added Voyage Management', '2016-01-20 11:24:33'),
	(397, 1, 1, 'voyage_management', 'add', 3, 'Successfully added Voyage Management', '2016-01-20 11:24:50'),
	(398, 1, 1, 'voyage_management', 'add', 4, 'Successfully added Voyage Management', '2016-01-20 11:25:06'),
	(399, 1, 1, 'voyage_management', 'add', 5, 'Successfully added Voyage Management', '2016-01-20 11:25:20'),
	(400, 1, 1, 'voyage', 'edit', 1, 'Successfully updated voyage', '2016-01-20 11:33:31'),
	(401, 1, 1, 'voyage', 'edit', 3, 'Successfully updated voyage', '2016-01-20 11:36:43'),
	(402, 1, 1, 'voyage', 'edit', 4, 'Successfully updated voyage', '2016-01-20 11:43:16'),
	(403, 1, 1, 'vessel', 'edit', 1, 'Vessel successfully updated.', '2016-01-20 11:43:52'),
	(404, 1, 1, 'user', 'add', 4, 'Successfully added User Account!', '2016-01-20 11:45:40'),
	(405, 1, 1, 'voyage', 'add', 5, 'Successfully added Voyage', '2016-01-20 11:47:22'),
	(406, 1, 1, 'voyage', 'edit', 3, 'Successfully updated voyage', '2016-01-20 11:47:37'),
	(407, 1, 1, 'voyage', 'edit', 2, 'Successfully updated voyage', '2016-01-20 11:49:30'),
	(408, 1, 1, 'accommodation', 'edit', 1, 'Successfully updated accommodation', '2016-01-20 11:50:04'),
	(409, 1, 1, 'voyage', 'edit', 5, 'Successfully updated voyage', '2016-01-20 11:50:40'),
	(410, 1, 1, 'vessel', 'edit', 1, 'Vessel successfully updated.', '2016-01-20 11:55:23'),
	(411, 1, 1, 'vessel', 'edit', 2, 'Vessel successfully updated.', '2016-01-20 11:55:52'),
	(412, 1, 1, 'vessel', 'edit', 3, 'Vessel successfully updated.', '2016-01-20 11:56:15'),
	(413, 1, 1, 'vessel', 'edit', 4, 'Vessel successfully updated.', '2016-01-20 11:56:26'),
	(414, 1, 1, 'vessel', 'edit', 5, 'Vessel successfully updated.', '2016-01-20 11:56:36'),
	(415, 1, 1, 'logout', 'index', 0, '', '2016-01-20 12:13:10'),
	(416, 0, 0, 'login', 'index', 0, '', '2016-01-20 12:30:23'),
	(417, 1, 1, 'accommodation', 'edit', 2, 'Successfully updated accommodation', '2016-01-20 12:37:06'),
	(418, 1, 1, 'accommodation', 'edit', 3, 'Successfully updated accommodation', '2016-01-20 12:40:11'),
	(419, 1, 1, 'accommodation', 'edit', 3, 'Successfully updated accommodation', '2016-01-20 12:40:26'),
	(420, 1, 1, 'accommodation', 'edit', 3, 'Successfully updated accommodation', '2016-01-20 12:44:37'),
	(421, 1, 1, 'accommodation', 'edit', 1, 'Successfully updated accommodation', '2016-01-20 12:44:57'),
	(422, 1, 1, 'accommodation', 'edit', 2, 'Successfully updated accommodation', '2016-01-20 12:45:21'),
	(423, 1, 1, 'accommodation', 'edit', 3, 'Successfully updated accommodation', '2016-01-20 12:45:58'),
	(424, 1, 1, 'voyage', 'add', 1, 'Successfully added Voyage', '2016-01-20 13:24:15'),
	(425, 1, 1, 'voyage', 'add', 2, 'Successfully added Voyage', '2016-01-20 13:27:44'),
	(426, 1, 1, 'voyage', 'add', 3, 'Successfully added Voyage', '2016-01-20 13:28:33'),
	(427, 1, 1, 'voyage', 'add', 4, 'Successfully added Voyage', '2016-01-20 13:33:33'),
	(428, 1, 1, 'voyage', 'add', 5, 'Successfully added Voyage', '2016-01-20 13:40:33'),
	(429, 1, 1, 'voyage', 'add', 6, 'Successfully added Voyage', '2016-01-20 13:41:34'),
	(430, 1, 1, 'voyage', 'add', 7, 'Successfully added Voyage', '2016-01-20 13:42:51'),
	(431, 1, 1, 'voyage', 'add', 8, 'Successfully added Voyage', '2016-01-20 13:45:54'),
	(432, 1, 1, 'voyage', 'add', 9, 'Successfully added Voyage', '2016-01-20 13:46:48'),
	(433, 1, 1, 'voyage', 'add', 10, 'Successfully added Voyage', '2016-01-20 13:52:55'),
	(434, 1, 1, 'voyage', 'add', 11, 'Successfully added Voyage', '2016-01-20 13:55:16'),
	(435, 1, 1, 'voyage', 'add', 12, 'Successfully added Voyage', '2016-01-20 13:56:04'),
	(436, 1, 1, 'voyage', 'add', 13, 'Successfully added Voyage', '2016-01-20 13:57:56'),
	(437, 1, 1, 'voyage', 'add', 14, 'Successfully added Voyage', '2016-01-20 13:58:55'),
	(438, 1, 1, 'voyage', 'add', 15, 'Successfully added Voyage', '2016-01-20 14:02:59'),
	(439, 1, 1, 'voyage', 'add', 16, 'Successfully added Voyage', '2016-01-20 14:05:01'),
	(440, 1, 1, 'voyage', 'add', 17, 'Successfully added Voyage', '2016-01-20 14:07:35'),
	(441, 1, 1, 'voyage', 'add', 18, 'Successfully added Voyage', '2016-01-20 14:11:24'),
	(442, 1, 1, 'rule_set', 'add', 5, 'Successfully added Rule Set', '2016-01-20 14:28:37'),
	(443, 1, 1, 'passenger_fare', 'add', 1, 'Successfully added Passenger Fare', '2016-01-20 14:39:09'),
	(444, 1, 1, 'passenger_fare', 'add', 2, 'Successfully added Passenger Fare', '2016-01-20 14:54:23'),
	(445, 1, 1, 'passenger_fare', 'edit', 2, 'Successfully updated Passenger Fare', '2016-01-20 14:55:10'),
	(446, 1, 1, 'passenger_fare', 'edit', 2, 'Successfully updated Passenger Fare', '2016-01-20 14:56:00'),
	(447, 1, 1, 'passenger_fare', 'add', 3, 'Successfully added Passenger Fare', '2016-01-20 14:57:27'),
	(448, 1, 1, 'passenger_fare', 'edit', 3, 'Successfully updated Passenger Fare', '2016-01-20 14:57:42'),
	(449, 1, 1, 'passenger_fare', 'edit', 3, 'Successfully updated Passenger Fare', '2016-01-20 15:01:19'),
	(450, 1, 1, 'voyage_management', 'add', 1, 'Successfully added Voyage Management', '2016-01-20 15:06:34'),
	(451, 1, 1, 'voyage_management', 'add', 5, 'Successfully added Subvoyage Management', '2016-01-20 15:06:34'),
	(452, 1, 1, 'voyage_management', 'add', 6, 'Successfully added Subvoyage Management', '2016-01-20 15:06:35'),
	(453, 1, 1, 'passenger_fare', 'add', 4, 'Successfully added Passenger Fare', '2016-01-20 15:06:56'),
	(454, 1, 1, 'voyage_management', 'edit', 5, 'Successfully updated Subvoyage Management', '2016-01-20 15:07:11'),
	(455, 1, 1, 'voyage_management', 'edit', 6, 'Successfully updated Subvoyage Management', '2016-01-20 15:07:11'),
	(456, 1, 1, 'voyage_management', 'add', 2, 'Successfully added Voyage Management', '2016-01-20 15:07:41'),
	(457, 1, 1, 'voyage_management', 'add', 7, 'Successfully added Subvoyage Management', '2016-01-20 15:07:41'),
	(458, 1, 1, 'voyage_management', 'add', 8, 'Successfully added Subvoyage Management', '2016-01-20 15:07:41'),
	(459, 1, 1, 'voyage_management', 'add', 3, 'Successfully added Voyage Management', '2016-01-20 15:07:56'),
	(460, 1, 1, 'voyage_management', 'add', 9, 'Successfully added Subvoyage Management', '2016-01-20 15:07:56'),
	(461, 1, 1, 'voyage_management', 'add', 10, 'Successfully added Subvoyage Management', '2016-01-20 15:07:56'),
	(462, 1, 1, 'voyage_management', 'add', 4, 'Successfully added Voyage Management', '2016-01-20 15:08:14'),
	(463, 1, 1, 'voyage_management', 'add', 11, 'Successfully added Subvoyage Management', '2016-01-20 15:08:14'),
	(464, 1, 1, 'voyage_management', 'add', 5, 'Successfully added Voyage Management', '2016-01-20 15:08:25'),
	(465, 1, 1, 'voyage_management', 'add', 12, 'Successfully added Subvoyage Management', '2016-01-20 15:08:25'),
	(466, 1, 1, 'voyage_management', 'add', 6, 'Successfully added Voyage Management', '2016-01-20 15:08:38'),
	(467, 1, 1, 'voyage_management', 'add', 13, 'Successfully added Subvoyage Management', '2016-01-20 15:08:39'),
	(468, 1, 1, 'voyage_management', 'add', 7, 'Successfully added Voyage Management', '2016-01-20 15:08:55'),
	(469, 1, 1, 'voyage_management', 'add', 14, 'Successfully added Subvoyage Management', '2016-01-20 15:08:55'),
	(470, 1, 1, 'voyage_management', 'add', 8, 'Successfully added Voyage Management', '2016-01-20 15:09:36'),
	(471, 1, 1, 'voyage_management', 'add', 15, 'Successfully added Subvoyage Management', '2016-01-20 15:09:37'),
	(472, 1, 1, 'voyage_management', 'add', 9, 'Successfully added Voyage Management', '2016-01-20 15:10:00'),
	(473, 1, 1, 'voyage_management', 'add', 16, 'Successfully added Subvoyage Management', '2016-01-20 15:10:00'),
	(474, 1, 1, 'voyage_management', 'add', 10, 'Successfully added Voyage Management', '2016-01-20 15:10:39'),
	(475, 1, 1, 'voyage_management', 'add', 17, 'Successfully added Subvoyage Management', '2016-01-20 15:10:39'),
	(476, 1, 1, 'voyage_management', 'add', 11, 'Successfully added Voyage Management', '2016-01-20 15:10:59'),
	(477, 1, 1, 'voyage_management', 'add', 18, 'Successfully added Subvoyage Management', '2016-01-20 15:11:00'),
	(478, 1, 1, 'voyage_management', 'add', 12, 'Successfully added Voyage Management', '2016-01-20 15:11:13'),
	(479, 1, 1, 'voyage_management', 'add', 19, 'Successfully added Subvoyage Management', '2016-01-20 15:11:13'),
	(480, 1, 1, 'voyage_management', 'add', 13, 'Successfully added Voyage Management', '2016-01-20 15:11:43'),
	(481, 1, 1, 'voyage_management', 'add', 20, 'Successfully added Subvoyage Management', '2016-01-20 15:11:43'),
	(482, 1, 1, 'voyage_management', 'add', 14, 'Successfully added Voyage Management', '2016-01-20 15:12:02'),
	(483, 1, 1, 'voyage_management', 'add', 21, 'Successfully added Subvoyage Management', '2016-01-20 15:12:02'),
	(484, 1, 1, 'voyage_management', 'add', 15, 'Successfully added Voyage Management', '2016-01-20 15:13:56'),
	(485, 1, 1, 'voyage_management', 'add', 22, 'Successfully added Subvoyage Management', '2016-01-20 15:13:56'),
	(486, 1, 1, 'voyage_management', 'add', 16, 'Successfully added Voyage Management', '2016-01-20 15:21:04'),
	(487, 1, 1, 'voyage_management', 'add', 23, 'Successfully added Subvoyage Management', '2016-01-20 15:21:05'),
	(488, 1, 1, 'voyage_management', 'add', 24, 'Successfully added Subvoyage Management', '2016-01-20 15:21:05'),
	(489, 1, 1, 'voyage_management', 'add', 25, 'Successfully added Subvoyage Management', '2016-01-20 15:21:05'),
	(490, 1, 1, 'voyage_management', 'add', 17, 'Successfully added Voyage Management', '2016-01-20 15:23:06'),
	(491, 1, 1, 'voyage_management', 'add', 26, 'Successfully added Subvoyage Management', '2016-01-20 15:23:06'),
	(492, 1, 1, 'voyage_management', 'add', 27, 'Successfully added Subvoyage Management', '2016-01-20 15:23:07'),
	(493, 1, 1, 'voyage_management', 'add', 28, 'Successfully added Subvoyage Management', '2016-01-20 15:23:07'),
	(494, 1, 1, 'passenger_fare', 'add', 5, 'Successfully added Passenger Fare', '2016-01-20 15:23:07'),
	(495, 1, 1, 'passenger_fare', 'edit', 5, 'Successfully updated Passenger Fare', '2016-01-20 15:23:18'),
	(496, 1, 1, 'voyage_management', 'add', 18, 'Successfully added Voyage Management', '2016-01-20 15:23:29'),
	(497, 1, 1, 'voyage_management', 'add', 29, 'Successfully added Subvoyage Management', '2016-01-20 15:23:29'),
	(498, 1, 1, 'voyage_management', 'add', 30, 'Successfully added Subvoyage Management', '2016-01-20 15:23:29'),
	(499, 1, 1, 'voyage_management', 'add', 31, 'Successfully added Subvoyage Management', '2016-01-20 15:23:29'),
	(500, 1, 1, 'passenger_fare', 'edit', 4, 'Successfully updated Passenger Fare', '2016-01-20 15:23:29'),
	(501, 1, 1, 'passenger_fare', 'add', 6, 'Successfully added Passenger Fare', '2016-01-20 15:27:31'),
	(502, 1, 1, 'voyage_management', 'add', 19, 'Successfully added Voyage Management', '2016-01-20 15:28:09'),
	(503, 1, 1, 'voyage_management', 'add', 32, 'Successfully added Subvoyage Management', '2016-01-20 15:28:09'),
	(504, 1, 1, 'voyage_management', 'add', 20, 'Successfully added Voyage Management', '2016-01-20 15:28:21'),
	(505, 1, 1, 'voyage_management', 'add', 33, 'Successfully added Subvoyage Management', '2016-01-20 15:28:21'),
	(506, 1, 1, 'voyage_management', 'add', 21, 'Successfully added Voyage Management', '2016-01-20 15:28:35'),
	(507, 1, 1, 'voyage_management', 'add', 34, 'Successfully added Subvoyage Management', '2016-01-20 15:28:35'),
	(508, 1, 1, 'voyage_management', 'add', 22, 'Successfully added Voyage Management', '2016-01-20 15:28:52'),
	(509, 1, 1, 'voyage_management', 'add', 35, 'Successfully added Subvoyage Management', '2016-01-20 15:28:52'),
	(510, 1, 1, 'voyage_management', 'add', 23, 'Successfully added Voyage Management', '2016-01-20 15:29:02'),
	(511, 1, 1, 'voyage_management', 'add', 36, 'Successfully added Subvoyage Management', '2016-01-20 15:29:02'),
	(512, 1, 1, 'voyage_management', 'add', 24, 'Successfully added Voyage Management', '2016-01-20 15:29:33'),
	(513, 1, 1, 'voyage_management', 'add', 37, 'Successfully added Subvoyage Management', '2016-01-20 15:29:33'),
	(514, 1, 1, 'voyage_management', 'add', 25, 'Successfully added Voyage Management', '2016-01-20 15:29:43'),
	(515, 1, 1, 'voyage_management', 'add', 38, 'Successfully added Subvoyage Management', '2016-01-20 15:29:43'),
	(516, 1, 1, 'voyage_management', 'add', 26, 'Successfully added Voyage Management', '2016-01-20 15:29:54'),
	(517, 1, 1, 'voyage_management', 'add', 39, 'Successfully added Subvoyage Management', '2016-01-20 15:29:54'),
	(518, 1, 1, 'voyage_management', 'add', 27, 'Successfully added Voyage Management', '2016-01-20 15:30:03'),
	(519, 1, 1, 'voyage_management', 'add', 40, 'Successfully added Subvoyage Management', '2016-01-20 15:30:03'),
	(520, 1, 1, 'voyage_management', 'add', 28, 'Successfully added Voyage Management', '2016-01-20 15:30:24'),
	(521, 1, 1, 'voyage_management', 'add', 41, 'Successfully added Subvoyage Management', '2016-01-20 15:30:24'),
	(522, 1, 1, 'passenger_fare', 'add', 7, 'Successfully added Passenger Fare', '2016-01-20 15:30:39'),
	(523, 1, 1, 'voyage_management', 'add', 29, 'Successfully added Voyage Management', '2016-01-20 15:30:53'),
	(524, 1, 1, 'voyage_management', 'add', 42, 'Successfully added Subvoyage Management', '2016-01-20 15:30:53'),
	(525, 1, 1, 'voyage_management', 'add', 43, 'Successfully added Subvoyage Management', '2016-01-20 15:30:53'),
	(526, 1, 1, 'voyage_management', 'add', 30, 'Successfully added Voyage Management', '2016-01-20 15:31:09'),
	(527, 1, 1, 'voyage_management', 'add', 44, 'Successfully added Subvoyage Management', '2016-01-20 15:31:09'),
	(528, 1, 1, 'voyage_management', 'add', 45, 'Successfully added Subvoyage Management', '2016-01-20 15:31:09'),
	(529, 1, 1, 'voyage_management', 'add', 31, 'Successfully added Voyage Management', '2016-01-20 15:31:29'),
	(530, 1, 1, 'voyage_management', 'add', 46, 'Successfully added Subvoyage Management', '2016-01-20 15:31:29'),
	(531, 1, 1, 'voyage_management', 'add', 47, 'Successfully added Subvoyage Management', '2016-01-20 15:31:29'),
	(532, 1, 1, 'voyage_management', 'add', 32, 'Successfully added Voyage Management', '2016-01-20 15:31:54'),
	(533, 1, 1, 'voyage_management', 'add', 48, 'Successfully added Subvoyage Management', '2016-01-20 15:31:54'),
	(534, 1, 1, 'voyage_management', 'add', 49, 'Successfully added Subvoyage Management', '2016-01-20 15:31:55'),
	(535, 1, 1, 'voyage_management', 'add', 33, 'Successfully added Voyage Management', '2016-01-20 15:32:11'),
	(536, 1, 1, 'voyage_management', 'add', 50, 'Successfully added Subvoyage Management', '2016-01-20 15:32:11'),
	(537, 1, 1, 'voyage_management', 'add', 51, 'Successfully added Subvoyage Management', '2016-01-20 15:32:11'),
	(538, 1, 1, 'voyage_management', 'add', 34, 'Successfully added Voyage Management', '2016-01-20 15:32:24'),
	(539, 1, 1, 'voyage_management', 'add', 52, 'Successfully added Subvoyage Management', '2016-01-20 15:32:24'),
	(540, 1, 1, 'voyage_management', 'add', 35, 'Successfully added Voyage Management', '2016-01-20 15:32:37'),
	(541, 1, 1, 'voyage_management', 'add', 53, 'Successfully added Subvoyage Management', '2016-01-20 15:32:37'),
	(542, 1, 1, 'voyage_management', 'add', 36, 'Successfully added Voyage Management', '2016-01-20 15:32:50'),
	(543, 1, 1, 'voyage_management', 'add', 54, 'Successfully added Subvoyage Management', '2016-01-20 15:32:50'),
	(544, 1, 1, 'passenger_fare', 'edit', 7, 'Successfully updated Passenger Fare', '2016-01-20 15:33:10'),
	(545, 1, 1, 'voyage_management', 'add', 37, 'Successfully added Voyage Management', '2016-01-20 15:33:15'),
	(546, 1, 1, 'voyage_management', 'add', 55, 'Successfully added Subvoyage Management', '2016-01-20 15:33:15'),
	(547, 1, 1, 'passenger_fare', 'edit', 7, 'Successfully updated Passenger Fare', '2016-01-20 15:33:18'),
	(548, 1, 1, 'passenger_fare', 'edit', 7, 'Successfully updated Passenger Fare', '2016-01-20 15:33:25'),
	(549, 1, 1, 'voyage_management', 'add', 38, 'Successfully added Voyage Management', '2016-01-20 15:33:30'),
	(550, 1, 1, 'voyage_management', 'add', 56, 'Successfully added Subvoyage Management', '2016-01-20 15:33:30'),
	(551, 1, 1, 'voyage_management', 'add', 39, 'Successfully added Voyage Management', '2016-01-20 15:33:43'),
	(552, 1, 1, 'voyage_management', 'add', 57, 'Successfully added Subvoyage Management', '2016-01-20 15:33:43'),
	(553, 1, 1, 'voyage_management', 'add', 40, 'Successfully added Voyage Management', '2016-01-20 15:34:11'),
	(554, 1, 1, 'voyage_management', 'add', 58, 'Successfully added Subvoyage Management', '2016-01-20 15:34:11'),
	(555, 1, 1, 'voyage_management', 'add', 59, 'Successfully added Subvoyage Management', '2016-01-20 15:34:11'),
	(556, 1, 1, 'voyage_management', 'add', 60, 'Successfully added Subvoyage Management', '2016-01-20 15:34:11'),
	(557, 1, 1, 'voyage_management', 'add', 41, 'Successfully added Voyage Management', '2016-01-20 15:35:05'),
	(558, 1, 1, 'voyage_management', 'add', 61, 'Successfully added Subvoyage Management', '2016-01-20 15:35:05'),
	(559, 1, 1, 'voyage_management', 'add', 62, 'Successfully added Subvoyage Management', '2016-01-20 15:35:05'),
	(560, 1, 1, 'voyage_management', 'add', 63, 'Successfully added Subvoyage Management', '2016-01-20 15:35:05'),
	(561, 1, 1, 'voyage_management', 'add', 42, 'Successfully added Voyage Management', '2016-01-20 15:35:28'),
	(562, 1, 1, 'voyage_management', 'add', 64, 'Successfully added Subvoyage Management', '2016-01-20 15:35:29'),
	(563, 1, 1, 'voyage_management', 'add', 65, 'Successfully added Subvoyage Management', '2016-01-20 15:35:29'),
	(564, 1, 1, 'voyage_management', 'add', 66, 'Successfully added Subvoyage Management', '2016-01-20 15:35:29'),
	(565, 1, 1, 'voyage_management', 'add', 43, 'Successfully added Voyage Management', '2016-01-20 15:36:39'),
	(566, 1, 1, 'voyage_management', 'add', 67, 'Successfully added Subvoyage Management', '2016-01-20 15:36:39'),
	(567, 1, 1, 'voyage_management', 'add', 68, 'Successfully added Subvoyage Management', '2016-01-20 15:36:39'),
	(568, 1, 1, 'voyage_management', 'add', 44, 'Successfully added Voyage Management', '2016-01-20 15:37:00'),
	(569, 1, 1, 'voyage_management', 'add', 69, 'Successfully added Subvoyage Management', '2016-01-20 15:37:00'),
	(570, 1, 1, 'voyage_management', 'add', 70, 'Successfully added Subvoyage Management', '2016-01-20 15:37:01'),
	(571, 1, 1, 'voyage_management', 'add', 45, 'Successfully added Voyage Management', '2016-01-20 15:37:26'),
	(572, 1, 1, 'voyage_management', 'add', 71, 'Successfully added Subvoyage Management', '2016-01-20 15:37:26'),
	(573, 1, 1, 'voyage_management', 'add', 72, 'Successfully added Subvoyage Management', '2016-01-20 15:37:26'),
	(574, 1, 1, 'voyage_management', 'add', 46, 'Successfully added Voyage Management', '2016-01-20 15:37:50'),
	(575, 1, 1, 'voyage_management', 'add', 73, 'Successfully added Subvoyage Management', '2016-01-20 15:37:50'),
	(576, 1, 1, 'voyage_management', 'add', 74, 'Successfully added Subvoyage Management', '2016-01-20 15:37:50'),
	(577, 1, 1, 'voyage_management', 'add', 47, 'Successfully added Voyage Management', '2016-01-20 15:38:08'),
	(578, 1, 1, 'voyage_management', 'add', 75, 'Successfully added Subvoyage Management', '2016-01-20 15:38:08'),
	(579, 1, 1, 'voyage_management', 'add', 48, 'Successfully added Voyage Management', '2016-01-20 15:38:24'),
	(580, 1, 1, 'voyage_management', 'add', 76, 'Successfully added Subvoyage Management', '2016-01-20 15:38:24'),
	(581, 1, 1, 'voyage_management', 'add', 49, 'Successfully added Voyage Management', '2016-01-20 15:38:35'),
	(582, 1, 1, 'voyage_management', 'add', 77, 'Successfully added Subvoyage Management', '2016-01-20 15:38:35'),
	(583, 1, 1, 'voyage_management', 'add', 50, 'Successfully added Voyage Management', '2016-01-20 15:38:45'),
	(584, 1, 1, 'voyage_management', 'add', 78, 'Successfully added Subvoyage Management', '2016-01-20 15:38:45'),
	(585, 1, 1, 'voyage_management', 'add', 51, 'Successfully added Voyage Management', '2016-01-20 15:40:50'),
	(586, 1, 1, 'voyage_management', 'add', 79, 'Successfully added Subvoyage Management', '2016-01-20 15:40:50'),
	(587, 1, 1, 'voyage_management', 'add', 52, 'Successfully added Voyage Management', '2016-01-20 15:41:12'),
	(588, 1, 1, 'voyage_management', 'add', 80, 'Successfully added Subvoyage Management', '2016-01-20 15:41:12'),
	(589, 1, 1, 'voyage_management', 'add', 53, 'Successfully added Voyage Management', '2016-01-20 15:41:23'),
	(590, 1, 1, 'voyage_management', 'add', 81, 'Successfully added Subvoyage Management', '2016-01-20 15:41:23'),
	(591, 1, 1, 'voyage_management', 'add', 54, 'Successfully added Voyage Management', '2016-01-20 15:41:42'),
	(592, 1, 1, 'voyage_management', 'add', 82, 'Successfully added Subvoyage Management', '2016-01-20 15:41:42'),
	(593, 1, 1, 'voyage_management', 'add', 55, 'Successfully added Voyage Management', '2016-01-20 15:41:52'),
	(594, 1, 1, 'voyage_management', 'add', 83, 'Successfully added Subvoyage Management', '2016-01-20 15:41:52'),
	(595, 1, 1, 'voyage_management', 'add', 56, 'Successfully added Voyage Management', '2016-01-20 15:42:02'),
	(596, 1, 1, 'voyage_management', 'add', 84, 'Successfully added Subvoyage Management', '2016-01-20 15:42:02'),
	(597, 1, 1, 'voyage_management', 'add', 57, 'Successfully added Voyage Management', '2016-01-20 15:42:14'),
	(598, 1, 1, 'voyage_management', 'add', 85, 'Successfully added Subvoyage Management', '2016-01-20 15:42:14'),
	(599, 1, 1, 'voyage_management', 'add', 58, 'Successfully added Voyage Management', '2016-01-20 15:42:26'),
	(600, 1, 1, 'voyage_management', 'add', 86, 'Successfully added Subvoyage Management', '2016-01-20 15:42:26'),
	(601, 1, 1, 'voyage_management', 'add', 59, 'Successfully added Voyage Management', '2016-01-20 15:42:37'),
	(602, 1, 1, 'voyage_management', 'add', 87, 'Successfully added Subvoyage Management', '2016-01-20 15:42:37'),
	(603, 1, 1, 'voyage_management', 'add', 60, 'Successfully added Voyage Management', '2016-01-20 15:42:56'),
	(604, 1, 1, 'voyage_management', 'add', 88, 'Successfully added Subvoyage Management', '2016-01-20 15:42:56'),
	(605, 1, 1, 'voyage_management', 'add', 89, 'Successfully added Subvoyage Management', '2016-01-20 15:42:57'),
	(606, 1, 1, 'voyage_management', 'add', 61, 'Successfully added Voyage Management', '2016-01-20 15:43:17'),
	(607, 1, 1, 'voyage_management', 'add', 90, 'Successfully added Subvoyage Management', '2016-01-20 15:43:17'),
	(608, 1, 1, 'voyage_management', 'add', 91, 'Successfully added Subvoyage Management', '2016-01-20 15:43:18'),
	(609, 1, 1, 'voyage_management', 'add', 62, 'Successfully added Voyage Management', '2016-01-20 15:43:37'),
	(610, 1, 1, 'voyage_management', 'add', 92, 'Successfully added Subvoyage Management', '2016-01-20 15:43:37'),
	(611, 1, 1, 'voyage_management', 'add', 93, 'Successfully added Subvoyage Management', '2016-01-20 15:43:37'),
	(612, 1, 1, 'voyage_management', 'add', 63, 'Successfully added Voyage Management', '2016-01-20 15:43:55'),
	(613, 1, 1, 'voyage_management', 'add', 94, 'Successfully added Subvoyage Management', '2016-01-20 15:43:55'),
	(614, 1, 1, 'voyage_management', 'add', 95, 'Successfully added Subvoyage Management', '2016-01-20 15:43:55'),
	(615, 1, 1, 'voyage_management', 'add', 64, 'Successfully added Voyage Management', '2016-01-20 15:44:12'),
	(616, 1, 1, 'voyage_management', 'add', 96, 'Successfully added Subvoyage Management', '2016-01-20 15:44:12'),
	(617, 1, 1, 'voyage_management', 'add', 97, 'Successfully added Subvoyage Management', '2016-01-20 15:44:12'),
	(618, 1, 1, 'voyage_management', 'add', 65, 'Successfully added Voyage Management', '2016-01-20 15:44:34'),
	(619, 1, 1, 'voyage_management', 'add', 98, 'Successfully added Subvoyage Management', '2016-01-20 15:44:34'),
	(620, 1, 1, 'voyage_management', 'add', 99, 'Successfully added Subvoyage Management', '2016-01-20 15:44:34'),
	(621, 1, 1, 'voyage_management', 'add', 66, 'Successfully added Voyage Management', '2016-01-20 15:44:51'),
	(622, 1, 1, 'voyage_management', 'add', 100, 'Successfully added Subvoyage Management', '2016-01-20 15:44:51'),
	(623, 1, 1, 'voyage_management', 'add', 67, 'Successfully added Voyage Management', '2016-01-20 15:45:00'),
	(624, 1, 1, 'voyage_management', 'add', 101, 'Successfully added Subvoyage Management', '2016-01-20 15:45:00'),
	(625, 1, 1, 'voyage_management', 'add', 68, 'Successfully added Voyage Management', '2016-01-20 15:45:12'),
	(626, 1, 1, 'voyage_management', 'add', 102, 'Successfully added Subvoyage Management', '2016-01-20 15:45:12'),
	(627, 1, 1, 'voyage_management', 'add', 69, 'Successfully added Voyage Management', '2016-01-20 15:45:22'),
	(628, 1, 1, 'voyage_management', 'add', 103, 'Successfully added Subvoyage Management', '2016-01-20 15:45:22'),
	(629, 1, 1, 'voyage_management', 'add', 70, 'Successfully added Voyage Management', '2016-01-20 15:45:32'),
	(630, 1, 1, 'voyage_management', 'add', 104, 'Successfully added Subvoyage Management', '2016-01-20 15:45:32'),
	(631, 1, 1, 'voyage_management', 'add', 71, 'Successfully added Voyage Management', '2016-01-20 15:48:00'),
	(632, 1, 1, 'voyage_management', 'add', 105, 'Successfully added Subvoyage Management', '2016-01-20 15:48:00'),
	(633, 1, 1, 'voyage_management', 'add', 72, 'Successfully added Voyage Management', '2016-01-20 15:48:11'),
	(634, 1, 1, 'voyage_management', 'add', 106, 'Successfully added Subvoyage Management', '2016-01-20 15:48:11'),
	(635, 1, 1, 'voyage_management', 'add', 73, 'Successfully added Voyage Management', '2016-01-20 15:48:23'),
	(636, 1, 1, 'voyage_management', 'add', 107, 'Successfully added Subvoyage Management', '2016-01-20 15:48:23'),
	(637, 1, 1, 'voyage_management', 'add', 74, 'Successfully added Voyage Management', '2016-01-20 15:48:47'),
	(638, 1, 1, 'voyage_management', 'add', 108, 'Successfully added Subvoyage Management', '2016-01-20 15:48:48'),
	(639, 1, 1, 'voyage_management', 'add', 75, 'Successfully added Voyage Management', '2016-01-20 15:48:58'),
	(640, 1, 1, 'voyage_management', 'add', 109, 'Successfully added Subvoyage Management', '2016-01-20 15:48:58'),
	(641, 1, 1, 'voyage_management', 'add', 76, 'Successfully added Voyage Management', '2016-01-20 15:49:18'),
	(642, 1, 1, 'voyage_management', 'add', 110, 'Successfully added Subvoyage Management', '2016-01-20 15:49:18'),
	(643, 1, 1, 'voyage_management', 'add', 77, 'Successfully added Voyage Management', '2016-01-20 15:49:27'),
	(644, 1, 1, 'voyage_management', 'add', 111, 'Successfully added Subvoyage Management', '2016-01-20 15:49:27'),
	(645, 1, 1, 'voyage_management', 'add', 78, 'Successfully added Voyage Management', '2016-01-20 15:49:36'),
	(646, 1, 1, 'voyage_management', 'add', 112, 'Successfully added Subvoyage Management', '2016-01-20 15:49:36'),
	(647, 1, 1, 'voyage_management', 'add', 79, 'Successfully added Voyage Management', '2016-01-20 15:49:44'),
	(648, 1, 1, 'voyage_management', 'add', 113, 'Successfully added Subvoyage Management', '2016-01-20 15:49:44'),
	(649, 1, 1, 'voyage_management', 'add', 80, 'Successfully added Voyage Management', '2016-01-20 15:49:56'),
	(650, 1, 1, 'voyage_management', 'add', 114, 'Successfully added Subvoyage Management', '2016-01-20 15:49:56'),
	(651, 1, 1, 'voyage_management', 'add', 81, 'Successfully added Voyage Management', '2016-01-20 15:50:07'),
	(652, 1, 1, 'voyage_management', 'add', 115, 'Successfully added Subvoyage Management', '2016-01-20 15:50:07'),
	(653, 1, 1, 'voyage_management', 'add', 82, 'Successfully added Voyage Management', '2016-01-20 15:50:22'),
	(654, 1, 1, 'voyage_management', 'add', 116, 'Successfully added Subvoyage Management', '2016-01-20 15:50:22'),
	(655, 1, 1, 'voyage_management', 'add', 117, 'Successfully added Subvoyage Management', '2016-01-20 15:50:22'),
	(656, 1, 1, 'voyage_management', 'add', 83, 'Successfully added Voyage Management', '2016-01-20 15:50:37'),
	(657, 1, 1, 'voyage_management', 'add', 118, 'Successfully added Subvoyage Management', '2016-01-20 15:50:38'),
	(658, 1, 1, 'voyage_management', 'add', 119, 'Successfully added Subvoyage Management', '2016-01-20 15:50:38'),
	(659, 0, 0, 'login', 'index', 0, '', '2016-01-20 18:00:38'),
	(660, 0, 0, 'login', 'index', 0, '', '2016-01-21 10:14:02'),
	(661, 0, 0, 'login', 'index', 0, '', '2016-01-21 13:50:20'),
	(662, 0, 0, 'login', 'index', 0, '', '2016-01-22 09:46:42'),
	(663, 0, 0, 'login', 'index', 0, '', '2016-01-22 14:16:14'),
	(664, 0, 0, 'login', 'index', 0, '', '2016-01-22 14:48:11'),
	(665, 0, 0, 'login', 'index', 0, '', '2016-01-25 10:06:14'),
	(666, 0, 0, 'login', 'index', 0, '', '2016-01-25 10:35:07'),
	(667, 0, 0, 'login', 'index', 0, '', '2016-01-26 10:27:00'),
	(668, 0, 0, 'login', 'index', 0, '', '2016-01-26 10:42:54'),
	(669, 1, 1, 'discount', 'add', 1, 'Successfully added Discount', '2016-01-26 10:45:55'),
	(670, 1, 1, 'discount', 'edit', 1, 'Successfully updated Discount', '2016-01-26 10:46:23'),
	(671, 1, 1, 'discount', 'edit', 1, 'Successfully updated Discount', '2016-01-26 10:49:05'),
	(672, 0, 0, 'login', 'index', 0, '', '2016-01-26 13:57:09'),
	(673, 0, 0, 'login', 'index', 0, '', '2016-01-26 13:58:32'),
	(674, 0, 0, 'login', 'index', 0, '', '2016-01-26 16:04:16'),
	(675, 0, 0, 'login', 'index', 0, '', '2016-01-26 16:04:23'),
	(676, 1, 1, 'announcement', 'add', 13, 'Successfully added announcement', '2016-01-26 16:47:18'),
	(677, 1, 1, 'announcement', 'edit', 13, 'Successfully updated announcement', '2016-01-26 16:48:20'),
	(678, 1, 1, 'announcement', 'edit', 13, 'Successfully updated announcement', '2016-01-26 16:52:25'),
	(679, 1, 1, 'evoucher', 'generate', 1, 'Successfully added e-voucher series.', '2016-01-26 18:27:13'),
	(680, 1, 1, 'evoucher', 'generate', 2, 'Successfully added e-voucher series.', '2016-01-26 18:27:13'),
	(681, 1, 1, 'evoucher', 'generate', 3, 'Successfully added e-voucher series.', '2016-01-26 18:27:13'),
	(682, 1, 1, 'evoucher', 'generate', 4, 'Successfully added e-voucher series.', '2016-01-26 18:27:13'),
	(683, 1, 1, 'evoucher', 'generate', 5, 'Successfully added e-voucher series.', '2016-01-26 18:27:13'),
	(684, 1, 1, 'evoucher', 'generate', 6, 'Successfully added e-voucher series.', '2016-01-26 18:27:13'),
	(685, 1, 1, 'evoucher', 'generate', 7, 'Successfully added e-voucher series.', '2016-01-26 18:27:13'),
	(686, 1, 1, 'evoucher', 'generate', 8, 'Successfully added e-voucher series.', '2016-01-26 18:27:13'),
	(687, 1, 1, 'evoucher', 'generate', 9, 'Successfully added e-voucher series.', '2016-01-26 18:27:13'),
	(688, 1, 1, 'evoucher', 'generate', 10, 'Successfully added e-voucher series.', '2016-01-26 18:27:13'),
	(689, 1, 1, 'evoucher', 'edit', 2, 'E-voucher successfully updated.', '2016-01-26 18:27:41'),
	(690, 1, 1, 'evoucher', 'generate', 11, 'Successfully added e-voucher series.', '2016-01-26 18:28:07'),
	(691, 1, 1, 'evoucher', 'generate', 12, 'Successfully added e-voucher series.', '2016-01-26 18:28:07'),
	(692, 1, 1, 'evoucher', 'generate', 13, 'Successfully added e-voucher series.', '2016-01-26 18:28:07'),
	(693, 1, 1, 'evoucher', 'generate', 14, 'Successfully added e-voucher series.', '2016-01-26 18:28:07'),
	(694, 1, 1, 'evoucher', 'generate', 15, 'Successfully added e-voucher series.', '2016-01-26 18:28:07'),
	(695, 1, 1, 'evoucher', 'generate', 16, 'Successfully added e-voucher series.', '2016-01-26 18:28:07'),
	(696, 1, 1, 'evoucher', 'generate', 17, 'Successfully added e-voucher series.', '2016-01-26 18:28:07'),
	(697, 1, 1, 'evoucher', 'generate', 18, 'Successfully added e-voucher series.', '2016-01-26 18:28:07'),
	(698, 1, 1, 'evoucher', 'generate', 19, 'Successfully added e-voucher series.', '2016-01-26 18:28:08'),
	(699, 1, 1, 'evoucher', 'generate', 20, 'Successfully added e-voucher series.', '2016-01-26 18:28:08'),
	(700, 1, 1, 'evoucher', 'generate', 21, 'Successfully added e-voucher series.', '2016-01-26 18:28:08'),
	(701, 1, 1, 'evoucher', 'generate', 22, 'Successfully added e-voucher series.', '2016-01-26 18:28:08'),
	(702, 1, 1, 'evoucher', 'generate', 23, 'Successfully added e-voucher series.', '2016-01-26 18:28:08'),
	(703, 1, 1, 'evoucher', 'generate', 24, 'Successfully added e-voucher series.', '2016-01-26 18:28:08'),
	(704, 1, 1, 'evoucher', 'generate', 25, 'Successfully added e-voucher series.', '2016-01-26 18:28:08'),
	(705, 1, 1, 'evoucher', 'generate', 26, 'Successfully added e-voucher series.', '2016-01-26 18:28:08'),
	(706, 1, 1, 'evoucher', 'generate', 27, 'Successfully added e-voucher series.', '2016-01-26 18:28:08'),
	(707, 1, 1, 'evoucher', 'generate', 28, 'Successfully added e-voucher series.', '2016-01-26 18:28:08'),
	(708, 1, 1, 'evoucher', 'generate', 29, 'Successfully added e-voucher series.', '2016-01-26 18:28:08'),
	(709, 1, 1, 'evoucher', 'generate', 30, 'Successfully added e-voucher series.', '2016-01-26 18:28:08'),
	(710, 1, 1, 'evoucher', 'generate', 31, 'Successfully added e-voucher series.', '2016-01-26 18:28:08'),
	(711, 1, 1, 'evoucher', 'generate', 32, 'Successfully added e-voucher series.', '2016-01-26 18:28:08'),
	(712, 1, 1, 'evoucher', 'generate', 33, 'Successfully added e-voucher series.', '2016-01-26 18:28:09'),
	(713, 1, 1, 'evoucher', 'generate', 34, 'Successfully added e-voucher series.', '2016-01-26 18:28:09'),
	(714, 1, 1, 'evoucher', 'generate', 35, 'Successfully added e-voucher series.', '2016-01-26 18:28:09'),
	(715, 1, 1, 'evoucher', 'generate', 36, 'Successfully added e-voucher series.', '2016-01-26 18:28:09'),
	(716, 1, 1, 'evoucher', 'generate', 37, 'Successfully added e-voucher series.', '2016-01-26 18:28:09'),
	(717, 1, 1, 'evoucher', 'generate', 38, 'Successfully added e-voucher series.', '2016-01-26 18:28:09'),
	(718, 1, 1, 'evoucher', 'generate', 39, 'Successfully added e-voucher series.', '2016-01-26 18:28:09'),
	(719, 1, 1, 'evoucher', 'generate', 40, 'Successfully added e-voucher series.', '2016-01-26 18:28:09'),
	(720, 1, 1, 'evoucher', 'generate', 41, 'Successfully added e-voucher series.', '2016-01-26 18:28:09'),
	(721, 1, 1, 'evoucher', 'generate', 42, 'Successfully added e-voucher series.', '2016-01-26 18:28:09'),
	(722, 1, 1, 'evoucher', 'generate', 43, 'Successfully added e-voucher series.', '2016-01-26 18:28:09'),
	(723, 1, 1, 'evoucher', 'generate', 44, 'Successfully added e-voucher series.', '2016-01-26 18:28:09'),
	(724, 1, 1, 'evoucher', 'generate', 45, 'Successfully added e-voucher series.', '2016-01-26 18:28:09'),
	(725, 1, 1, 'evoucher', 'generate', 46, 'Successfully added e-voucher series.', '2016-01-26 18:28:09'),
	(726, 1, 1, 'evoucher', 'generate', 47, 'Successfully added e-voucher series.', '2016-01-26 18:28:09'),
	(727, 1, 1, 'evoucher', 'generate', 48, 'Successfully added e-voucher series.', '2016-01-26 18:28:10'),
	(728, 1, 1, 'evoucher', 'generate', 49, 'Successfully added e-voucher series.', '2016-01-26 18:28:10'),
	(729, 1, 1, 'evoucher', 'generate', 50, 'Successfully added e-voucher series.', '2016-01-26 18:28:10'),
	(730, 1, 1, 'evoucher', 'generate', 51, 'Successfully added e-voucher series.', '2016-01-26 18:28:10'),
	(731, 1, 1, 'evoucher', 'generate', 52, 'Successfully added e-voucher series.', '2016-01-26 18:28:10'),
	(732, 1, 1, 'evoucher', 'generate', 53, 'Successfully added e-voucher series.', '2016-01-26 18:28:10'),
	(733, 1, 1, 'evoucher', 'generate', 54, 'Successfully added e-voucher series.', '2016-01-26 18:28:10'),
	(734, 1, 1, 'evoucher', 'generate', 55, 'Successfully added e-voucher series.', '2016-01-26 18:28:10'),
	(735, 1, 1, 'evoucher', 'generate', 56, 'Successfully added e-voucher series.', '2016-01-26 18:28:10'),
	(736, 1, 1, 'evoucher', 'generate', 57, 'Successfully added e-voucher series.', '2016-01-26 18:28:10'),
	(737, 1, 1, 'evoucher', 'generate', 58, 'Successfully added e-voucher series.', '2016-01-26 18:28:10'),
	(738, 1, 1, 'evoucher', 'generate', 59, 'Successfully added e-voucher series.', '2016-01-26 18:28:10'),
	(739, 1, 1, 'evoucher', 'generate', 60, 'Successfully added e-voucher series.', '2016-01-26 18:28:10'),
	(740, 1, 1, 'evoucher', 'generate', 61, 'Successfully added e-voucher series.', '2016-01-26 18:28:10'),
	(741, 1, 1, 'evoucher', 'generate', 62, 'Successfully added e-voucher series.', '2016-01-26 18:28:10'),
	(742, 1, 1, 'evoucher', 'generate', 63, 'Successfully added e-voucher series.', '2016-01-26 18:28:10'),
	(743, 1, 1, 'evoucher', 'generate', 64, 'Successfully added e-voucher series.', '2016-01-26 18:28:11'),
	(744, 1, 1, 'evoucher', 'generate', 65, 'Successfully added e-voucher series.', '2016-01-26 18:28:11'),
	(745, 1, 1, 'evoucher', 'generate', 66, 'Successfully added e-voucher series.', '2016-01-26 18:28:11'),
	(746, 1, 1, 'evoucher', 'generate', 67, 'Successfully added e-voucher series.', '2016-01-26 18:28:11'),
	(747, 1, 1, 'evoucher', 'generate', 68, 'Successfully added e-voucher series.', '2016-01-26 18:28:11'),
	(748, 1, 1, 'evoucher', 'generate', 69, 'Successfully added e-voucher series.', '2016-01-26 18:28:11'),
	(749, 1, 1, 'evoucher', 'generate', 70, 'Successfully added e-voucher series.', '2016-01-26 18:28:11'),
	(750, 1, 1, 'evoucher', 'generate', 71, 'Successfully added e-voucher series.', '2016-01-26 18:28:11'),
	(751, 1, 1, 'evoucher', 'generate', 72, 'Successfully added e-voucher series.', '2016-01-26 18:28:11'),
	(752, 1, 1, 'evoucher', 'generate', 73, 'Successfully added e-voucher series.', '2016-01-26 18:28:11'),
	(753, 1, 1, 'evoucher', 'generate', 74, 'Successfully added e-voucher series.', '2016-01-26 18:28:11'),
	(754, 1, 1, 'evoucher', 'generate', 75, 'Successfully added e-voucher series.', '2016-01-26 18:28:11'),
	(755, 1, 1, 'evoucher', 'generate', 76, 'Successfully added e-voucher series.', '2016-01-26 18:28:11'),
	(756, 1, 1, 'evoucher', 'generate', 77, 'Successfully added e-voucher series.', '2016-01-26 18:28:11'),
	(757, 1, 1, 'evoucher', 'generate', 78, 'Successfully added e-voucher series.', '2016-01-26 18:28:11'),
	(758, 1, 1, 'evoucher', 'generate', 79, 'Successfully added e-voucher series.', '2016-01-26 18:28:12'),
	(759, 1, 1, 'evoucher', 'generate', 80, 'Successfully added e-voucher series.', '2016-01-26 18:28:12'),
	(760, 1, 1, 'evoucher', 'generate', 81, 'Successfully added e-voucher series.', '2016-01-26 18:28:12'),
	(761, 1, 1, 'evoucher', 'generate', 82, 'Successfully added e-voucher series.', '2016-01-26 18:28:12'),
	(762, 1, 1, 'evoucher', 'generate', 83, 'Successfully added e-voucher series.', '2016-01-26 18:28:12'),
	(763, 1, 1, 'evoucher', 'generate', 84, 'Successfully added e-voucher series.', '2016-01-26 18:28:12'),
	(764, 1, 1, 'evoucher', 'generate', 85, 'Successfully added e-voucher series.', '2016-01-26 18:28:12'),
	(765, 1, 1, 'evoucher', 'generate', 86, 'Successfully added e-voucher series.', '2016-01-26 18:28:12'),
	(766, 1, 1, 'evoucher', 'generate', 87, 'Successfully added e-voucher series.', '2016-01-26 18:28:12'),
	(767, 1, 1, 'evoucher', 'generate', 88, 'Successfully added e-voucher series.', '2016-01-26 18:28:13'),
	(768, 1, 1, 'evoucher', 'generate', 89, 'Successfully added e-voucher series.', '2016-01-26 18:28:13'),
	(769, 1, 1, 'evoucher', 'generate', 90, 'Successfully added e-voucher series.', '2016-01-26 18:28:13'),
	(770, 1, 1, 'evoucher', 'generate', 91, 'Successfully added e-voucher series.', '2016-01-26 18:28:13'),
	(771, 1, 1, 'evoucher', 'generate', 92, 'Successfully added e-voucher series.', '2016-01-26 18:28:13'),
	(772, 1, 1, 'evoucher', 'generate', 93, 'Successfully added e-voucher series.', '2016-01-26 18:28:13'),
	(773, 1, 1, 'evoucher', 'generate', 94, 'Successfully added e-voucher series.', '2016-01-26 18:28:13'),
	(774, 1, 1, 'evoucher', 'generate', 95, 'Successfully added e-voucher series.', '2016-01-26 18:28:13'),
	(775, 1, 1, 'evoucher', 'generate', 96, 'Successfully added e-voucher series.', '2016-01-26 18:28:13'),
	(776, 1, 1, 'evoucher', 'generate', 97, 'Successfully added e-voucher series.', '2016-01-26 18:28:13'),
	(777, 1, 1, 'evoucher', 'generate', 98, 'Successfully added e-voucher series.', '2016-01-26 18:28:13'),
	(778, 1, 1, 'evoucher', 'generate', 99, 'Successfully added e-voucher series.', '2016-01-26 18:28:13'),
	(779, 1, 1, 'evoucher', 'generate', 100, 'Successfully added e-voucher series.', '2016-01-26 18:28:13'),
	(780, 1, 1, 'evoucher', 'generate', 101, 'Successfully added e-voucher series.', '2016-01-26 18:28:14'),
	(781, 1, 1, 'evoucher', 'generate', 102, 'Successfully added e-voucher series.', '2016-01-26 18:28:14'),
	(782, 1, 1, 'evoucher', 'generate', 103, 'Successfully added e-voucher series.', '2016-01-26 18:28:14'),
	(783, 1, 1, 'evoucher', 'generate', 104, 'Successfully added e-voucher series.', '2016-01-26 18:28:14'),
	(784, 1, 1, 'evoucher', 'generate', 105, 'Successfully added e-voucher series.', '2016-01-26 18:28:14'),
	(785, 1, 1, 'evoucher', 'generate', 106, 'Successfully added e-voucher series.', '2016-01-26 18:28:14'),
	(786, 1, 1, 'evoucher', 'generate', 107, 'Successfully added e-voucher series.', '2016-01-26 18:28:14'),
	(787, 1, 1, 'evoucher', 'generate', 108, 'Successfully added e-voucher series.', '2016-01-26 18:28:14'),
	(788, 1, 1, 'evoucher', 'generate', 109, 'Successfully added e-voucher series.', '2016-01-26 18:28:14'),
	(789, 1, 1, 'evoucher', 'generate', 110, 'Successfully added e-voucher series.', '2016-01-26 18:28:14'),
	(790, 1, 1, 'evoucher', 'generate', 111, 'Successfully added e-voucher series.', '2016-01-26 18:28:14'),
	(791, 1, 1, 'evoucher', 'generate', 112, 'Successfully added e-voucher series.', '2016-01-26 18:28:15'),
	(792, 1, 1, 'evoucher', 'generate', 113, 'Successfully added e-voucher series.', '2016-01-26 18:28:15'),
	(793, 1, 1, 'evoucher', 'generate', 114, 'Successfully added e-voucher series.', '2016-01-26 18:28:15'),
	(794, 1, 1, 'evoucher', 'generate', 115, 'Successfully added e-voucher series.', '2016-01-26 18:28:15'),
	(795, 1, 1, 'evoucher', 'generate', 116, 'Successfully added e-voucher series.', '2016-01-26 18:28:15'),
	(796, 1, 1, 'evoucher', 'generate', 117, 'Successfully added e-voucher series.', '2016-01-26 18:28:15'),
	(797, 1, 1, 'evoucher', 'generate', 118, 'Successfully added e-voucher series.', '2016-01-26 18:28:15'),
	(798, 1, 1, 'evoucher', 'generate', 119, 'Successfully added e-voucher series.', '2016-01-26 18:28:15'),
	(799, 1, 1, 'evoucher', 'generate', 120, 'Successfully added e-voucher series.', '2016-01-26 18:28:15'),
	(800, 1, 1, 'evoucher', 'generate', 121, 'Successfully added e-voucher series.', '2016-01-26 18:28:15'),
	(801, 1, 1, 'evoucher', 'generate', 122, 'Successfully added e-voucher series.', '2016-01-26 18:28:15'),
	(802, 1, 1, 'evoucher', 'generate', 123, 'Successfully added e-voucher series.', '2016-01-26 18:28:15'),
	(803, 1, 1, 'evoucher', 'generate', 124, 'Successfully added e-voucher series.', '2016-01-26 18:28:15'),
	(804, 1, 1, 'evoucher', 'generate', 125, 'Successfully added e-voucher series.', '2016-01-26 18:28:15'),
	(805, 1, 1, 'evoucher', 'generate', 126, 'Successfully added e-voucher series.', '2016-01-26 18:28:15'),
	(806, 1, 1, 'evoucher', 'generate', 127, 'Successfully added e-voucher series.', '2016-01-26 18:28:16'),
	(807, 1, 1, 'evoucher', 'generate', 128, 'Successfully added e-voucher series.', '2016-01-26 18:28:16'),
	(808, 1, 1, 'evoucher', 'generate', 129, 'Successfully added e-voucher series.', '2016-01-26 18:28:16'),
	(809, 1, 1, 'evoucher', 'generate', 130, 'Successfully added e-voucher series.', '2016-01-26 18:28:16'),
	(810, 1, 1, 'evoucher', 'generate', 131, 'Successfully added e-voucher series.', '2016-01-26 18:28:16'),
	(811, 1, 1, 'evoucher', 'generate', 132, 'Successfully added e-voucher series.', '2016-01-26 18:28:16'),
	(812, 1, 1, 'evoucher', 'generate', 133, 'Successfully added e-voucher series.', '2016-01-26 18:28:16'),
	(813, 1, 1, 'evoucher', 'generate', 134, 'Successfully added e-voucher series.', '2016-01-26 18:28:16'),
	(814, 1, 1, 'evoucher', 'generate', 135, 'Successfully added e-voucher series.', '2016-01-26 18:28:16'),
	(815, 1, 1, 'evoucher', 'generate', 136, 'Successfully added e-voucher series.', '2016-01-26 18:28:16'),
	(816, 1, 1, 'evoucher', 'generate', 137, 'Successfully added e-voucher series.', '2016-01-26 18:28:16'),
	(817, 1, 1, 'evoucher', 'generate', 138, 'Successfully added e-voucher series.', '2016-01-26 18:28:16'),
	(818, 1, 1, 'evoucher', 'generate', 139, 'Successfully added e-voucher series.', '2016-01-26 18:28:16'),
	(819, 1, 1, 'evoucher', 'generate', 140, 'Successfully added e-voucher series.', '2016-01-26 18:28:16'),
	(820, 1, 1, 'evoucher', 'generate', 141, 'Successfully added e-voucher series.', '2016-01-26 18:28:17'),
	(821, 1, 1, 'evoucher', 'generate', 142, 'Successfully added e-voucher series.', '2016-01-26 18:28:17'),
	(822, 1, 1, 'evoucher', 'generate', 143, 'Successfully added e-voucher series.', '2016-01-26 18:28:17'),
	(823, 1, 1, 'evoucher', 'generate', 144, 'Successfully added e-voucher series.', '2016-01-26 18:28:17'),
	(824, 1, 1, 'evoucher', 'generate', 145, 'Successfully added e-voucher series.', '2016-01-26 18:28:17'),
	(825, 1, 1, 'evoucher', 'generate', 146, 'Successfully added e-voucher series.', '2016-01-26 18:28:17'),
	(826, 1, 1, 'evoucher', 'generate', 147, 'Successfully added e-voucher series.', '2016-01-26 18:28:17'),
	(827, 1, 1, 'evoucher', 'generate', 148, 'Successfully added e-voucher series.', '2016-01-26 18:28:17'),
	(828, 1, 1, 'evoucher', 'generate', 149, 'Successfully added e-voucher series.', '2016-01-26 18:28:17'),
	(829, 1, 1, 'evoucher', 'generate', 150, 'Successfully added e-voucher series.', '2016-01-26 18:28:17'),
	(830, 1, 1, 'evoucher', 'generate', 151, 'Successfully added e-voucher series.', '2016-01-26 18:28:17'),
	(831, 1, 1, 'evoucher', 'generate', 152, 'Successfully added e-voucher series.', '2016-01-26 18:28:17'),
	(832, 1, 1, 'evoucher', 'generate', 153, 'Successfully added e-voucher series.', '2016-01-26 18:28:17'),
	(833, 1, 1, 'evoucher', 'generate', 154, 'Successfully added e-voucher series.', '2016-01-26 18:28:17'),
	(834, 1, 1, 'evoucher', 'generate', 155, 'Successfully added e-voucher series.', '2016-01-26 18:28:18'),
	(835, 1, 1, 'evoucher', 'generate', 156, 'Successfully added e-voucher series.', '2016-01-26 18:28:18'),
	(836, 1, 1, 'evoucher', 'generate', 157, 'Successfully added e-voucher series.', '2016-01-26 18:28:18'),
	(837, 1, 1, 'evoucher', 'generate', 158, 'Successfully added e-voucher series.', '2016-01-26 18:28:18'),
	(838, 1, 1, 'evoucher', 'generate', 159, 'Successfully added e-voucher series.', '2016-01-26 18:28:18'),
	(839, 1, 1, 'evoucher', 'generate', 160, 'Successfully added e-voucher series.', '2016-01-26 18:28:18'),
	(840, 1, 1, 'evoucher', 'generate', 161, 'Successfully added e-voucher series.', '2016-01-26 18:28:18'),
	(841, 1, 1, 'evoucher', 'generate', 162, 'Successfully added e-voucher series.', '2016-01-26 18:28:18'),
	(842, 1, 1, 'evoucher', 'generate', 163, 'Successfully added e-voucher series.', '2016-01-26 18:28:18'),
	(843, 1, 1, 'evoucher', 'generate', 164, 'Successfully added e-voucher series.', '2016-01-26 18:28:18'),
	(844, 1, 1, 'evoucher', 'generate', 165, 'Successfully added e-voucher series.', '2016-01-26 18:28:18'),
	(845, 1, 1, 'evoucher', 'generate', 166, 'Successfully added e-voucher series.', '2016-01-26 18:28:18'),
	(846, 1, 1, 'evoucher', 'generate', 167, 'Successfully added e-voucher series.', '2016-01-26 18:28:18'),
	(847, 1, 1, 'evoucher', 'generate', 168, 'Successfully added e-voucher series.', '2016-01-26 18:28:18'),
	(848, 1, 1, 'evoucher', 'generate', 169, 'Successfully added e-voucher series.', '2016-01-26 18:28:18'),
	(849, 1, 1, 'evoucher', 'generate', 170, 'Successfully added e-voucher series.', '2016-01-26 18:28:18'),
	(850, 1, 1, 'evoucher', 'generate', 171, 'Successfully added e-voucher series.', '2016-01-26 18:28:19'),
	(851, 1, 1, 'evoucher', 'generate', 172, 'Successfully added e-voucher series.', '2016-01-26 18:28:19'),
	(852, 1, 1, 'evoucher', 'generate', 173, 'Successfully added e-voucher series.', '2016-01-26 18:28:19'),
	(853, 1, 1, 'evoucher', 'generate', 174, 'Successfully added e-voucher series.', '2016-01-26 18:28:19'),
	(854, 1, 1, 'evoucher', 'generate', 175, 'Successfully added e-voucher series.', '2016-01-26 18:28:19'),
	(855, 1, 1, 'evoucher', 'generate', 176, 'Successfully added e-voucher series.', '2016-01-26 18:28:19'),
	(856, 1, 1, 'evoucher', 'generate', 177, 'Successfully added e-voucher series.', '2016-01-26 18:28:19'),
	(857, 1, 1, 'evoucher', 'generate', 178, 'Successfully added e-voucher series.', '2016-01-26 18:28:19'),
	(858, 1, 1, 'evoucher', 'generate', 179, 'Successfully added e-voucher series.', '2016-01-26 18:28:19'),
	(859, 1, 1, 'evoucher', 'generate', 180, 'Successfully added e-voucher series.', '2016-01-26 18:28:19'),
	(860, 1, 1, 'evoucher', 'edit', 2, 'E-voucher successfully updated.', '2016-01-26 18:28:33'),
	(861, 1, 1, 'evoucher', 'generate', 181, 'Successfully added e-voucher series.', '2016-01-26 18:31:44'),
	(862, 1, 1, 'evoucher', 'generate', 182, 'Successfully added e-voucher series.', '2016-01-26 18:31:44'),
	(863, 1, 1, 'evoucher', 'generate', 183, 'Successfully added e-voucher series.', '2016-01-26 18:31:44'),
	(864, 1, 1, 'evoucher', 'generate', 184, 'Successfully added e-voucher series.', '2016-01-26 18:31:44'),
	(865, 1, 1, 'evoucher', 'generate', 185, 'Successfully added e-voucher series.', '2016-01-26 18:31:44'),
	(866, 1, 1, 'evoucher', 'generate', 186, 'Successfully added e-voucher series.', '2016-01-26 18:31:44'),
	(867, 1, 1, 'evoucher', 'generate', 187, 'Successfully added e-voucher series.', '2016-01-26 18:31:45'),
	(868, 1, 1, 'evoucher', 'generate', 188, 'Successfully added e-voucher series.', '2016-01-26 18:31:45'),
	(869, 1, 1, 'evoucher', 'generate', 189, 'Successfully added e-voucher series.', '2016-01-26 18:31:45'),
	(870, 1, 1, 'evoucher', 'generate', 190, 'Successfully added e-voucher series.', '2016-01-26 18:31:45'),
	(871, 1, 1, 'evoucher', 'generate', 191, 'Successfully added e-voucher series.', '2016-01-26 18:31:45'),
	(872, 1, 1, 'evoucher', 'generate', 192, 'Successfully added e-voucher series.', '2016-01-26 18:31:45'),
	(873, 1, 1, 'evoucher', 'generate', 193, 'Successfully added e-voucher series.', '2016-01-26 18:31:45'),
	(874, 1, 1, 'evoucher', 'generate', 194, 'Successfully added e-voucher series.', '2016-01-26 18:31:45'),
	(875, 1, 1, 'evoucher', 'generate', 195, 'Successfully added e-voucher series.', '2016-01-26 18:31:45'),
	(876, 1, 1, 'evoucher', 'generate', 196, 'Successfully added e-voucher series.', '2016-01-26 18:31:45'),
	(877, 1, 1, 'evoucher', 'generate', 197, 'Successfully added e-voucher series.', '2016-01-26 18:31:45'),
	(878, 1, 1, 'evoucher', 'generate', 198, 'Successfully added e-voucher series.', '2016-01-26 18:31:45'),
	(879, 1, 1, 'evoucher', 'generate', 199, 'Successfully added e-voucher series.', '2016-01-26 18:31:46'),
	(880, 1, 1, 'evoucher', 'generate', 200, 'Successfully added e-voucher series.', '2016-01-26 18:31:46'),
	(881, 1, 1, 'evoucher', 'generate', 201, 'Successfully added e-voucher series.', '2016-01-26 18:31:46'),
	(882, 1, 1, 'evoucher', 'generate', 202, 'Successfully added e-voucher series.', '2016-01-26 18:31:46'),
	(883, 1, 1, 'evoucher', 'generate', 203, 'Successfully added e-voucher series.', '2016-01-26 18:31:46'),
	(884, 1, 1, 'evoucher', 'generate', 204, 'Successfully added e-voucher series.', '2016-01-26 18:31:46'),
	(885, 1, 1, 'evoucher', 'generate', 205, 'Successfully added e-voucher series.', '2016-01-26 18:31:46'),
	(886, 1, 1, 'evoucher', 'generate', 206, 'Successfully added e-voucher series.', '2016-01-26 18:31:46'),
	(887, 1, 1, 'evoucher', 'generate', 207, 'Successfully added e-voucher series.', '2016-01-26 18:31:46'),
	(888, 1, 1, 'evoucher', 'generate', 208, 'Successfully added e-voucher series.', '2016-01-26 18:31:46'),
	(889, 1, 1, 'evoucher', 'generate', 209, 'Successfully added e-voucher series.', '2016-01-26 18:31:46'),
	(890, 1, 1, 'evoucher', 'generate', 210, 'Successfully added e-voucher series.', '2016-01-26 18:31:46'),
	(891, 1, 1, 'evoucher', 'generate', 211, 'Successfully added e-voucher series.', '2016-01-26 18:31:46'),
	(892, 1, 1, 'evoucher', 'generate', 212, 'Successfully added e-voucher series.', '2016-01-26 18:31:46'),
	(893, 1, 1, 'evoucher', 'generate', 213, 'Successfully added e-voucher series.', '2016-01-26 18:31:46'),
	(894, 1, 1, 'evoucher', 'generate', 214, 'Successfully added e-voucher series.', '2016-01-26 18:31:47'),
	(895, 1, 1, 'evoucher', 'generate', 215, 'Successfully added e-voucher series.', '2016-01-26 18:31:47'),
	(896, 1, 1, 'evoucher', 'generate', 216, 'Successfully added e-voucher series.', '2016-01-26 18:31:47'),
	(897, 1, 1, 'evoucher', 'generate', 217, 'Successfully added e-voucher series.', '2016-01-26 18:31:47'),
	(898, 1, 1, 'evoucher', 'generate', 218, 'Successfully added e-voucher series.', '2016-01-26 18:31:47'),
	(899, 1, 1, 'evoucher', 'generate', 219, 'Successfully added e-voucher series.', '2016-01-26 18:31:47'),
	(900, 1, 1, 'evoucher', 'generate', 220, 'Successfully added e-voucher series.', '2016-01-26 18:31:47'),
	(901, 1, 1, 'evoucher', 'generate', 221, 'Successfully added e-voucher series.', '2016-01-26 18:31:47'),
	(902, 1, 1, 'evoucher', 'generate', 222, 'Successfully added e-voucher series.', '2016-01-26 18:31:47'),
	(903, 1, 1, 'evoucher', 'generate', 223, 'Successfully added e-voucher series.', '2016-01-26 18:31:47'),
	(904, 1, 1, 'evoucher', 'generate', 224, 'Successfully added e-voucher series.', '2016-01-26 18:31:47'),
	(905, 1, 1, 'evoucher', 'generate', 225, 'Successfully added e-voucher series.', '2016-01-26 18:31:47'),
	(906, 1, 1, 'evoucher', 'generate', 226, 'Successfully added e-voucher series.', '2016-01-26 18:31:47'),
	(907, 1, 1, 'evoucher', 'generate', 227, 'Successfully added e-voucher series.', '2016-01-26 18:31:47'),
	(908, 1, 1, 'evoucher', 'generate', 228, 'Successfully added e-voucher series.', '2016-01-26 18:31:47'),
	(909, 1, 1, 'evoucher', 'generate', 229, 'Successfully added e-voucher series.', '2016-01-26 18:31:47'),
	(910, 1, 1, 'evoucher', 'generate', 230, 'Successfully added e-voucher series.', '2016-01-26 18:31:48'),
	(911, 1, 1, 'evoucher', 'generate', 231, 'Successfully added e-voucher series.', '2016-01-26 18:31:48'),
	(912, 1, 1, 'evoucher', 'generate', 232, 'Successfully added e-voucher series.', '2016-01-26 18:31:48'),
	(913, 1, 1, 'evoucher', 'generate', 233, 'Successfully added e-voucher series.', '2016-01-26 18:31:48'),
	(914, 1, 1, 'evoucher', 'generate', 234, 'Successfully added e-voucher series.', '2016-01-26 18:31:48'),
	(915, 1, 1, 'evoucher', 'generate', 235, 'Successfully added e-voucher series.', '2016-01-26 18:31:48'),
	(916, 1, 1, 'evoucher', 'generate', 236, 'Successfully added e-voucher series.', '2016-01-26 18:31:48'),
	(917, 1, 1, 'evoucher', 'generate', 237, 'Successfully added e-voucher series.', '2016-01-26 18:31:48'),
	(918, 1, 1, 'evoucher', 'generate', 238, 'Successfully added e-voucher series.', '2016-01-26 18:31:48'),
	(919, 1, 1, 'evoucher', 'generate', 239, 'Successfully added e-voucher series.', '2016-01-26 18:31:49'),
	(920, 1, 1, 'evoucher', 'generate', 240, 'Successfully added e-voucher series.', '2016-01-26 18:31:49'),
	(921, 1, 1, 'evoucher', 'generate', 241, 'Successfully added e-voucher series.', '2016-01-26 18:31:49'),
	(922, 1, 1, 'evoucher', 'generate', 242, 'Successfully added e-voucher series.', '2016-01-26 18:31:49'),
	(923, 1, 1, 'evoucher', 'generate', 243, 'Successfully added e-voucher series.', '2016-01-26 18:31:49'),
	(924, 1, 1, 'evoucher', 'generate', 244, 'Successfully added e-voucher series.', '2016-01-26 18:31:49'),
	(925, 1, 1, 'evoucher', 'generate', 245, 'Successfully added e-voucher series.', '2016-01-26 18:31:49'),
	(926, 1, 1, 'evoucher', 'generate', 246, 'Successfully added e-voucher series.', '2016-01-26 18:31:49'),
	(927, 1, 1, 'evoucher', 'generate', 247, 'Successfully added e-voucher series.', '2016-01-26 18:31:49'),
	(928, 1, 1, 'evoucher', 'generate', 248, 'Successfully added e-voucher series.', '2016-01-26 18:31:49'),
	(929, 1, 1, 'evoucher', 'generate', 249, 'Successfully added e-voucher series.', '2016-01-26 18:31:49'),
	(930, 1, 1, 'evoucher', 'generate', 250, 'Successfully added e-voucher series.', '2016-01-26 18:31:49'),
	(931, 1, 1, 'evoucher', 'generate', 251, 'Successfully added e-voucher series.', '2016-01-26 18:31:49'),
	(932, 1, 1, 'evoucher', 'generate', 252, 'Successfully added e-voucher series.', '2016-01-26 18:31:49'),
	(933, 1, 1, 'evoucher', 'generate', 253, 'Successfully added e-voucher series.', '2016-01-26 18:31:49'),
	(934, 1, 1, 'evoucher', 'generate', 254, 'Successfully added e-voucher series.', '2016-01-26 18:31:49'),
	(935, 1, 1, 'evoucher', 'generate', 255, 'Successfully added e-voucher series.', '2016-01-26 18:31:49'),
	(936, 1, 1, 'evoucher', 'generate', 256, 'Successfully added e-voucher series.', '2016-01-26 18:31:50'),
	(937, 1, 1, 'evoucher', 'generate', 257, 'Successfully added e-voucher series.', '2016-01-26 18:31:50'),
	(938, 1, 1, 'evoucher', 'generate', 258, 'Successfully added e-voucher series.', '2016-01-26 18:31:50'),
	(939, 1, 1, 'evoucher', 'generate', 259, 'Successfully added e-voucher series.', '2016-01-26 18:31:50'),
	(940, 1, 1, 'evoucher', 'generate', 260, 'Successfully added e-voucher series.', '2016-01-26 18:31:50'),
	(941, 1, 1, 'evoucher', 'generate', 261, 'Successfully added e-voucher series.', '2016-01-26 18:31:50'),
	(942, 1, 1, 'evoucher', 'generate', 262, 'Successfully added e-voucher series.', '2016-01-26 18:31:50'),
	(943, 1, 1, 'evoucher', 'generate', 263, 'Successfully added e-voucher series.', '2016-01-26 18:31:50'),
	(944, 1, 1, 'evoucher', 'generate', 264, 'Successfully added e-voucher series.', '2016-01-26 18:31:50'),
	(945, 1, 1, 'evoucher', 'generate', 265, 'Successfully added e-voucher series.', '2016-01-26 18:31:50'),
	(946, 1, 1, 'evoucher', 'generate', 266, 'Successfully added e-voucher series.', '2016-01-26 18:31:50'),
	(947, 1, 1, 'evoucher', 'generate', 267, 'Successfully added e-voucher series.', '2016-01-26 18:31:50'),
	(948, 1, 1, 'evoucher', 'generate', 268, 'Successfully added e-voucher series.', '2016-01-26 18:31:50'),
	(949, 1, 1, 'evoucher', 'generate', 269, 'Successfully added e-voucher series.', '2016-01-26 18:31:50'),
	(950, 1, 1, 'evoucher', 'generate', 270, 'Successfully added e-voucher series.', '2016-01-26 18:31:50'),
	(951, 0, 0, 'login', 'index', 0, '', '2016-01-27 09:52:52'),
	(952, 0, 0, 'login', 'index', 0, '', '2016-01-27 14:43:33'),
	(953, 0, 0, 'login', 'index', 0, '', '2016-01-27 17:12:04'),
	(954, 0, 0, 'login', 'index', 0, '', '2016-01-28 09:57:08'),
	(955, 0, 0, 'login', 'index', 0, '', '2016-01-28 16:39:31'),
	(956, 0, 0, 'login', 'index', 0, '', '2016-01-29 10:16:13'),
	(957, 0, 0, 'login', 'index', 0, '', '2016-01-29 13:54:03'),
	(958, 1, 1, 'logout', 'index', 0, '', '2016-01-29 14:01:14'),
	(959, 0, 0, 'login', 'index', 0, '', '2016-01-29 14:10:42'),
	(960, 0, 0, 'login', 'index', 0, '', '2016-01-29 14:28:31'),
	(961, 1, 1, 'logout', 'index', 0, '', '2016-01-29 15:01:04'),
	(962, 0, 0, 'logout', 'index', 0, '', '2016-01-29 16:43:17'),
	(963, 0, 0, 'login', 'index', 0, '', '2016-01-29 16:43:40'),
	(964, 1, 1, 'user', 'add', 5, 'Successfully added User Account!', '2016-01-29 16:44:33'),
	(965, 0, 0, 'login', 'index', 0, '', '2016-02-01 10:38:04'),
	(966, 0, 0, 'login', 'index', 0, '', '2016-02-01 10:53:59'),
	(967, 1, 1, 'outlet', 'add', 1, 'Successfully added Outlet', '2016-02-01 10:55:25'),
	(968, 1, 1, 'outlet', 'add', 2, 'Successfully added Outlet', '2016-02-01 11:13:43'),
	(969, 0, 0, 'login', 'index', 0, '', '2016-02-01 11:30:28'),
	(970, 1, 1, 'outlet', 'add', 3, 'Successfully added Outlet', '2016-02-01 11:38:11'),
	(971, 1, 1, 'voyage', 'add', 19, 'Successfully added Voyage', '2016-02-01 12:05:23'),
	(972, 1, 1, 'voyage', 'edit', 19, 'Successfully updated voyage', '2016-02-01 12:10:03'),
	(973, 1, 1, 'voyage', 'edit', 19, 'Successfully updated voyage', '2016-02-01 12:11:38'),
	(974, 1, 1, 'voyage', 'edit', 19, 'Successfully updated voyage', '2016-02-01 12:32:01'),
	(975, 1, 1, 'voyage', 'edit', 19, 'Successfully updated voyage', '2016-02-01 12:33:05'),
	(976, 1, 1, 'voyage', 'edit', 18, 'Successfully updated voyage', '2016-02-01 12:37:41'),
	(977, 1, 1, 'voyage', 'add', 20, 'Successfully added Voyage', '2016-02-01 12:41:47'),
	(978, 1, 1, 'voyage', 'edit', 20, 'Successfully updated voyage', '2016-02-01 12:42:17'),
	(979, 1, 1, 'voyage', 'edit', 20, 'Successfully updated voyage', '2016-02-01 12:49:55'),
	(980, 0, 0, 'login', 'index', 0, '', '2016-02-01 13:25:00'),
	(981, 0, 0, 'login', 'index', 0, '', '2016-02-01 13:45:55'),
	(982, 0, 0, 'login', 'index', 0, '', '2016-02-01 13:48:05'),
	(983, 0, 0, 'login', 'index', 0, '', '2016-02-01 14:33:52'),
	(984, 0, 0, 'login', 'index', 0, '', '2016-02-01 14:41:51'),
	(985, 1, 1, 'outlet', 'edit', 1, 'Successfully updated outlet', '2016-02-01 15:02:31'),
	(986, 1, 1, 'outlet', 'edit', 2, 'Successfully updated outlet', '2016-02-01 15:05:43'),
	(987, 1, 1, 'outlet', 'edit', 1, 'Successfully updated outlet', '2016-02-01 15:14:39'),
	(988, 1, 1, 'outlet', 'add', 4, 'Successfully added Outlet', '2016-02-01 15:46:02'),
	(989, 1, 1, 'outlet', 'edit', 4, 'Successfully updated outlet', '2016-02-01 15:46:24'),
	(990, 1, 1, 'outlet', 'add', 5, 'Successfully added Outlet', '2016-02-01 15:49:12'),
	(991, 1, 1, 'outlet', 'add', 6, 'Successfully added Outlet', '2016-02-01 15:51:07'),
	(992, 1, 1, 'outlet', 'add', 7, 'Successfully added Outlet', '2016-02-01 16:30:52'),
	(993, 1, 1, 'outlet', 'add', 8, 'Successfully added Outlet', '2016-02-01 16:31:14'),
	(994, 1, 1, 'outlet', 'add', 9, 'Successfully added Outlet', '2016-02-01 16:31:42'),
	(995, 1, 1, 'outlet', 'add', 10, 'Successfully added Outlet', '2016-02-01 16:32:17'),
	(996, 1, 1, 'outlet', 'edit', 8, 'Successfully updated outlet', '2016-02-01 16:34:00'),
	(997, 1, 1, 'outlet', 'edit', 7, 'Successfully updated outlet', '2016-02-01 16:58:12'),
	(998, 1, 1, 'outlet', 'edit', 7, 'Successfully updated outlet', '2016-02-01 17:00:42'),
	(999, 1, 1, 'outlet', 'edit', 7, 'Successfully updated outlet', '2016-02-01 17:01:13'),
	(1000, 1, 1, 'outlet', 'add', 11, 'Successfully added Outlet', '2016-02-01 17:42:32'),
	(1001, 1, 1, 'outlet', 'add', 1, 'Successfully added Outlet', '2016-02-01 17:43:21'),
	(1002, 0, 0, 'login', 'index', 0, '', '2016-02-02 10:27:09'),
	(1003, 0, 0, 'login', 'index', 0, '', '2016-02-02 10:27:32'),
	(1004, 1, 1, 'outlet', 'edit', 1, 'Successfully updated outlet', '2016-02-02 10:40:41'),
	(1005, 0, 0, 'login', 'index', 0, '', '2016-02-02 10:44:45'),
	(1006, 1, 1, 'ticket_series', 'add', 2, 'Successfully added Ticket series', '2016-02-02 11:47:26'),
	(1007, 0, 0, 'login', 'index', 0, '', '2016-02-02 14:19:39'),
	(1008, 1, 1, 'outlet', 'edit', 1, 'Successfully updated outlet', '2016-02-02 14:19:50'),
	(1009, 0, 0, 'login', 'index', 0, '', '2016-02-02 16:15:10'),
	(1010, 1, 1, 'logout', 'index', 0, '', '2016-02-02 17:32:32'),
	(1011, 0, 0, 'login', 'index', 0, '', '2016-02-02 18:21:13'),
	(1012, 1, 1, 'user', 'edit', 3, 'Successfully updated User Account!', '2016-02-02 18:59:40'),
	(1013, 1, 1, 'user', 'edit', 4, 'Successfully updated User Account!', '2016-02-02 18:59:48'),
	(1014, 0, 0, 'login', 'index', 0, '', '2016-02-03 08:51:18'),
	(1015, 0, 0, 'login', 'index', 0, '', '2016-02-03 09:08:57'),
	(1016, 0, 0, 'login', 'index', 0, '', '2016-02-03 09:12:48'),
	(1017, 1, 1, 'outlet', 'edit', 1, 'Successfully updated outlet', '2016-02-03 09:18:01'),
	(1018, 1, 1, 'outlet', 'edit', 1, 'Successfully updated outlet', '2016-02-03 09:18:12'),
	(1019, 0, 0, 'login', 'index', 0, '', '2016-02-03 09:24:58'),
	(1020, 0, 0, 'login', 'index', 0, '', '2016-02-03 10:01:15'),
	(1021, 1, 1, 'logout', 'index', 0, '', '2016-02-03 10:17:34'),
	(1022, 0, 0, 'login', 'index', 0, '', '2016-02-03 10:17:47'),
	(1023, 0, 0, 'login', 'index', 0, '', '2016-02-03 10:19:03'),
	(1024, 0, 0, 'login', 'index', 0, '', '2016-02-03 10:21:43'),
	(1025, 1, 1, 'outlet', 'add', 2, 'Successfully added Outlet', '2016-02-03 10:31:35'),
	(1026, 0, 0, 'login', 'index', 0, '', '2016-02-03 10:42:41'),
	(1027, 1, 1, 'logout', 'index', 0, '', '2016-02-03 11:00:45'),
	(1028, 0, 0, 'login', 'index', 0, '', '2016-02-03 11:00:54'),
	(1029, 1, 1, 'discount', 'add', 2, 'Successfully added Discount', '2016-02-03 11:46:44'),
	(1030, 1, 1, 'discount', 'add', 3, 'Successfully added Discount', '2016-02-03 11:47:59'),
	(1031, 1, 1, 'discount', 'edit', 1, 'Successfully updated Discount', '2016-02-03 12:03:10'),
	(1032, 1, 1, 'discount', 'edit', 1, 'Successfully updated Discount', '2016-02-03 12:03:48'),
	(1033, 1, 1, 'discount', 'edit', 2, 'Successfully updated Discount', '2016-02-03 12:04:28'),
	(1034, 1, 1, 'discount', 'edit', 2, 'Successfully updated Discount', '2016-02-03 12:16:44'),
	(1035, 1, 1, 'discount', 'edit', 2, 'Successfully updated Discount', '2016-02-03 12:21:53'),
	(1036, 1, 1, 'discount', 'edit', 2, 'Successfully updated Discount', '2016-02-03 12:22:16'),
	(1037, 1, 1, 'discount', 'edit', 2, 'Successfully updated Discount', '2016-02-03 12:22:32'),
	(1038, 1, 1, 'discount', 'edit', 2, 'Successfully updated Discount', '2016-02-03 12:26:28'),
	(1039, 1, 1, 'discount', 'edit', 2, 'Successfully updated Discount', '2016-02-03 12:26:56'),
	(1040, 1, 1, 'discount', 'edit', 2, 'Successfully updated Discount', '2016-02-03 12:27:47'),
	(1041, 1, 1, 'discount', 'edit', 2, 'Successfully updated Discount', '2016-02-03 12:28:09'),
	(1042, 1, 1, 'discount', 'edit', 2, 'Successfully updated Discount', '2016-02-03 12:30:28'),
	(1043, 1, 1, 'discount', 'edit', 2, 'Successfully updated Discount', '2016-02-03 12:31:19'),
	(1044, 1, 1, 'discount', 'edit', 2, 'Successfully updated Discount', '2016-02-03 12:33:34'),
	(1045, 1, 1, 'discount', 'edit', 2, 'Successfully updated Discount', '2016-02-03 12:33:52'),
	(1046, 1, 1, 'discount', 'edit', 2, 'Successfully updated Discount', '2016-02-03 12:33:57'),
	(1047, 1, 1, 'discount', 'edit', 2, 'Successfully updated Discount', '2016-02-03 12:34:24'),
	(1048, 1, 1, 'discount', 'edit', 2, 'Successfully updated Discount', '2016-02-03 12:35:30'),
	(1049, 1, 1, 'discount', 'edit', 2, 'Successfully updated Discount', '2016-02-03 12:36:08'),
	(1050, 1, 1, 'discount', 'edit', 2, 'Successfully updated Discount', '2016-02-03 12:37:58'),
	(1051, 1, 1, 'discount', 'edit', 2, 'Successfully updated Discount', '2016-02-03 12:38:29'),
	(1052, 1, 1, 'discount', 'edit', 2, 'Successfully updated Discount', '2016-02-03 12:38:35'),
	(1053, 1, 1, 'discount', 'edit', 2, 'Successfully updated Discount', '2016-02-03 12:41:26'),
	(1054, 1, 1, 'discount', 'edit', 2, 'Successfully updated Discount', '2016-02-03 12:42:03'),
	(1055, 1, 1, 'discount', 'edit', 2, 'Successfully updated Discount', '2016-02-03 12:42:09'),
	(1056, 1, 1, 'discount', 'edit', 2, 'Successfully updated Discount', '2016-02-03 12:42:36'),
	(1057, 1, 1, 'discount', 'edit', 2, 'Successfully updated Discount', '2016-02-03 12:42:42'),
	(1058, 1, 1, 'discount', 'edit', 2, 'Successfully updated Discount', '2016-02-03 12:42:58'),
	(1059, 1, 1, 'discount', 'edit', 2, 'Successfully updated Discount', '2016-02-03 12:44:51'),
	(1060, 1, 1, 'discount', 'edit', 2, 'Successfully updated Discount', '2016-02-03 12:47:46'),
	(1061, 1, 1, 'discount', 'edit', 2, 'Successfully updated Discount', '2016-02-03 12:49:44'),
	(1062, 1, 1, 'discount', 'edit', 2, 'Successfully updated Discount', '2016-02-03 12:51:45'),
	(1063, 1, 1, 'discount', 'edit', 2, 'Successfully updated Discount', '2016-02-03 12:53:34'),
	(1064, 1, 1, 'discount', 'edit', 2, 'Successfully updated Discount', '2016-02-03 12:56:34'),
	(1065, 1, 1, 'discount', 'edit', 2, 'Successfully updated Discount', '2016-02-03 12:57:06'),
	(1066, 1, 1, 'discount', 'edit', 2, 'Successfully updated Discount', '2016-02-03 12:57:57'),
	(1067, 1, 1, 'discount', 'edit', 2, 'Successfully updated Discount', '2016-02-03 13:02:44'),
	(1068, 1, 1, 'discount', 'edit', 2, 'Successfully updated Discount', '2016-02-03 13:04:56'),
	(1069, 1, 1, 'discount', 'edit', 2, 'Successfully updated Discount', '2016-02-03 13:05:15'),
	(1070, 1, 1, 'discount', 'edit', 2, 'Successfully updated Discount', '2016-02-03 13:05:49'),
	(1071, 1, 1, 'discount', 'edit', 2, 'Successfully updated Discount', '2016-02-03 13:06:08'),
	(1072, 1, 1, 'discount', 'edit', 2, 'Successfully updated Discount', '2016-02-03 13:06:37'),
	(1073, 1, 1, 'discount', 'edit', 2, 'Successfully updated Discount', '2016-02-03 13:06:38'),
	(1074, 1, 1, 'discount', 'edit', 2, 'Successfully updated Discount', '2016-02-03 13:10:04'),
	(1075, 1, 1, 'discount', 'edit', 2, 'Successfully updated Discount', '2016-02-03 13:11:02'),
	(1076, 1, 1, 'discount', 'edit', 2, 'Successfully updated Discount', '2016-02-03 13:11:25'),
	(1077, 1, 1, 'discount', 'edit', 2, 'Successfully updated Discount', '2016-02-03 13:11:59'),
	(1078, 1, 1, 'discount', 'edit', 2, 'Successfully updated Discount', '2016-02-03 13:12:07'),
	(1079, 1, 1, 'discount', 'edit', 2, 'Successfully updated Discount', '2016-02-03 14:11:58'),
	(1080, 1, 1, 'discount', 'edit', 2, 'Successfully updated Discount', '2016-02-03 14:17:03'),
	(1081, 1, 1, 'discount', 'edit', 2, 'Successfully updated Discount', '2016-02-03 14:17:11'),
	(1082, 1, 1, 'discount', 'edit', 2, 'Successfully updated Discount', '2016-02-03 14:18:35'),
	(1083, 1, 1, 'discount', 'edit', 2, 'Successfully updated Discount', '2016-02-03 14:19:55'),
	(1084, 1, 1, 'discount', 'edit', 2, 'Successfully updated Discount', '2016-02-03 14:20:13'),
	(1085, 1, 1, 'discount', 'edit', 2, 'Successfully updated Discount', '2016-02-03 14:20:23'),
	(1086, 1, 1, 'discount', 'edit', 2, 'Successfully updated Discount', '2016-02-03 14:20:32'),
	(1087, 1, 1, 'discount', 'edit', 2, 'Successfully updated Discount', '2016-02-03 14:22:20'),
	(1088, 1, 1, 'discount', 'edit', 2, 'Successfully updated Discount', '2016-02-03 14:22:33'),
	(1089, 1, 1, 'discount', 'edit', 2, 'Successfully updated Discount', '2016-02-03 14:22:45'),
	(1090, 1, 1, 'discount', 'edit', 2, 'Successfully updated Discount', '2016-02-03 14:23:10'),
	(1091, 1, 1, 'discount', 'edit', 2, 'Successfully updated Discount', '2016-02-03 14:23:19'),
	(1092, 1, 1, 'discount', 'edit', 2, 'Successfully updated Discount', '2016-02-03 14:24:32'),
	(1093, 1, 1, 'discount', 'edit', 2, 'Successfully updated Discount', '2016-02-03 14:27:37'),
	(1094, 1, 1, 'discount', 'edit', 2, 'Successfully updated Discount', '2016-02-03 14:27:44'),
	(1095, 1, 1, 'discount', 'edit', 2, 'Successfully updated Discount', '2016-02-03 14:30:04'),
	(1096, 1, 1, 'discount', 'edit', 2, 'Successfully updated Discount', '2016-02-03 14:31:21'),
	(1097, 1, 1, 'discount', 'edit', 2, 'Successfully updated Discount', '2016-02-03 14:31:37'),
	(1098, 1, 1, 'discount', 'edit', 2, 'Successfully updated Discount', '2016-02-03 14:33:04'),
	(1099, 1, 1, 'discount', 'edit', 2, 'Successfully updated Discount', '2016-02-03 14:33:42'),
	(1100, 1, 1, 'discount', 'edit', 2, 'Successfully updated Discount', '2016-02-03 14:34:49'),
	(1101, 1, 1, 'discount', 'edit', 2, 'Successfully updated Discount', '2016-02-03 14:35:14'),
	(1102, 1, 1, 'discount', 'edit', 2, 'Successfully updated Discount', '2016-02-03 14:37:16'),
	(1103, 1, 1, 'discount', 'edit', 2, 'Successfully updated Discount', '2016-02-03 14:37:39'),
	(1104, 1, 1, 'discount', 'edit', 2, 'Successfully updated Discount', '2016-02-03 14:39:05'),
	(1105, 1, 1, 'discount', 'edit', 2, 'Successfully updated Discount', '2016-02-03 14:39:52'),
	(1106, 1, 1, 'discount', 'edit', 2, 'Successfully updated Discount', '2016-02-03 14:41:47'),
	(1107, 1, 1, 'discount', 'edit', 2, 'Successfully updated Discount', '2016-02-03 14:41:54'),
	(1108, 1, 1, 'discount', 'edit', 2, 'Successfully updated Discount', '2016-02-03 14:42:15'),
	(1109, 1, 1, 'discount', 'edit', 2, 'Successfully updated Discount', '2016-02-03 14:43:04'),
	(1110, 1, 1, 'discount', 'edit', 2, 'Successfully updated Discount', '2016-02-03 14:43:52'),
	(1111, 1, 1, 'discount', 'add', 1, 'Successfully added Discount', '2016-02-03 14:48:11'),
	(1112, 1, 1, 'discount', 'add', 2, 'Successfully added Discount', '2016-02-03 14:49:38'),
	(1113, 1, 1, 'discount', 'edit', 1, 'Successfully updated Discount', '2016-02-03 14:51:26'),
	(1114, 1, 1, 'discount', 'edit', 1, 'Successfully updated Discount', '2016-02-03 14:54:06'),
	(1115, 1, 1, 'discount', 'edit', 1, 'Successfully updated Discount', '2016-02-03 14:56:53'),
	(1116, 1, 1, 'discount', 'edit', 1, 'Successfully updated Discount', '2016-02-03 14:57:37'),
	(1117, 1, 1, 'discount', 'edit', 1, 'Successfully updated Discount', '2016-02-03 14:58:49'),
	(1118, 1, 1, 'discount', 'edit', 1, 'Successfully updated Discount', '2016-02-03 14:59:44'),
	(1119, 1, 1, 'discount', 'edit', 2, 'Successfully updated Discount', '2016-02-03 15:00:50'),
	(1120, 1, 1, 'discount', 'edit', 2, 'Successfully updated Discount', '2016-02-03 15:02:37'),
	(1121, 1, 1, 'discount', 'edit', 1, 'Successfully updated Discount', '2016-02-03 15:02:43'),
	(1122, 1, 1, 'discount', 'edit', 2, 'Successfully updated Discount', '2016-02-03 15:04:25'),
	(1123, 1, 1, 'discount', 'edit', 2, 'Successfully updated Discount', '2016-02-03 15:04:43'),
	(1124, 1, 1, 'discount', 'edit', 2, 'Successfully updated Discount', '2016-02-03 15:05:22'),
	(1125, 1, 1, 'discount', 'edit', 1, 'Successfully updated Discount', '2016-02-03 15:05:34'),
	(1126, 1, 1, 'discount', 'edit', 1, 'Successfully updated Discount', '2016-02-03 15:05:51'),
	(1127, 1, 1, 'discount', 'edit', 2, 'Successfully updated Discount', '2016-02-03 15:08:04'),
	(1128, 1, 1, 'discount', 'edit', 2, 'Successfully updated Discount', '2016-02-03 15:08:20'),
	(1129, 1, 1, 'discount', 'edit', 1, 'Successfully updated Discount', '2016-02-03 15:08:28'),
	(1130, 1, 1, 'discount', 'add', 3, 'Successfully added Discount', '2016-02-03 15:11:18'),
	(1131, 1, 1, 'discount', 'edit', 3, 'Successfully updated Discount', '2016-02-03 15:12:22'),
	(1132, 1, 1, 'discount', 'edit', 1, 'Successfully updated Discount', '2016-02-03 15:21:20'),
	(1133, 1, 1, 'discount', 'edit', 1, 'Successfully updated Discount', '2016-02-03 15:21:33'),
	(1134, 1, 1, 'discount', 'add', 4, 'Successfully added Discount', '2016-02-03 15:23:04'),
	(1135, 1, 1, 'discount', 'add', 5, 'Successfully added Discount', '2016-02-03 15:24:01'),
	(1136, 1, 1, 'discount', 'edit', 4, 'Successfully updated Discount', '2016-02-03 15:30:05'),
	(1137, 1, 1, 'discount', 'edit', 5, 'Successfully updated Discount', '2016-02-03 15:33:15'),
	(1138, 1, 1, 'discount', 'edit', 5, 'Successfully updated Discount', '2016-02-03 15:33:28'),
	(1139, 1, 1, 'discount', 'add', 6, 'Successfully added Discount', '2016-02-03 15:42:28'),
	(1140, 0, 0, 'login', 'index', 0, '', '2016-02-03 16:24:00'),
	(1141, 1, 1, 'payment_account', 'add', 1, 'Successfully added Payment Account', '2016-02-03 16:25:14'),
	(1142, 1, 1, 'payment_account', 'edit', 1, 'Successfully updated Payment Account', '2016-02-03 16:29:52'),
	(1143, 1, 1, 'payment_account', 'add', 2, 'Successfully added Payment Account', '2016-02-03 16:34:17'),
	(1144, 1, 1, 'payment_account', 'edit', 2, 'Successfully updated Payment Account', '2016-02-03 16:34:59'),
	(1145, 1, 1, 'payment_account', 'edit', 1, 'Successfully updated Payment Account', '2016-02-03 16:37:48'),
	(1146, 1, 1, 'payment_account', 'edit', 1, 'Successfully updated Payment Account', '2016-02-03 16:38:01'),
	(1147, 1, 1, 'payment_account', 'edit', 1, 'Successfully updated Payment Account', '2016-02-03 16:38:12'),
	(1148, 1, 1, 'payment_account', 'edit', 1, 'Successfully updated Payment Account', '2016-02-03 16:40:17'),
	(1149, 0, 0, 'login', 'index', 0, '', '2016-02-04 10:17:10'),
	(1150, 0, 0, 'login', 'index', 0, '', '2016-02-04 10:23:21'),
	(1151, 0, 0, 'login', 'index', 0, '', '2016-02-04 11:14:02'),
	(1152, 1, 1, 'rule_set', 'add', 6, 'Successfully added Rule Set', '2016-02-04 11:44:56'),
	(1153, 1, 1, 'rule_set', 'edit', 1, 'Successfully updated Rule Set', '2016-02-04 12:46:52'),
	(1154, 1, 1, 'rule_set', 'edit', 1, 'Successfully updated Rule Set', '2016-02-04 12:48:20'),
	(1155, 1, 1, 'rule_set', 'edit', 1, 'Successfully updated Rule Set', '2016-02-04 12:48:40'),
	(1156, 1, 1, 'rule_set', 'edit', 6, 'Successfully updated Rule Set', '2016-02-04 13:07:18'),
	(1157, 1, 1, 'rule_set', 'edit', 6, 'Successfully updated Rule Set', '2016-02-04 14:11:37'),
	(1158, 1, 1, 'payment_account', 'edit', 1, 'Successfully updated Payment Account', '2016-02-04 14:14:03'),
	(1159, 1, 1, 'payment_account', 'edit', 1, 'Successfully updated Payment Account', '2016-02-04 14:14:19'),
	(1160, 1, 1, 'discount', 'edit', 2, 'Successfully updated Discount', '2016-02-04 14:38:42'),
	(1161, 1, 1, 'user_profile', 'add', 3, 'Successfully added User Role!', '2016-02-04 17:03:47'),
	(1162, 1, 1, 'user_profile', 'add', 2, 'Successfully added User Role!', '2016-02-04 17:11:16'),
	(1163, 0, 0, 'login', 'index', 0, '', '2016-02-04 17:24:57'),
	(1164, 0, 0, 'login', 'index', 0, '', '2016-02-04 17:29:33'),
	(1165, 1, 1, 'user_profile', 'add', 3, 'Successfully added User Role!', '2016-02-04 17:34:02'),
	(1166, 0, 0, 'login', 'index', 0, '', '2016-02-05 09:25:15'),
	(1167, 0, 0, 'login', 'index', 0, '', '2016-02-05 09:41:20'),
	(1168, 1, 1, 'rule_set', 'edit', 6, 'Successfully updated Rule Set', '2016-02-05 09:48:04'),
	(1169, 1, 1, 'rule_set', 'edit', 6, 'Successfully updated Rule Set', '2016-02-05 09:48:19'),
	(1170, 1, 1, 'appearance', 'index', 0, 'Change Site Title', '2016-02-05 09:51:41'),
	(1171, 1, 1, 'appearance', 'index', 0, 'Change Site Title', '2016-02-05 09:51:50'),
	(1172, 1, 1, 'appearance', 'index', 0, 'Change Site Title', '2016-02-05 09:52:27'),
	(1173, 1, 1, 'appearance', 'index', 0, 'Change Site Title', '2016-02-05 09:52:30'),
	(1174, 1, 1, 'logout', 'index', 0, '', '2016-02-05 09:54:43'),
	(1175, 0, 0, 'login', 'index', 0, '', '2016-02-05 09:55:11'),
	(1176, 1, 1, 'appearance', 'index', 0, 'Change Site Title', '2016-02-05 09:56:10'),
	(1177, 1, 1, 'appearance', 'index', 0, 'Change Site Title', '2016-02-05 09:56:14'),
	(1178, 1, 1, 'appearance', 'index', 0, 'Change Site Title', '2016-02-05 09:56:21'),
	(1179, 1, 1, 'logout', 'index', 0, '', '2016-02-05 09:56:24'),
	(1180, 0, 0, 'login', 'index', 0, '', '2016-02-05 09:56:35'),
	(1181, 0, 0, 'login', 'index', 0, '', '2016-02-05 09:56:47'),
	(1182, 1, 1, 'appearance', 'index', 0, 'Change Site Title', '2016-02-05 10:07:35'),
	(1183, 1, 1, 'appearance', 'index', 0, 'Change Site Title', '2016-02-05 10:08:15'),
	(1184, 1, 1, 'appearance', 'index', 0, 'Change Site Title', '2016-02-05 10:09:04'),
	(1185, 1, 1, 'user_profile', 'add', 2, 'Successfully added User Role!', '2016-02-05 10:18:59'),
	(1186, 1, 1, 'user_profile', 'add', 2, 'Successfully added User Role!', '2016-02-05 10:27:49'),
	(1187, 0, 0, 'login', 'index', 0, '', '2016-02-05 15:25:28'),
	(1188, 0, 0, 'login', 'index', 0, '', '2016-02-05 15:52:53'),
	(1189, 1, 1, 'rule_set', 'add', 7, 'Successfully added Rule Set', '2016-02-05 16:10:56'),
	(1190, 1, 1, 'logout', 'index', 0, '', '2016-02-05 16:31:04'),
	(1191, 0, 0, 'login', 'index', 0, '', '2016-02-05 16:34:30'),
	(1192, 1, 1, 'logout', 'index', 0, '', '2016-02-05 16:34:32'),
	(1193, 0, 0, 'login', 'index', 0, '', '2016-02-05 16:34:43'),
	(1194, 1, 1, 'user_profile', 'add', 3, 'Successfully added User Role!', '2016-02-05 16:35:00'),
	(1195, 1, 1, 'voyage_management', 'add', 90, 'Successfully added Voyage Management', '2016-02-05 16:39:35'),
	(1196, 1, 1, 'logout', 'index', 0, '', '2016-02-05 16:55:08'),
	(1197, 0, 0, 'login', 'index', 0, '', '2016-02-05 16:55:18'),
	(1198, 1, 1, 'user_profile', 'add', 4, 'Successfully added User Role!', '2016-02-05 16:55:36'),
	(1199, 0, 0, 'logout', 'index', 0, '', '2016-02-05 18:38:27'),
	(1200, 0, 0, 'login', 'index', 0, '', '2016-02-09 09:59:22'),
	(1201, 0, 0, 'login', 'index', 0, '', '2016-02-09 10:22:01'),
	(1202, 1, 1, 'user_profile', 'edit', 1, 'Successfully updated User Role!', '2016-02-09 11:51:18'),
	(1203, 1, 1, 'user_profile', 'edit', 1, 'Successfully updated User Role!', '2016-02-09 11:51:40'),
	(1204, 1, 1, 'user_profile', 'edit', 1, 'Successfully updated User Role!', '2016-02-09 11:51:52'),
	(1205, 1, 1, 'user_profile', 'edit', 1, 'Successfully updated User Role!', '2016-02-09 11:52:03'),
	(1206, 1, 1, 'user_profile', 'add', 2, 'Successfully added User Role!', '2016-02-09 12:05:21'),
	(1207, 1, 1, 'user_profile', 'edit', 2, 'Successfully updated User Role!', '2016-02-09 12:10:28'),
	(1208, 1, 1, 'user_profile', 'edit', 2, 'Successfully updated User Role!', '2016-02-09 12:10:36'),
	(1209, 1, 1, 'user_profile', 'add', 3, 'Successfully added User Role!', '2016-02-09 12:11:03'),
	(1210, 1, 1, 'user_profile', 'add', 4, 'Successfully added User Role!', '2016-02-09 12:11:23'),
	(1211, 1, 1, 'user_profile', 'add', 5, 'Successfully added User Role!', '2016-02-09 14:19:57'),
	(1212, 1, 1, 'user_profile', 'add', 6, 'Successfully added User Role!', '2016-02-09 14:20:14'),
	(1213, 1, 1, 'user_profile', 'add', 7, 'Successfully added User Role!', '2016-02-09 14:20:29'),
	(1214, 1, 1, 'user_profile', 'add', 8, 'Successfully added User Role!', '2016-02-09 14:20:49'),
	(1215, 1, 1, 'user_profile', 'add', 9, 'Successfully added User Role!', '2016-02-09 14:21:08'),
	(1216, 1, 1, 'user_profile', 'add', 10, 'Successfully added User Role!', '2016-02-09 14:21:25'),
	(1217, 1, 1, 'user_profile', 'add', 11, 'Successfully added User Role!', '2016-02-09 14:21:44'),
	(1218, 1, 1, 'user_profile', 'edit', 2, 'Successfully updated User Role!', '2016-02-09 15:35:40'),
	(1219, 1, 1, 'user_profile', 'edit', 2, 'Successfully updated User Role!', '2016-02-09 15:36:16'),
	(1220, 1, 1, 'user', 'edit', 1, 'Successfully updated User Account!', '2016-02-09 15:53:28'),
	(1221, 1, 1, 'user', 'edit', 1, 'Successfully updated User Account!', '2016-02-09 15:58:29'),
	(1222, 1, 1, 'user', 'add', 2, 'Successfully added User Account!', '2016-02-09 16:50:53'),
	(1223, 1, 1, 'logout', 'index', 0, '', '2016-02-09 16:52:56'),
	(1224, 0, 0, 'login', 'index', 0, '', '2016-02-09 16:53:03'),
	(1225, 0, 0, 'login', 'index', 0, '', '2016-02-09 16:53:28'),
	(1226, 2, 10, 'logout', 'index', 0, '', '2016-02-09 16:53:32'),
	(1227, 0, 0, 'login', 'index', 0, '', '2016-02-09 16:53:38'),
	(1228, 1, 1, 'user_profile', 'edit', 10, 'Successfully updated User Role!', '2016-02-09 16:54:30'),
	(1229, 1, 1, 'logout', 'index', 0, '', '2016-02-09 16:54:32'),
	(1230, 0, 0, 'login', 'index', 0, '', '2016-02-09 16:54:38'),
	(1231, 1, 1, 'debtor_management', 'add', 2, 'Successfully added Debtor', '2016-02-09 16:57:29'),
	(1232, 1, 1, 'account_control', 'index', 0, 'Successfully updated system configuration!', '2016-02-09 17:57:31'),
	(1233, 1, 1, 'outlet', 'add', 3, 'Successfully added Outlet', '2016-02-09 18:23:43'),
	(1234, 1, 1, 'outlet', 'add', 4, 'Successfully added Outlet', '2016-02-09 18:24:02'),
	(1235, 0, 0, 'login', 'index', 0, '', '2016-02-10 08:43:12'),
	(1236, 1, 1, 'outlet', 'add', 5, 'Successfully added Outlet', '2016-02-10 09:51:21'),
	(1237, 0, 0, 'login', 'index', 0, '', '2016-02-10 09:54:25'),
	(1238, 1, 1, 'payment_account', 'add', 3, 'Successfully added Payment Account', '2016-02-10 09:59:13'),
	(1239, 0, 0, 'login', 'index', 0, '', '2016-02-10 10:08:36'),
	(1240, 0, 0, 'login', 'index', 0, '', '2016-02-10 10:13:10'),
	(1241, 1, 1, 'user_profile', 'add', 12, 'Successfully added User Role!', '2016-02-10 10:18:38'),
	(1242, 1, 1, 'user', 'add', 3, 'Successfully added User Account!', '2016-02-10 11:27:25'),
	(1243, 1, 1, 'user', 'add', 4, 'Successfully added User Account!', '2016-02-10 11:28:11'),
	(1244, 1, 1, 'ticket_series', 'add', 3, 'Successfully added Ticket series', '2016-02-10 11:28:58'),
	(1245, 1, 1, 'logout', 'index', 0, '', '2016-02-10 12:57:48'),
	(1246, 0, 0, 'login', 'index', 0, '', '2016-02-10 13:01:38'),
	(1247, 1, 1, 'user_profile', 'add', 2, 'Successfully added User Role!', '2016-02-10 13:05:53'),
	(1248, 1, 1, 'user_profile', 'add', 3, 'Successfully added User Role!', '2016-02-10 13:06:25'),
	(1249, 1, 1, 'user_profile', 'add', 4, 'Successfully added User Role!', '2016-02-10 13:06:50'),
	(1250, 1, 1, 'user_profile', 'add', 5, 'Successfully added User Role!', '2016-02-10 13:07:23'),
	(1251, 1, 1, 'user_profile', 'add', 6, 'Successfully added User Role!', '2016-02-10 13:07:55'),
	(1252, 1, 1, 'user_profile', 'add', 7, 'Successfully added User Role!', '2016-02-10 13:08:16'),
	(1253, 1, 1, 'user_profile', 'add', 8, 'Successfully added User Role!', '2016-02-10 13:08:42'),
	(1254, 1, 1, 'user_profile', 'add', 9, 'Successfully added User Role!', '2016-02-10 13:09:12'),
	(1255, 1, 1, 'user_profile', 'add', 10, 'Successfully added User Role!', '2016-02-10 13:09:48'),
	(1256, 1, 1, 'user_profile', 'add', 11, 'Successfully added User Role!', '2016-02-10 13:10:55'),
	(1257, 1, 1, 'user_profile', 'add', 12, 'Successfully added User Role!', '2016-02-10 13:11:16'),
	(1258, 1, 1, 'user_profile', 'edit', 11, 'Successfully updated User Role!', '2016-02-10 13:11:32'),
	(1259, 0, 0, 'login', 'index', 0, '', '2016-02-10 14:29:24'),
	(1260, 1, 1, 'user_profile', 'edit', 1, 'Successfully updated User Role!', '2016-02-10 15:36:47'),
	(1261, 1, 1, 'passenger_baggage_checkin', 'add', 1, 'Successfully added Passenger Baggage Check In', '2016-02-10 16:47:32'),
	(1262, 1, 1, 'passenger_baggage_checkin', 'add', 1, 'Successfully added Passenger Baggage Check In', '2016-02-10 16:53:31'),
	(1263, 1, 1, 'user_profile', 'add', 13, 'Successfully added User Role!', '2016-02-10 17:09:30'),
	(1264, 1, 1, 'user', 'add', 5, 'Successfully added User Account!', '2016-02-10 17:28:39'),
	(1265, 1, 1, 'user', 'add', 6, 'Successfully added User Account!', '2016-02-10 17:29:23'),
	(1266, 1, 1, 'user', 'add', 5, 'Successfully added User Account!', '2016-02-10 17:44:48'),
	(1267, 0, 0, 'login', 'index', 0, '', '2016-02-11 09:54:41'),
	(1268, 0, 0, 'login', 'index', 0, '', '2016-02-11 09:57:14'),
	(1269, 1, 1, 'user', 'edit', 5, 'Successfully updated User Account!', '2016-02-11 10:03:42'),
	(1270, 1, 1, 'user', 'edit', 5, 'Successfully updated User Account!', '2016-02-11 10:06:57'),
	(1271, 1, 1, 'user', 'edit', 5, 'Successfully updated User Account!', '2016-02-11 10:08:12'),
	(1272, 1, 1, 'user', 'edit', 5, 'Successfully updated User Account!', '2016-02-11 10:08:20'),
	(1273, 0, 0, 'login', 'index', 0, '', '2016-02-11 11:42:42'),
	(1274, 1, 1, 'user_profile', 'edit', 1, 'Successfully updated User Role!', '2016-02-11 11:59:28'),
	(1275, 1, 1, 'user_profile', 'edit', 1, 'Successfully updated User Role!', '2016-02-11 11:59:50'),
	(1276, 0, 0, 'login', 'index', 0, '', '2016-02-11 12:27:43'),
	(1277, 1, 1, 'user_profile', 'edit', 1, 'Successfully updated User Role!', '2016-02-11 12:39:05'),
	(1278, 1, 1, 'user_profile', 'edit', 1, 'Successfully updated User Role!', '2016-02-11 12:40:15'),
	(1279, 1, 1, 'user', 'edit', 4, 'Successfully updated User Account!', '2016-02-11 12:40:24'),
	(1280, 1, 1, 'user', 'edit', 4, 'Successfully updated User Account!', '2016-02-11 12:40:35'),
	(1281, 1, 1, 'logout', 'index', 0, '', '2016-02-11 12:42:52'),
	(1282, 0, 0, 'login', 'index', 0, '', '2016-02-11 12:42:58'),
	(1283, 1, 1, 'user_profile', 'edit', 1, 'Successfully updated User Role!', '2016-02-11 12:46:49'),
	(1284, 1, 1, 'user', 'edit', 1, 'Successfully updated User Account!', '2016-02-11 12:47:10'),
	(1285, 1, 1, 'logout', 'index', 0, '', '2016-02-11 12:47:15'),
	(1286, 0, 0, 'login', 'index', 0, '', '2016-02-11 12:47:21'),
	(1287, 0, 0, 'logout', 'index', 0, '', '2016-02-11 14:22:42'),
	(1288, 1, 1, 'user', 'edit', 1, 'Successfully updated User Account!', '2016-02-11 14:22:57'),
	(1289, 0, 0, 'login', 'index', 0, '', '2016-02-11 14:24:13'),
	(1290, 1, 1, 'logout', 'index', 0, '', '2016-02-11 14:24:22'),
	(1291, 0, 0, 'login', 'index', 0, '', '2016-02-11 14:24:27'),
	(1292, 1, 1, 'user', 'edit', 1, 'Successfully updated User Account!', '2016-02-11 14:25:13'),
	(1293, 0, 0, 'login', 'index', 0, '', '2016-02-11 14:30:46'),
	(1294, 1, 1, 'user', 'edit', 1, 'Successfully updated User Account!', '2016-02-11 16:46:03'),
	(1295, 1, 1, 'account_control', 'index', 0, 'Successfully updated system configuration!', '2016-02-11 17:06:17'),
	(1296, 0, 0, 'login', 'index', 0, '', '2016-02-11 17:09:56'),
	(1297, 0, 0, 'login', 'index', 0, '', '2016-02-11 17:23:29'),
	(1298, 1, 1, 'account_control', 'index', 0, 'Successfully updated system configuration!', '2016-02-11 17:23:54'),
	(1299, 1, 1, 'account_control', 'index', 0, 'Successfully updated system configuration!', '2016-02-11 17:24:47'),
	(1300, 0, 0, 'login', 'index', 0, '', '2016-02-11 17:25:11'),
	(1301, 1, 1, 'logout', 'index', 0, '', '2016-02-11 17:25:52'),
	(1302, 0, 0, 'login', 'index', 0, '', '2016-02-11 17:26:00'),
	(1303, 1, 1, 'account_control', 'index', 0, 'Successfully updated system configuration!', '2016-02-11 17:26:45'),
	(1304, 1, 1, 'passenger_baggage_checkin', 'add', 1, 'Successfully added Passenger Baggage Check In', '2016-02-11 17:41:47'),
	(1305, 1, 1, 'passenger_baggage_checkin', 'add', 1, 'Successfully added Passenger Baggage Check In', '2016-02-11 17:54:55'),
	(1306, 1, 1, 'passenger_baggage_checkin', 'add', 1, 'Successfully added Passenger Baggage Check In', '2016-02-11 17:56:18'),
	(1307, 0, 0, 'login', 'index', 0, '', '2016-02-12 09:31:38'),
	(1308, 0, 0, 'login', 'index', 0, '', '2016-02-12 09:40:40'),
	(1309, 0, 0, 'login', 'index', 0, '', '2016-02-12 10:07:29'),
	(1310, 1, 1, 'passenger_baggage_checkin', 'add', 1, 'Successfully added Passenger Baggage Check In', '2016-02-12 11:09:33'),
	(1311, 1, 1, 'passenger_baggage_checkin', 'add', 1, 'Successfully added Passenger Baggage Check In', '2016-02-12 16:09:51'),
	(1312, 1, 1, 'vessel', 'add', 6, 'Successfully added vessel.', '2016-02-12 16:15:20'),
	(1313, 1, 1, 'logout', 'index', 0, '', '2016-02-12 16:27:56'),
	(1314, 1, 1, 'accommodation', 'edit', 2, 'Successfully updated accommodation', '2016-02-12 16:28:15'),
	(1315, 1, 1, 'vessel', 'add', 7, 'Successfully added vessel.', '2016-02-12 16:28:29'),
	(1316, 1, 1, 'logout', 'index', 0, '', '2016-02-12 16:31:50'),
	(1317, 0, 0, 'login', 'index', 0, '', '2016-02-12 16:31:58'),
	(1318, 0, 0, 'login', 'index', 0, '', '2016-02-12 16:40:33'),
	(1319, 1, 1, 'user_profile', 'edit', 1, 'Successfully updated User Role!', '2016-02-12 16:40:46'),
	(1320, 1, 1, 'user', 'add', 6, 'Successfully added User Account!', '2016-02-12 16:42:58'),
	(1321, 1, 1, 'user_profile', 'edit', 1, 'Successfully updated User Role!', '2016-02-12 16:43:32'),
	(1322, 1, 1, 'logout', 'index', 0, '', '2016-02-12 16:46:06'),
	(1323, 0, 0, 'login', 'index', 0, '', '2016-02-12 16:46:15'),
	(1324, 1, 1, 'logout', 'index', 0, '', '2016-02-12 16:46:22'),
	(1325, 0, 0, 'login', 'index', 0, '', '2016-02-12 16:46:30'),
	(1326, 1, 1, 'logout', 'index', 0, '', '2016-02-12 16:46:56'),
	(1327, 1, 1, 'user_profile', 'add', 14, 'Successfully added User Role!', '2016-02-12 16:47:31'),
	(1328, 0, 0, 'login', 'index', 0, '', '2016-02-12 16:47:42'),
	(1329, 1, 1, 'user_profile', 'edit', 14, 'Successfully updated User Role!', '2016-02-12 16:48:44'),
	(1330, 1, 1, 'user', 'add', 7, 'Successfully added User Account!', '2016-02-12 16:49:51'),
	(1331, 1, 1, 'user_profile', 'edit', 1, 'Successfully updated User Role!', '2016-02-12 16:49:59'),
	(1332, 1, 1, 'logout', 'index', 0, '', '2016-02-12 16:50:02'),
	(1333, 0, 0, 'login', 'index', 0, '', '2016-02-12 16:50:27'),
	(1334, 1, 1, 'user_profile', 'edit', 14, 'Successfully updated User Role!', '2016-02-12 16:51:27'),
	(1335, 1, 1, 'user_profile', 'edit', 1, 'Successfully updated User Role!', '2016-02-12 16:51:13'),
	(1336, 1, 1, 'user_profile', 'edit', 1, 'Successfully updated User Role!', '2016-02-12 16:51:57'),
	(1337, 1, 1, 'user_profile', 'edit', 1, 'Successfully updated User Role!', '2016-02-12 16:59:35'),
	(1338, 1, 1, 'accommodation', 'add', 1, 'Successfully added Accommodation', '2016-02-12 17:02:48'),
	(1339, 1, 1, 'accommodation', 'edit', 1, 'Successfully updated accommodation', '2016-02-12 17:03:14'),
	(1340, 1, 1, 'accommodation', 'edit', 1, 'Successfully updated accommodation', '2016-02-12 17:04:38'),
	(1341, 1, 1, 'accommodation', 'edit', 1, 'Successfully updated accommodation', '2016-02-12 17:05:19'),
	(1342, 1, 1, 'accommodation', 'edit', 1, 'Successfully updated accommodation', '2016-02-12 17:06:39'),
	(1343, 1, 1, 'accommodation', 'edit', 1, 'Successfully updated accommodation', '2016-02-12 17:06:56'),
	(1344, 1, 1, 'accommodation', 'add', 2, 'Successfully added Accommodation', '2016-02-12 17:07:24'),
	(1345, 1, 1, 'accommodation', 'add', 3, 'Successfully added Accommodation', '2016-02-12 17:08:11'),
	(1346, 1, 1, 'accommodation', 'add', 4, 'Successfully added Accommodation', '2016-02-12 17:08:41'),
	(1347, 1, 1, 'accommodation', 'edit', 1, 'Successfully updated accommodation', '2016-02-12 17:10:49'),
	(1348, 1, 1, 'accommodation', 'add', 5, 'Successfully added Accommodation', '2016-02-12 17:11:54'),
	(1349, 1, 1, 'vessel', 'add', 1, 'Successfully added vessel.', '2016-02-12 17:13:24'),
	(1350, 1, 1, 'port', 'add', 1, 'Successfully added Port', '2016-02-12 17:16:45'),
	(1351, 1, 1, 'port', 'add', 2, 'Successfully added Port', '2016-02-12 17:21:53'),
	(1352, 1, 1, 'port', 'add', 3, 'Successfully added Port', '2016-02-12 17:22:43'),
	(1353, 1, 1, 'outlet', 'add', 1, 'Successfully added Outlet', '2016-02-12 17:28:33'),
	(1354, 1, 1, 'port', 'edit', 3, 'Successfully updated port', '2016-02-12 17:28:39'),
	(1355, 1, 1, 'port', 'edit', 3, 'Successfully updated port', '2016-02-12 17:28:55'),
	(1356, 1, 1, 'port', 'add', 4, 'Successfully added Port', '2016-02-12 17:30:12'),
	(1357, 1, 1, 'port', 'add', 5, 'Successfully added Port', '2016-02-12 17:31:11'),
	(1358, 1, 1, 'port', 'add', 6, 'Successfully added Port', '2016-02-12 17:32:01'),
	(1359, 1, 1, 'port', 'edit', 6, 'Successfully updated port', '2016-02-12 17:32:14'),
	(1360, 1, 1, 'port', 'edit', 5, 'Successfully updated port', '2016-02-12 17:32:59'),
	(1361, 1, 1, 'port', 'add', 7, 'Successfully added Port', '2016-02-12 17:32:45'),
	(1362, 1, 1, 'port', 'add', 8, 'Successfully added Port', '2016-02-12 17:34:54'),
	(1363, 1, 1, 'port', 'add', 9, 'Successfully added Port', '2016-02-12 17:35:21'),
	(1364, 1, 1, 'port', 'add', 10, 'Successfully added Port', '2016-02-12 17:35:23'),
	(1365, 1, 1, 'port', 'add', 11, 'Successfully added Port', '2016-02-12 17:35:21'),
	(1366, 1, 1, 'port', 'add', 12, 'Successfully added Port', '2016-02-12 17:35:52'),
	(1367, 1, 1, 'debtor_management', 'add', 1, 'Successfully added Debtor', '2016-02-12 17:36:05'),
	(1368, 1, 1, 'port', 'add', 13, 'Successfully added Port', '2016-02-12 17:35:50'),
	(1369, 1, 1, 'port', 'add', 14, 'Successfully added Port', '2016-02-12 17:36:23'),
	(1370, 1, 1, 'port', 'add', 15, 'Successfully added Port', '2016-02-12 17:36:10'),
	(1371, 1, 1, 'port', 'add', 16, 'Successfully added Port', '2016-02-12 17:36:25'),
	(1372, 1, 1, 'port', 'add', 17, 'Successfully added Port', '2016-02-12 17:37:04'),
	(1373, 1, 1, 'port', 'add', 18, 'Successfully added Port', '2016-02-12 17:36:43'),
	(1374, 1, 1, 'payment_account', 'add', 1, 'Successfully added Payment Account', '2016-02-12 17:42:56'),
	(1375, 1, 1, 'payment_account', 'edit', 1, 'Successfully updated Payment Account', '2016-02-12 17:43:52'),
	(1376, 1, 1, 'payment_account', 'edit', 1, 'Successfully updated Payment Account', '2016-02-12 17:44:01'),
	(1377, 1, 1, 'port', 'add', 19, 'Successfully added Port', '2016-02-12 17:44:10'),
	(1378, 1, 1, 'payment_account', 'edit', 1, 'Successfully updated Payment Account', '2016-02-12 17:44:11'),
	(1379, 1, 1, 'debtor_wallet', 'add', 1, 'Successfully added Debtor Wallet', '2016-02-12 17:45:54'),
	(1380, 1, 1, 'outlet', 'edit', 1, 'Successfully updated outlet', '2016-02-12 17:47:52'),
	(1381, 1, 1, 'outlet', 'add', 2, 'Successfully added Outlet', '2016-02-12 17:49:56'),
	(1382, 1, 1, 'outlet', 'add', 3, 'Successfully added Outlet', '2016-02-12 17:50:26'),
	(1383, 1, 1, 'outlet', 'add', 4, 'Successfully added Outlet', '2016-02-12 17:51:52'),
	(1384, 1, 1, 'outlet', 'edit', 2, 'Successfully updated outlet', '2016-02-12 17:59:43'),
	(1385, 1, 1, 'outlet', 'edit', 4, 'Successfully updated outlet', '2016-02-12 18:00:38'),
	(1386, 1, 1, 'outlet', 'edit', 1, 'Successfully updated outlet', '2016-02-12 18:01:10'),
	(1387, 1, 1, 'outlet', 'edit', 1, 'Successfully updated outlet', '2016-02-12 18:01:28'),
	(1388, 1, 1, 'outlet', 'edit', 1, 'Successfully updated outlet', '2016-02-12 18:01:50'),
	(1389, 1, 1, 'outlet', 'edit', 1, 'Successfully updated outlet', '2016-02-12 18:02:02'),
	(1390, 1, 1, 'outlet', 'edit', 4, 'Successfully updated outlet', '2016-02-12 18:02:27'),
	(1391, 1, 1, 'outlet', 'edit', 4, 'Successfully updated outlet', '2016-02-12 18:02:42'),
	(1392, 1, 1, 'outlet', 'edit', 1, 'Successfully updated outlet', '2016-02-12 18:05:10'),
	(1393, 1, 1, 'outlet', 'edit', 1, 'Successfully updated outlet', '2016-02-12 18:05:32'),
	(1394, 1, 1, 'vessel', 'edit', 1, 'Vessel successfully updated.', '2016-02-12 18:11:29'),
	(1395, 1, 1, 'vessel', 'add', 2, 'Successfully added vessel.', '2016-02-12 18:12:27'),
	(1396, 1, 1, 'discount', 'add', 1, 'Successfully added Discount', '2016-02-12 18:13:39'),
	(1397, 1, 1, 'vessel', 'edit', 2, 'Vessel successfully updated.', '2016-02-12 18:13:48'),
	(1398, 1, 1, 'payment_account', 'add', 2, 'Successfully added Payment Account', '2016-02-12 18:14:09'),
	(1399, 1, 1, 'payment_account', 'edit', 2, 'Successfully updated Payment Account', '2016-02-12 18:14:51'),
	(1400, 1, 1, 'payment_account', 'add', 3, 'Successfully added Payment Account', '2016-02-12 18:16:30'),
	(1401, 1, 1, 'payment_account', 'edit', 3, 'Successfully updated Payment Account', '2016-02-12 18:16:54'),
	(1402, 1, 1, 'vessel', 'add', 3, 'Successfully added vessel.', '2016-02-12 18:18:14'),
	(1403, 1, 1, 'vessel', 'add', 4, 'Successfully added vessel.', '2016-02-12 18:18:49'),
	(1404, 1, 1, 'debtor_wallet', 'add', 2, 'Successfully added Debtor Wallet', '2016-02-12 18:19:36'),
	(1405, 1, 1, 'debtor_wallet', 'add', 3, 'Successfully added Debtor Wallet', '2016-02-12 18:20:48'),
	(1406, 1, 1, 'attended_baggage', 'add', 1, 'Successfully added Attended baggage rate', '2016-02-12 18:23:41'),
	(1407, 1, 1, 'attended_baggage', 'add', 2, 'Successfully added Attended baggage rate', '2016-02-12 18:24:09'),
	(1408, 1, 1, 'attended_baggage', 'edit', 1, 'Successfully updated Attended Baggage', '2016-02-12 18:24:18'),
	(1409, 1, 1, 'vessel', 'edit', 2, 'Vessel successfully updated.', '2016-02-12 18:24:33'),
	(1410, 1, 1, 'discount', 'add', 2, 'Successfully added Discount', '2016-02-12 18:29:28'),
	(1411, 1, 1, 'discount', 'edit', 2, 'Successfully updated Discount', '2016-02-12 18:29:55'),
	(1412, 1, 1, 'discount', 'edit', 2, 'Successfully updated Discount', '2016-02-12 18:30:21'),
	(1413, 1, 1, 'attended_baggage', 'edit', 1, 'Successfully updated Attended Baggage', '2016-02-12 18:32:14'),
	(1414, 1, 1, 'attended_baggage', 'edit', 1, 'Successfully updated Attended Baggage', '2016-02-12 18:32:56'),
	(1415, 1, 1, 'discount', 'edit', 1, 'Successfully updated Discount', '2016-02-12 18:34:27'),
	(1416, 1, 1, 'discount', 'add', 3, 'Successfully added Discount', '2016-02-12 18:34:15'),
	(1417, 1, 1, 'discount', 'edit', 3, 'Successfully updated Discount', '2016-02-12 18:34:52'),
	(1418, 1, 1, 'discount', 'edit', 2, 'Successfully updated Discount', '2016-02-12 18:35:19'),
	(1419, 1, 1, 'discount', 'edit', 3, 'Successfully updated Discount', '2016-02-12 18:35:02'),
	(1420, 1, 1, 'discount', 'edit', 2, 'Successfully updated Discount', '2016-02-12 18:35:41'),
	(1421, 1, 1, 'discount', 'edit', 3, 'Successfully updated Discount', '2016-02-12 18:36:17'),
	(1422, 1, 1, 'vessel', 'edit', 2, 'Vessel successfully updated.', '2016-02-12 18:38:06'),
	(1423, 1, 1, 'discount', 'edit', 2, 'Successfully updated Discount', '2016-02-12 18:38:47'),
	(1424, 1, 1, 'vessel', 'edit', 2, 'Vessel successfully updated.', '2016-02-12 18:39:23'),
	(1425, 1, 1, 'vessel', 'edit', 2, 'Vessel successfully updated.', '2016-02-12 18:40:00'),
	(1426, 1, 1, 'discount', 'edit', 3, 'Successfully updated Discount', '2016-02-12 18:39:46'),
	(1427, 1, 1, 'discount', 'edit', 3, 'Successfully updated Discount', '2016-02-12 18:39:54'),
	(1428, 1, 1, 'padala_cargo', 'add', 1, 'Successfully added Padala Cargo', '2016-02-12 18:45:10'),
	(1429, 1, 1, 'rule_set', 'add', 1, 'Successfully added Rule Set', '2016-02-12 18:44:56'),
	(1430, 1, 1, 'padala_cargo', 'add', 2, 'Successfully added Padala Cargo', '2016-02-12 18:45:56'),
	(1431, 1, 1, 'rule_set', 'edit', 1, 'Successfully updated Rule Set', '2016-02-12 18:46:08'),
	(1432, 1, 1, 'padala_cargo', 'edit', 2, 'Successfully updated Padala Cargo', '2016-02-12 18:46:42'),
	(1433, 1, 1, 'rule_set', 'edit', 1, 'Successfully updated Rule Set', '2016-02-12 18:46:44'),
	(1434, 1, 1, 'padala_cargo', 'edit', 2, 'Successfully updated Padala Cargo', '2016-02-12 18:47:19'),
	(1435, 1, 1, 'padala_cargo', 'edit', 2, 'Successfully updated Padala Cargo', '2016-02-12 18:47:55'),
	(1436, 1, 1, 'vessel', 'edit', 2, 'Vessel successfully updated.', '2016-02-12 18:48:27'),
	(1437, 1, 1, 'padala_cargo', 'add', 3, 'Successfully added Padala Cargo', '2016-02-12 18:50:28'),
	(1438, 1, 1, 'padala_cargo', 'edit', 3, 'Successfully updated Padala Cargo', '2016-02-12 18:51:16'),
	(1439, 1, 1, 'padala_cargo', 'edit', 3, 'Successfully updated Padala Cargo', '2016-02-12 18:51:39'),
	(1440, 1, 1, 'padala_cargo', 'edit', 3, 'Successfully updated Padala Cargo', '2016-02-12 18:52:02'),
	(1441, 1, 1, 'padala_cargo', 'edit', 3, 'Successfully updated Padala Cargo', '2016-02-12 18:52:11'),
	(1442, 1, 1, 'rule_set', 'add', 2, 'Successfully added Rule Set', '2016-02-12 18:53:49'),
	(1443, 1, 1, 'padala_cargo', 'edit', 3, 'Successfully updated Padala Cargo', '2016-02-12 18:54:42'),
	(1444, 1, 1, 'rule_set', 'edit', 2, 'Successfully updated Rule Set', '2016-02-12 18:54:19'),
	(1445, 1, 1, 'debtor_management', 'add', 2, 'Successfully added Debtor', '2016-02-12 18:55:12'),
	(1446, 1, 1, 'rule_set', 'add', 3, 'Successfully added Rule Set', '2016-02-12 18:55:06'),
	(1447, 1, 1, 'vessel', 'edit', 2, 'Vessel successfully updated.', '2016-02-12 18:55:56'),
	(1448, 1, 1, 'debtor_management', 'add', 3, 'Successfully added Debtor', '2016-02-12 18:55:55'),
	(1449, 1, 1, 'vessel', 'edit', 2, 'Vessel successfully updated.', '2016-02-12 18:56:16'),
	(1450, 1, 1, 'rule_set', 'edit', 2, 'Successfully updated Rule Set', '2016-02-12 18:56:13'),
	(1451, 1, 1, 'rule_set', 'add', 4, 'Successfully added Rule Set', '2016-02-12 18:56:46'),
	(1452, 1, 1, 'rule_set', 'edit', 2, 'Successfully updated Rule Set', '2016-02-12 18:58:04'),
	(1453, 1, 1, 'rule_set', 'edit', 2, 'Successfully updated Rule Set', '2016-02-12 18:58:25'),
	(1454, 1, 1, 'rule_set', 'edit', 2, 'Successfully updated Rule Set', '2016-02-12 18:59:07'),
	(1455, 1, 1, 'rule_set', 'edit', 2, 'Successfully updated Rule Set', '2016-02-12 18:59:21'),
	(1456, 1, 1, 'debtor_management', 'add', 4, 'Successfully added Debtor', '2016-02-12 19:00:43'),
	(1457, 1, 1, 'debtor_wallet', 'add', 4, 'Successfully added Debtor Wallet', '2016-02-12 19:07:37'),
	(1458, 1, 1, 'debtor_wallet', 'add', 5, 'Successfully added Debtor Wallet', '2016-02-12 19:10:02'),
	(1459, 1, 1, 'vessel', 'edit', 2, 'Vessel successfully updated.', '2016-02-12 19:23:08'),
	(1460, 1, 1, 'debtor_management', 'add', 5, 'Successfully added Debtor', '2016-02-12 19:26:08'),
	(1461, 1, 1, 'debtor_management', 'add', 6, 'Successfully added Debtor', '2016-02-12 19:26:42'),
	(1462, 1, 1, 'vessel', 'edit', 2, 'Vessel successfully updated.', '2016-02-12 20:10:40'),
	(1463, 0, 0, 'login', 'index', 0, '', '2016-02-12 20:11:49'),
	(1464, 1, 1, 'vessel', 'edit', 3, 'Vessel successfully updated.', '2016-02-12 20:19:00'),
	(1465, 1, 1, 'vessel', 'edit', 4, 'Vessel successfully updated.', '2016-02-12 20:19:33'),
	(1466, 1, 1, 'vessel', 'edit', 4, 'Vessel successfully updated.', '2016-02-12 20:22:10'),
	(1467, 1, 1, 'vessel', 'edit', 3, 'Vessel successfully updated.', '2016-02-12 20:24:56'),
	(1468, 1, 1, 'voyage', 'add', 1, 'Successfully added Voyage', '2016-02-12 20:28:24'),
	(1469, 1, 1, 'vessel', 'add', 5, 'Successfully added vessel.', '2016-02-12 20:30:45'),
	(1470, 1, 1, 'vessel', 'add', 6, 'Successfully added vessel.', '2016-02-12 20:31:16'),
	(1471, 1, 1, 'vessel', 'edit', 4, 'Vessel successfully updated.', '2016-02-12 20:32:34'),
	(1472, 1, 1, 'vessel', 'edit', 2, 'Vessel successfully updated.', '2016-02-12 20:32:46'),
	(1473, 1, 1, 'vessel', 'edit', 6, 'Vessel successfully updated.', '2016-02-12 20:33:24'),
	(1474, 1, 1, 'voyage_management', 'add', 1, 'Successfully added Voyage Management', '2016-02-12 20:35:11'),
	(1475, 1, 1, 'voyage_management', 'add', 1, 'Successfully added Subvoyage Management', '2016-02-12 20:35:11'),
	(1476, 1, 1, 'voyage_management', 'edit', 1, 'Successfully updated Subvoyage Management', '2016-02-12 20:35:45'),
	(1477, 1, 1, 'voyage', 'edit', 1, 'Successfully updated voyage', '2016-02-12 20:37:10'),
	(1478, 1, 1, 'voyage', 'edit', 1, 'Successfully updated voyage', '2016-02-12 20:52:20'),
	(1479, 1, 1, 'logout', 'index', 0, '', '2016-02-12 21:05:02'),
	(1480, 0, 0, 'login', 'index', 0, '', '2016-02-15 10:24:44'),
	(1481, 1, 1, 'vessel', 'edit', 6, 'Vessel successfully updated.', '2016-02-15 10:32:28'),
	(1482, 0, 0, 'login', 'index', 0, '', '2016-02-15 10:32:30'),
	(1483, 1, 1, 'voyage', 'add', 2, 'Successfully added Voyage', '2016-02-15 10:43:11'),
	(1484, 1, 1, 'voyage', 'add', 3, 'Successfully added Voyage', '2016-02-15 10:44:47'),
	(1485, 0, 0, 'login', 'index', 0, '', '2016-02-15 10:53:11'),
	(1486, 1, 1, 'ticket_series', 'add', 1, 'Successfully added Ticket series', '2016-02-15 10:59:05'),
	(1487, 1, 1, 'ticket_series', 'add', 2, 'Successfully added Ticket series', '2016-02-15 11:20:33'),
	(1488, 1, 1, 'ticket_series', 'add', 3, '-1-100000000201', '2016-02-15 11:22:45'),
	(1489, 1, 1, 'ticket_series', 'add', 4, 'Successfully added ticket series 100000000201-100000000301', '2016-02-15 11:24:31'),
	(1490, 1, 1, 'user', 'edit', 3, 'Successfully updated User Account!', '2016-02-15 11:27:58'),
	(1491, 1, 1, 'user', 'edit', 4, 'Successfully updated User Account!', '2016-02-15 11:29:11'),
	(1492, 0, 0, 'login', 'index', 0, '', '2016-02-15 11:58:28'),
	(1493, 1, 1, 'voyage_management', 'add', 2, 'Successfully added Voyage Management', '2016-02-15 11:59:38'),
	(1494, 1, 1, 'voyage_management', 'add', 2, 'Successfully added Subvoyage Management', '2016-02-15 11:59:38'),
	(1495, 1, 1, 'voyage_management', 'add', 3, 'Successfully added Subvoyage Management', '2016-02-15 11:59:38'),
	(1496, 1, 1, 'voyage_management', 'add', 4, 'Successfully added Subvoyage Management', '2016-02-15 11:59:38'),
	(1497, 1, 1, 'vessel', 'edit', 2, 'Vessel successfully updated.', '2016-02-15 14:00:36'),
	(1498, 1, 1, 'vessel', 'edit', 2, 'Vessel successfully updated.', '2016-02-15 14:00:48'),
	(1499, 1, 1, 'rolling_cargo', 'add', 1, 'Successfully added rolling cargo rate.', '2016-02-15 14:13:16'),
	(1500, 1, 1, 'rolling_cargo', 'add', 2, 'Successfully added rolling cargo rate.', '2016-02-15 14:52:34'),
	(1501, 1, 1, 'rolling_cargo', 'add', 3, 'Successfully added rolling cargo rate.', '2016-02-15 14:53:12'),
	(1502, 1, 1, 'rolling_cargo', 'add', 1, 'Successfully added rolling cargo rate.', '2016-02-15 14:56:05'),
	(1503, 0, 0, 'login', 'index', 0, '', '2016-02-15 15:05:44'),
	(1504, 1, 1, 'rolling_cargo', 'edit', 1, 'Rolling cargo rate successfully updated.', '2016-02-15 15:38:53'),
	(1505, 1, 1, 'rolling_cargo', 'edit', 1, 'Rolling cargo rate successfully updated.', '2016-02-15 15:38:59'),
	(1506, 1, 1, 'rolling_cargo', 'edit', 1, 'Rolling cargo rate successfully updated.', '2016-02-15 16:03:17'),
	(1507, 1, 1, 'rolling_cargo', 'add', 2, 'Successfully added rolling cargo rate.', '2016-02-15 16:03:57'),
	(1508, 1, 1, 'rolling_cargo', 'edit', 1, 'Rolling cargo rate successfully updated.', '2016-02-15 16:12:44'),
	(1509, 1, 1, 'evoucher', 'add', 1, 'Successfully added e-voucher.', '2016-02-15 16:57:12'),
	(1510, 0, 0, 'login', 'index', 0, '', '2016-02-16 09:35:49'),
	(1511, 0, 0, 'login', 'index', 0, '', '2016-02-16 09:38:32'),
	(1512, 0, 0, 'login', 'index', 0, '', '2016-02-16 09:54:04'),
	(1513, 0, 0, 'login', 'index', 0, '', '2016-02-16 09:56:22'),
	(1514, 1, 1, 'logout', 'index', 0, '', '2016-02-16 10:55:53'),
	(1515, 0, 0, 'login', 'index', 0, '', '2016-02-16 10:56:06'),
	(1516, 0, 0, 'login', 'index', 0, '', '2016-02-16 14:00:19'),
	(1517, 0, 0, 'login', 'index', 0, '', '2016-02-16 14:01:00'),
	(1518, 0, 0, 'login', 'index', 0, '', '2016-02-16 14:03:21'),
	(1519, 1, 1, 'passenger_baggage_checkin', 'add', 1, 'Successfully added passenger baggage check-in', '2016-02-16 14:24:07'),
	(1520, 1, 1, 'accommodation', 'edit', 1, 'Successfully updated accommodation', '2016-02-16 14:30:31'),
	(1521, 1, 1, 'passenger_baggage_checkin', 'add', 1, 'Successfully added passenger baggage check-in', '2016-02-16 14:33:22'),
	(1522, 1, 1, 'accommodation', 'edit', 1, 'Successfully updated accommodation', '2016-02-16 14:33:33'),
	(1523, 1, 1, 'accommodation', 'edit', 1, 'Successfully updated accommodation', '2016-02-16 14:33:40'),
	(1524, 1, 1, 'accommodation', 'edit', 1, 'Successfully updated accommodation', '2016-02-16 14:33:48'),
	(1525, 0, 0, 'login', 'index', 0, '', '2016-02-16 14:36:00'),
	(1526, 0, 0, 'login', 'index', 0, '', '2016-02-16 14:41:18'),
	(1527, 0, 0, 'login', 'index', 0, '', '2016-02-16 14:42:48'),
	(1528, 1, 1, 'accommodation', 'add', 6, 'Successfully added Accommodation', '2016-02-16 14:49:07'),
	(1529, 1, 1, 'vessel', 'edit', 2, 'Vessel successfully updated.', '2016-02-16 15:07:15'),
	(1530, 1, 1, 'accommodation', 'edit', 1, 'Successfully updated accommodation type', '2016-02-16 15:13:12'),
	(1531, 1, 1, 'accommodation', 'edit', 1, 'Successfully updated accommodation type', '2016-02-16 15:13:29'),
	(1532, 1, 1, 'accommodation', 'add', 7, 'Successfully added accommodation type', '2016-02-16 15:16:43'),
	(1533, 1, 1, 'accommodation', 'edit', 7, 'Successfully updated accommodation type', '2016-02-16 15:19:12'),
	(1534, 1, 1, 'accommodation', 'edit', 1, 'Successfully updated accommodation type', '2016-02-16 15:19:19'),
	(1535, 1, 1, 'accommodation', 'edit', 6, 'Successfully updated accommodation type', '2016-02-16 15:19:28'),
	(1536, 1, 1, 'accommodation', 'add', 8, 'Successfully added accommodation type', '2016-02-16 15:20:00'),
	(1537, 1, 1, 'accommodation', 'edit', 7, 'Successfully updated accommodation type', '2016-02-16 15:21:36'),
	(1538, 1, 1, 'accommodation', 'edit', 7, 'Successfully updated accommodation type', '2016-02-16 15:24:49'),
	(1539, 1, 1, 'accommodation', 'edit', 7, 'Successfully updated accommodation type', '2016-02-16 15:25:00'),
	(1540, 1, 1, 'passenger_baggage_checkin', 'add', 1, 'Successfully added passenger baggage check-in', '2016-02-16 15:26:53'),
	(1541, 1, 1, 'evoucher', 'add', 1, 'Successfully added e-voucher.', '2016-02-16 15:58:05'),
	(1542, 1, 1, 'passenger_baggage_checkin', 'add', 1, 'Successfully added passenger baggage check-in', '2016-02-16 16:00:45'),
	(1543, 1, 1, 'evoucher', 'edit', 1, 'E-voucher successfully updated.', '2016-02-16 16:24:18'),
	(1544, 1, 1, 'evoucher', 'edit', 1, 'E-voucher successfully updated.', '2016-02-16 16:25:06'),
	(1545, 1, 1, 'evoucher', 'edit', 1, 'E-voucher successfully updated.', '2016-02-16 16:25:16'),
	(1546, 1, 1, 'evoucher', 'edit', 1, 'E-voucher successfully updated.', '2016-02-16 16:25:58'),
	(1547, 1, 1, 'evoucher', 'edit', 1, 'E-voucher successfully updated.', '2016-02-16 16:26:02'),
	(1548, 1, 1, 'evoucher', 'edit', 1, 'E-voucher successfully updated.', '2016-02-16 16:26:08'),
	(1549, 1, 1, 'evoucher', 'edit', 1, 'E-voucher successfully updated.', '2016-02-16 16:26:18'),
	(1550, 1, 1, 'passenger_baggage_checkin', 'add', 1, 'Successfully added passenger baggage check-in', '2016-02-16 16:32:56'),
	(1551, 1, 1, 'evoucher', 'edit', 1, 'E-voucher successfully updated.', '2016-02-16 16:42:10'),
	(1552, 1, 1, 'evoucher', 'generate', 1, 'Successfully added e-voucher series.', '2016-02-16 16:50:08'),
	(1553, 1, 1, 'evoucher', 'generate', 2, 'Successfully added e-voucher series.', '2016-02-16 16:50:08'),
	(1554, 1, 1, 'evoucher', 'generate', 3, 'Successfully added e-voucher series.', '2016-02-16 16:50:08'),
	(1555, 1, 1, 'evoucher', 'generate', 4, 'Successfully added e-voucher series.', '2016-02-16 16:50:08'),
	(1556, 1, 1, 'evoucher', 'generate', 5, 'Successfully added e-voucher series.', '2016-02-16 16:50:08'),
	(1557, 1, 1, 'evoucher', 'generate', 6, 'Successfully added e-voucher series.', '2016-02-16 16:50:08'),
	(1558, 1, 1, 'evoucher', 'generate', 7, 'Successfully added e-voucher series.', '2016-02-16 16:50:08'),
	(1559, 1, 1, 'evoucher', 'generate', 8, 'Successfully added e-voucher series.', '2016-02-16 16:50:08'),
	(1560, 1, 1, 'evoucher', 'generate', 9, 'Successfully added e-voucher series.', '2016-02-16 16:50:08'),
	(1561, 1, 1, 'evoucher', 'generate', 10, 'Successfully added e-voucher series.', '2016-02-16 16:50:08'),
	(1562, 1, 1, 'evoucher', 'edit', 1, 'E-voucher successfully updated.', '2016-02-16 17:08:55'),
	(1563, 1, 1, 'passenger_baggage_checkin_payment', 'add', 1, 'Successfully added Passenger Baggage Check In', '2016-02-16 17:14:29'),
	(1564, 1, 1, 'evoucher', 'generate', 1, 'Successfully added e-voucher series.', '2016-02-16 17:14:33'),
	(1565, 1, 1, 'evoucher', 'generate', 2, 'Successfully added e-voucher series.', '2016-02-16 17:14:33'),
	(1566, 1, 1, 'evoucher', 'generate', 3, 'Successfully added e-voucher series.', '2016-02-16 17:14:33'),
	(1567, 1, 1, 'evoucher', 'generate', 4, 'Successfully added e-voucher series.', '2016-02-16 17:14:34'),
	(1568, 1, 1, 'evoucher', 'generate', 5, 'Successfully added e-voucher series.', '2016-02-16 17:14:34'),
	(1569, 0, 0, 'login', 'index', 0, '', '2016-02-16 17:14:50'),
	(1570, 0, 0, 'login', 'index', 0, '', '2016-02-16 17:16:23'),
	(1571, 1, 1, 'passenger_baggage_checkin_payment', 'add', 1, 'Successfully added passenger baggage check-in payment', '2016-02-16 18:01:47'),
	(1572, 1, 1, 'passenger_baggage_checkin_payment', 'add', 1, 'Successfully added passenger baggage check-in payment', '2016-02-16 18:03:12'),
	(1573, 1, 1, 'passenger_baggage_checkin_payment', 'add', 1, 'Successfully added passenger baggage check-in payment', '2016-02-16 18:03:53'),
	(1574, 1, 1, 'passenger_baggage_checkin_payment', 'add', 1, 'Successfully added passenger baggage check-in payment', '2016-02-16 19:07:36'),
	(1575, 1, 1, 'passenger_baggage_checkin_payment', 'add', 1, 'Successfully added passenger baggage check-in payment', '2016-02-16 19:10:15'),
	(1576, 1, 1, 'passenger_baggage_checkin_payment', 'add', 1, 'Successfully added passenger baggage check-in payment', '2016-02-16 19:12:50'),
	(1577, 1, 1, 'passenger_baggage_checkin_payment', 'index', 1, 'Successfully added passenger baggage check-in payment', '2016-02-16 19:19:10'),
	(1578, 1, 1, 'passenger_baggage_checkin', 'index', 1, 'Successfully added passenger baggage check-in', '2016-02-16 19:23:16'),
	(1579, 0, 0, 'login', 'index', 0, '', '2016-02-17 09:38:37'),
	(1580, 0, 0, 'login', 'index', 0, '', '2016-02-17 09:44:03'),
	(1581, 0, 0, 'login', 'index', 0, '', '2016-02-17 10:20:53'),
	(1582, 1, 1, 'rule_set', 'add', 5, 'Successfully added Rule Set', '2016-02-17 10:21:42'),
	(1583, 0, 0, 'login', 'index', 0, '', '2016-02-17 10:27:28'),
	(1584, 0, 0, 'login', 'index', 0, '', '2016-02-17 10:40:10'),
	(1585, 1, 1, 'passenger_baggage_checkin_payment', 'index', 1, 'Successfully added passenger baggage check-in payment', '2016-02-17 10:46:54'),
	(1586, 1, 1, 'passenger_baggage_checkin', 'index', 1, 'Successfully added passenger baggage check-in', '2016-02-17 10:47:26'),
	(1587, 1, 1, 'passenger_baggage_checkin_payment', 'index', 1, 'Successfully added passenger baggage check-in payment', '2016-02-17 10:47:53'),
	(1588, 0, 0, 'login', 'index', 0, '', '2016-02-17 10:50:38'),
	(1589, 1, 1, 'evoucher', 'add', 1, 'Successfully added e-voucher.', '2016-02-17 10:51:40'),
	(1590, 1, 1, 'evoucher', 'generate', 1, 'Successfully added e-voucher series.', '2016-02-17 10:52:00'),
	(1591, 1, 1, 'evoucher', 'generate', 2, 'Successfully added e-voucher series.', '2016-02-17 10:52:00'),
	(1592, 1, 1, 'evoucher', 'generate', 3, 'Successfully added e-voucher series.', '2016-02-17 10:52:00'),
	(1593, 1, 1, 'evoucher', 'generate', 4, 'Successfully added e-voucher series.', '2016-02-17 10:52:00'),
	(1594, 1, 1, 'evoucher', 'generate', 5, 'Successfully added e-voucher series.', '2016-02-17 10:52:00'),
	(1595, 1, 1, 'evoucher', 'generate', 6, 'Successfully added e-voucher series.', '2016-02-17 10:52:00'),
	(1596, 1, 1, 'evoucher', 'generate', 7, 'Successfully added e-voucher series.', '2016-02-17 10:52:00'),
	(1597, 1, 1, 'evoucher', 'generate', 8, 'Successfully added e-voucher series.', '2016-02-17 10:52:00'),
	(1598, 1, 1, 'evoucher', 'generate', 9, 'Successfully added e-voucher series.', '2016-02-17 10:52:00'),
	(1599, 1, 1, 'evoucher', 'generate', 10, 'Successfully added e-voucher series.', '2016-02-17 10:52:00'),
	(1600, 1, 1, 'evoucher', 'generate', 11, 'Successfully added e-voucher series.', '2016-02-17 10:52:00'),
	(1601, 1, 1, 'evoucher', 'generate', 12, 'Successfully added e-voucher series.', '2016-02-17 10:52:00'),
	(1602, 1, 1, 'evoucher', 'generate', 13, 'Successfully added e-voucher series.', '2016-02-17 10:52:00'),
	(1603, 1, 1, 'evoucher', 'generate', 14, 'Successfully added e-voucher series.', '2016-02-17 10:52:01'),
	(1604, 1, 1, 'evoucher', 'generate', 15, 'Successfully added e-voucher series.', '2016-02-17 10:52:01'),
	(1605, 1, 1, 'evoucher', 'generate', 16, 'Successfully added e-voucher series.', '2016-02-17 10:52:01'),
	(1606, 1, 1, 'evoucher', 'generate', 17, 'Successfully added e-voucher series.', '2016-02-17 10:52:01'),
	(1607, 1, 1, 'evoucher', 'generate', 18, 'Successfully added e-voucher series.', '2016-02-17 10:52:01'),
	(1608, 1, 1, 'evoucher', 'generate', 19, 'Successfully added e-voucher series.', '2016-02-17 10:52:01'),
	(1609, 1, 1, 'evoucher', 'generate', 20, 'Successfully added e-voucher series.', '2016-02-17 10:52:01'),
	(1610, 1, 1, 'voyage', 'add', 4, 'Successfully added Voyage', '2016-02-17 10:58:01'),
	(1611, 1, 1, 'voyage_management', 'add', 3, 'Successfully added Voyage Management', '2016-02-17 10:59:32'),
	(1612, 1, 1, 'voyage_management', 'add', 5, 'Successfully added Subvoyage Management', '2016-02-17 10:59:32'),
	(1613, 1, 1, 'voyage_management', 'add', 6, 'Successfully added Subvoyage Management', '2016-02-17 10:59:32'),
	(1614, 1, 1, 'voyage_management', 'add', 7, 'Successfully added Subvoyage Management', '2016-02-17 10:59:32'),
	(1615, 1, 1, 'debtor_management', 'add', 1, 'Successfully added Debtor', '2016-02-17 13:34:27'),
	(1616, 1, 1, 'debtor_wallet', 'add', 1, 'Successfully added Debtor Wallet', '2016-02-17 13:35:03'),
	(1617, 0, 0, 'login', 'index', 0, '', '2016-02-17 14:00:16'),
	(1618, 0, 0, 'login', 'index', 0, '', '2016-02-17 14:41:59'),
	(1619, 1, 1, 'passenger_baggage_checkin_payment', 'index', 1, 'Successfully added passenger baggage check-in payment', '2016-02-17 15:00:51'),
	(1620, 1, 1, 'passenger_baggage_checkin_payment', 'index', 1, 'Successfully added passenger baggage check-in payment', '2016-02-17 15:01:28'),
	(1621, 1, 1, 'passenger_baggage_checkin_payment', 'index', 1, 'Successfully added passenger baggage check-in payment', '2016-02-17 15:01:51'),
	(1622, 1, 1, 'passenger_baggage_checkin_payment', 'index', 1, 'Successfully added passenger baggage check-in payment', '2016-02-17 15:02:11'),
	(1623, 1, 1, 'passenger_baggage_checkin_payment', 'index', 1, 'Successfully added passenger baggage check-in payment', '2016-02-17 15:03:59'),
	(1624, 1, 1, 'passenger_baggage_checkin', 'index', 1, 'Successfully added passenger baggage check-in', '2016-02-17 15:05:34'),
	(1625, 1, 1, 'passenger_fare', 'add', 12, 'Successfully added Passenger Fare', '2016-02-17 15:31:15'),
	(1626, 1, 1, 'passenger_fare', 'add', 14, 'Successfully added Passenger Fare', '2016-02-17 15:55:26'),
	(1627, 0, 0, 'login', 'index', 0, '', '2016-02-17 15:57:15'),
	(1628, 1, 1, 'passenger_fare', 'add', 17, 'Successfully added Passenger Fare', '2016-02-17 15:58:58'),
	(1629, 1, 1, 'passenger_fare', 'add', 18, 'Successfully added Passenger Fare', '2016-02-17 15:59:49'),
	(1630, 1, 1, 'padala_cargo', 'add', 4, 'Successfully added Padala Cargo', '2016-02-17 16:24:40'),
	(1631, 1, 1, 'debtor_wallet', 'add', 2, 'Successfully added Debtor Wallet', '2016-02-17 17:00:56'),
	(1632, 1, 1, 'passenger_fare', 'add', 19, 'Successfully added Passenger Fare', '2016-02-17 18:00:14'),
	(1633, 0, 0, 'login', 'index', 0, '', '2016-02-18 08:35:34'),
	(1634, 0, 0, 'login', 'index', 0, '', '2016-02-18 09:29:17'),
	(1635, 1, 1, 'passenger_fare', 'add', 20, 'Successfully added Passenger Fare', '2016-02-18 09:34:15'),
	(1636, 1, 1, 'passenger_fare', 'add', 21, 'Successfully added Passenger Fare', '2016-02-18 09:36:06'),
	(1637, 1, 1, 'passenger_fare', 'add', 22, 'Successfully added Passenger Fare', '2016-02-18 09:37:28'),
	(1638, 1, 1, 'passenger_fare', 'add', 23, 'Successfully added Passenger Fare', '2016-02-18 10:10:01'),
	(1639, 0, 0, 'login', 'index', 0, '', '2016-02-18 10:35:34'),
	(1640, 0, 0, 'login', 'index', 0, '', '2016-02-18 11:04:25'),
	(1641, 1, 1, 'debtor_management', 'add', 2, 'Successfully added Debtor', '2016-02-18 12:23:57'),
	(1642, 1, 1, 'debtor_management', 'edit', 2, 'Successfully updated Debtor', '2016-02-18 12:25:10'),
	(1643, 1, 1, 'debtor_management', 'edit', 2, 'Successfully updated Debtor', '2016-02-18 12:25:38'),
	(1644, 1, 1, 'debtor_management', 'edit', 2, 'Successfully updated Debtor', '2016-02-18 12:26:03'),
	(1645, 1, 1, 'debtor_management', 'edit', 2, 'Successfully updated Debtor', '2016-02-18 12:26:33'),
	(1646, 1, 1, 'debtor_management', 'add', 3, 'Successfully added Debtor', '2016-02-18 12:29:42'),
	(1647, 1, 1, 'debtor_management', 'edit', 3, 'Successfully updated Debtor', '2016-02-18 12:46:35'),
	(1648, 1, 1, 'debtor_management', 'add', 1, 'Successfully added Debtor', '2016-02-18 12:48:34'),
	(1649, 1, 1, 'debtor_management', 'edit', 1, 'Successfully updated Debtor', '2016-02-18 12:53:12'),
	(1650, 1, 1, 'debtor_management', 'edit', 1, 'Successfully updated Debtor', '2016-02-18 12:58:10'),
	(1651, 1, 1, 'debtor_management', 'add', 1, 'Successfully added Debtor', '2016-02-18 13:04:14'),
	(1652, 1, 1, 'debtor_management', 'edit', 1, 'Successfully updated Debtor', '2016-02-18 13:29:24'),
	(1653, 1, 1, 'debtor_management', 'edit', 1, 'Successfully updated Debtor', '2016-02-18 13:37:53'),
	(1654, 1, 1, 'debtor_management', 'add', 1, 'Successfully added Debtor', '2016-02-18 13:39:18'),
	(1655, 1, 1, 'debtor_management', 'edit', 1, 'Successfully updated Debtor', '2016-02-18 13:41:19'),
	(1656, 1, 1, 'debtor_management', 'add', 1, 'Successfully added Debtor', '2016-02-18 13:42:13'),
	(1657, 1, 1, 'debtor_management', 'edit', 1, 'Successfully updated Debtor', '2016-02-18 13:42:26'),
	(1658, 0, 0, 'login', 'index', 0, '', '2016-02-18 13:43:56'),
	(1659, 1, 1, 'debtor_management', 'add', 1, 'Successfully added Debtor', '2016-02-18 13:45:12'),
	(1660, 1, 1, 'debtor_management', 'edit', 1, 'Successfully updated Debtor', '2016-02-18 13:45:19'),
	(1661, 1, 1, 'debtor_management', 'edit', 1, 'Successfully updated Debtor', '2016-02-18 13:47:02'),
	(1662, 1, 1, 'debtor_management', 'edit', 1, 'Successfully updated Debtor', '2016-02-18 13:47:08'),
	(1663, 1, 1, 'debtor_management', 'edit', 1, 'Successfully updated Debtor', '2016-02-18 13:47:32'),
	(1664, 1, 1, 'debtor_management', 'edit', 1, 'Successfully updated Debtor', '2016-02-18 13:47:52'),
	(1665, 1, 1, 'debtor_management', 'edit', 1, 'Successfully updated Debtor', '2016-02-18 13:49:33'),
	(1666, 1, 1, 'debtor_management', 'edit', 1, 'Successfully updated Debtor', '2016-02-18 13:52:25'),
	(1667, 1, 1, 'debtor_management', 'edit', 1, 'Successfully updated Debtor', '2016-02-18 13:54:57'),
	(1668, 1, 1, 'debtor_management', 'edit', 1, 'Successfully updated Debtor', '2016-02-18 13:55:16'),
	(1669, 1, 1, 'debtor_management', 'add', 1, 'Successfully added Debtor', '2016-02-18 13:56:53'),
	(1670, 1, 1, 'debtor_management', 'edit', 1, 'Successfully updated Debtor', '2016-02-18 13:57:10'),
	(1671, 1, 1, 'debtor_management', 'edit', 1, 'Successfully updated Debtor', '2016-02-18 13:57:16'),
	(1672, 0, 0, 'login', 'index', 0, '', '2016-02-18 13:57:32'),
	(1673, 1, 1, 'debtor_management', 'add', 1, 'Successfully added Debtor', '2016-02-18 13:57:54'),
	(1674, 1, 1, 'debtor_management', 'edit', 1, 'Successfully updated Debtor', '2016-02-18 13:58:01'),
	(1675, 1, 1, 'debtor_management', 'edit', 1, 'Successfully updated Debtor', '2016-02-18 14:03:13'),
	(1676, 1, 1, 'debtor_management', 'edit', 1, 'Successfully updated Debtor', '2016-02-18 14:07:10'),
	(1677, 1, 1, 'appearance', 'index', 0, 'Change Site Title', '2016-02-18 14:07:53'),
	(1678, 1, 1, 'debtor_management', 'edit', 1, 'Successfully updated Debtor', '2016-02-18 14:08:34'),
	(1679, 1, 1, 'debtor_management', 'edit', 1, 'Successfully updated Debtor', '2016-02-18 14:08:43'),
	(1680, 1, 1, 'account_control', 'index', 0, 'Successfully updated system configuration!', '2016-02-18 14:10:48'),
	(1681, 1, 1, 'debtor_management', 'edit', 1, 'Successfully updated Debtor', '2016-02-18 14:11:37'),
	(1682, 1, 1, 'debtor_management', 'edit', 1, 'Successfully updated Debtor', '2016-02-18 14:11:49'),
	(1683, 1, 1, 'debtor_management', 'edit', 1, 'Successfully updated Debtor', '2016-02-18 14:12:13'),
	(1684, 1, 1, 'outlet', 'add', 5, 'Successfully added Outlet', '2016-02-18 14:14:26'),
	(1685, 1, 1, 'outlet', 'edit', 5, 'Successfully updated outlet', '2016-02-18 14:14:54'),
	(1686, 1, 1, 'payment_account', 'edit', 1, 'Successfully updated payment account', '2016-02-18 14:20:36'),
	(1687, 1, 1, 'payment_account', 'add', 4, 'Successfully added payment account', '2016-02-18 14:28:48'),
	(1688, 1, 1, 'discount', 'edit', 1, 'Successfully updated discount', '2016-02-18 14:34:25'),
	(1689, 1, 1, 'discount', 'edit', 2, 'Successfully updated discount', '2016-02-18 14:34:43'),
	(1690, 1, 1, 'rule_set', 'edit', 3, 'Successfully updated rule set', '2016-02-18 14:35:12'),
	(1691, 1, 1, 'discount', 'add', 4, 'Successfully added discount', '2016-02-18 14:36:11'),
	(1692, 1, 1, 'discount', 'add', 5, 'Successfully added discount', '2016-02-18 14:36:43'),
	(1693, 1, 1, 'rule_set', 'add', 6, 'Successfully added rule set', '2016-02-18 14:44:14'),
	(1694, 1, 1, 'payment_account', 'add', 5, 'Successfully added payment account', '2016-02-18 14:46:55'),
	(1695, 1, 1, 'payment_account', 'edit', 3, 'Successfully updated payment account', '2016-02-18 14:49:39'),
	(1696, 1, 1, 'outlet', 'add', 6, 'Successfully added outlet', '2016-02-18 14:55:32'),
	(1697, 1, 1, 'outlet', 'add', 7, 'Successfully added outlet', '2016-02-18 14:57:00'),
	(1698, 1, 1, 'rule_set', 'add', 7, 'Successfully added rule set', '2016-02-18 15:02:57'),
	(1699, 1, 1, 'payment_account', 'add', 6, 'Successfully added payment account', '2016-02-18 15:05:45'),
	(1700, 1, 1, 'outlet', 'add', 8, 'Successfully added Outlet', '2016-02-18 15:06:18'),
	(1701, 1, 1, 'outlet', 'add', 9, 'Successfully added outlet', '2016-02-18 15:06:41'),
	(1702, 1, 1, 'discount', 'add', 6, 'Successfully added discount', '2016-02-18 15:07:48'),
	(1703, 1, 1, 'rule_set', 'add', 8, 'Successfully added rule set', '2016-02-18 15:08:31'),
	(1704, 1, 1, 'rule_set', 'add', 9, 'Successfully added rule set', '2016-02-18 15:14:25'),
	(1705, 1, 1, 'debtor_management', 'add', 1, 'Successfully added Debtor', '2016-02-18 15:15:39'),
	(1706, 1, 1, 'rule_set', 'add', 10, 'Successfully added rule set', '2016-02-18 15:15:53'),
	(1707, 1, 1, 'discount', 'add', 7, 'Successfully added discount', '2016-02-18 15:17:25'),
	(1708, 1, 1, 'discount', 'add', 8, 'Successfully added discount', '2016-02-18 15:18:08'),
	(1709, 1, 1, 'debtor_management', 'edit', 1, 'Successfully updated Debtor', '2016-02-18 15:25:50'),
	(1710, 1, 1, 'discount', 'edit', 5, 'Successfully updated discount', '2016-02-18 15:37:54'),
	(1711, 1, 1, 'debtor_management', 'edit', 1, 'Successfully updated Debtor', '2016-02-18 15:45:46'),
	(1712, 1, 1, 'discount', 'edit', 5, 'Successfully updated discount', '2016-02-18 16:09:47'),
	(1713, 1, 1, 'discount', 'edit', 5, 'Successfully updated discount', '2016-02-18 16:10:12'),
	(1714, 1, 1, 'outlet', 'edit', 8, 'Successfully updated outlet', '2016-02-18 16:12:24'),
	(1715, 1, 1, 'outlet', 'edit', 8, 'Successfully updated outlet', '2016-02-18 16:18:56'),
	(1716, 1, 1, 'outlet', 'edit', 8, 'Successfully updated outlet', '2016-02-18 16:19:20'),
	(1717, 1, 1, 'outlet', 'edit', 4, 'Successfully updated outlet', '2016-02-18 16:20:20'),
	(1718, 1, 1, 'payment_account', 'edit', 6, 'Successfully updated payment account', '2016-02-18 16:45:04'),
	(1719, 1, 1, 'payment_account', 'edit', 5, 'Successfully updated payment account', '2016-02-18 16:45:15'),
	(1720, 1, 1, 'debtor_management', 'edit', 1, 'Successfully updated Debtor', '2016-02-18 16:45:16'),
	(1721, 1, 1, 'payment_account', 'edit', 4, 'Successfully updated payment account', '2016-02-18 16:58:03'),
	(1722, 1, 1, 'discount', 'edit', 6, 'Successfully updated discount', '2016-02-18 17:03:16'),
	(1723, 1, 1, 'debtor_management', 'add', 2, 'Successfully added Debtor', '2016-02-18 17:03:56'),
	(1724, 1, 1, 'rule_set', 'add', 11, 'Successfully added rule set', '2016-02-18 17:06:52'),
	(1725, 1, 1, 'rule_set', 'add', 12, 'Successfully added rule set', '2016-02-18 17:08:40'),
	(1726, 0, 0, 'login', 'index', 0, '', '2016-02-18 17:09:24'),
	(1727, 1, 1, 'discount', 'add', 9, 'Successfully added discount', '2016-02-18 17:11:43'),
	(1728, 1, 1, 'outlet', 'add', 10, 'Successfully added outlet', '2016-02-18 17:13:02'),
	(1729, 1, 1, 'outlet', 'add', 11, 'Successfully added outlet', '2016-02-18 17:13:35'),
	(1730, 1, 1, 'payment_account', 'add', 7, 'Successfully added payment account', '2016-02-18 17:14:02'),
	(1731, 1, 1, 'rule_set', 'add', 13, 'Successfully added rule set', '2016-02-18 17:14:51'),
	(1732, 1, 1, 'debtor_management', 'add', 3, 'Successfully added Debtor', '2016-02-18 17:16:00'),
	(1733, 1, 1, 'rule_set', 'add', 14, 'Successfully added rule set', '2016-02-18 17:17:37'),
	(1734, 1, 1, 'rule_set', 'add', 15, 'Successfully added rule set', '2016-02-18 17:18:35'),
	(1735, 1, 1, 'discount', 'add', 10, 'Successfully added discount', '2016-02-18 17:30:51'),
	(1736, 1, 1, 'user_profile', 'edit', 4, 'Successfully updated User Role!', '2016-02-18 17:31:34'),
	(1737, 1, 1, 'user_profile', 'edit', 4, 'Successfully updated User Role!', '2016-02-18 17:31:51'),
	(1738, 1, 1, 'debtor_management', 'add', 4, 'Successfully added Debtor', '2016-02-18 17:37:46'),
	(1739, 0, 0, 'login', 'index', 0, '', '2016-02-18 18:07:53'),
	(1740, 1, 1, 'rolling_cargo', 'add', 3, 'Successfully added rolling cargo rate.', '2016-02-18 18:08:20'),
	(1741, 1, 1, 'rolling_cargo', 'edit', 3, 'Rolling cargo rate successfully updated.', '2016-02-18 18:08:30'),
	(1742, 1, 1, 'payment_account', 'edit', 7, 'Successfully updated payment account', '2016-02-18 18:14:01'),
	(1743, 1, 1, 'payment_account', 'edit', 7, 'Successfully updated payment account', '2016-02-18 18:16:01'),
	(1744, 1, 1, 'payment_account', 'edit', 7, 'Successfully updated payment account', '2016-02-18 18:16:09'),
	(1745, 1, 1, 'payment_account', 'edit', 7, 'Successfully updated payment account', '2016-02-18 18:16:20'),
	(1746, 0, 0, 'login', 'index', 0, '', '2016-02-18 18:16:59'),
	(1747, 0, 0, 'login', 'index', 0, '', '2016-02-18 18:18:00'),
	(1748, 1, 1, 'payment_account', 'edit', 7, 'Successfully updated payment account', '2016-02-18 18:19:47'),
	(1749, 1, 1, 'payment_account', 'edit', 7, 'Successfully updated payment account', '2016-02-18 18:29:43'),
	(1750, 1, 1, 'discount', 'edit', 8, 'Successfully updated discount', '2016-02-18 18:53:44'),
	(1751, 1, 1, 'discount', 'edit', 8, 'Successfully updated discount', '2016-02-18 18:54:32'),
	(1752, 1, 1, 'discount', 'edit', 8, 'Successfully updated discount', '2016-02-18 18:54:54'),
	(1753, 1, 1, 'discount', 'edit', 8, 'Successfully updated discount', '2016-02-18 18:56:29'),
	(1754, 1, 1, 'discount', 'edit', 8, 'Successfully updated discount', '2016-02-18 18:57:04'),
	(1755, 1, 1, 'discount', 'edit', 4, 'Successfully updated discount', '2016-02-18 18:57:27'),
	(1756, 1, 1, 'discount', 'edit', 4, 'Successfully updated discount', '2016-02-18 18:57:39'),
	(1757, 1, 1, 'discount', 'edit', 4, 'Successfully updated discount', '2016-02-18 18:57:49'),
	(1758, 0, 0, 'login', 'index', 0, '', '2016-02-19 09:48:10'),
	(1759, 0, 0, 'login', 'index', 0, '', '2016-02-19 09:50:49'),
	(1760, 1, 1, 'evoucher', 'generate', 21, 'Successfully added e-voucher series.', '2016-02-19 10:05:15'),
	(1761, 1, 1, 'evoucher', 'generate', 22, 'Successfully added e-voucher series.', '2016-02-19 10:05:15'),
	(1762, 1, 1, 'evoucher', 'generate', 23, 'Successfully added e-voucher series.', '2016-02-19 10:05:15'),
	(1763, 1, 1, 'evoucher', 'generate', 24, 'Successfully added e-voucher series.', '2016-02-19 10:05:15'),
	(1764, 1, 1, 'evoucher', 'generate', 25, 'Successfully added e-voucher series.', '2016-02-19 10:05:15'),
	(1765, 1, 1, 'evoucher', 'generate', 26, 'Successfully added e-voucher series.', '2016-02-19 10:05:15'),
	(1766, 1, 1, 'evoucher', 'generate', 27, 'Successfully added e-voucher series.', '2016-02-19 10:05:15'),
	(1767, 1, 1, 'evoucher', 'generate', 28, 'Successfully added e-voucher series.', '2016-02-19 10:05:15'),
	(1768, 1, 1, 'evoucher', 'generate', 29, 'Successfully added e-voucher series.', '2016-02-19 10:05:16'),
	(1769, 1, 1, 'evoucher', 'generate', 30, 'Successfully added e-voucher series.', '2016-02-19 10:05:16'),
	(1770, 1, 1, 'evoucher', 'generate', 31, 'Successfully added e-voucher series.', '2016-02-19 10:05:16'),
	(1771, 1, 1, 'evoucher', 'generate', 32, 'Successfully added e-voucher series.', '2016-02-19 10:05:16'),
	(1772, 1, 1, 'evoucher', 'generate', 33, 'Successfully added e-voucher series.', '2016-02-19 10:05:16'),
	(1773, 1, 1, 'evoucher', 'generate', 34, 'Successfully added e-voucher series.', '2016-02-19 10:05:16'),
	(1774, 1, 1, 'evoucher', 'generate', 35, 'Successfully added e-voucher series.', '2016-02-19 10:05:16'),
	(1775, 1, 1, 'evoucher', 'generate', 36, 'Successfully added e-voucher series.', '2016-02-19 10:05:16'),
	(1776, 1, 1, 'evoucher', 'generate', 37, 'Successfully added e-voucher series.', '2016-02-19 10:05:16'),
	(1777, 1, 1, 'evoucher', 'generate', 38, 'Successfully added e-voucher series.', '2016-02-19 10:05:16'),
	(1778, 1, 1, 'evoucher', 'generate', 39, 'Successfully added e-voucher series.', '2016-02-19 10:05:16'),
	(1779, 1, 1, 'evoucher', 'generate', 40, 'Successfully added e-voucher series.', '2016-02-19 10:05:16'),
	(1780, 1, 1, 'evoucher', 'generate', 41, 'Successfully added e-voucher series.', '2016-02-19 10:05:16'),
	(1781, 0, 0, 'login', 'index', 0, '', '2016-02-19 11:01:45'),
	(1782, 1, 1, 'rule_set', 'edit', 11, 'Successfully updated rule set', '2016-02-19 11:14:04'),
	(1783, 1, 1, 'rule_set', 'edit', 11, 'Successfully updated rule set', '2016-02-19 11:15:12'),
	(1784, 1, 1, 'rule_set', 'edit', 11, 'Successfully updated rule set', '2016-02-19 11:39:41'),
	(1785, 1, 1, 'rule_set', 'edit', 8, 'Successfully updated rule set', '2016-02-19 11:42:02'),
	(1786, 1, 1, 'rule_set', 'edit', 8, 'Successfully updated rule set', '2016-02-19 11:44:38'),
	(1787, 1, 1, 'rule_set', 'edit', 8, 'Successfully updated rule set', '2016-02-19 11:44:47'),
	(1788, 1, 1, 'rule_set', 'edit', 8, 'Successfully updated rule set', '2016-02-19 11:50:41'),
	(1789, 1, 1, 'rule_set', 'add', 16, 'Successfully added rule set', '2016-02-19 11:57:39'),
	(1790, 1, 1, 'rule_set', 'edit', 16, 'Successfully updated rule set', '2016-02-19 11:57:49'),
	(1791, 1, 1, 'rule_set', 'edit', 16, 'Successfully updated rule set', '2016-02-19 11:58:02'),
	(1792, 1, 1, 'rule_set', 'edit', 16, 'Successfully updated rule set', '2016-02-19 11:59:21'),
	(1793, 1, 1, 'rule_set', 'edit', 16, 'Successfully updated rule set', '2016-02-19 12:01:21'),
	(1794, 1, 1, 'rule_set', 'edit', 16, 'Successfully updated rule set', '2016-02-19 12:01:30'),
	(1795, 1, 1, 'rule_set', 'edit', 16, 'Successfully updated rule set', '2016-02-19 12:02:14'),
	(1796, 1, 1, 'rule_set', 'edit', 16, 'Successfully updated rule set', '2016-02-19 12:05:03'),
	(1797, 1, 1, 'rule_set', 'edit', 16, 'Successfully updated rule set', '2016-02-19 12:06:01'),
	(1798, 1, 1, 'rule_set', 'edit', 16, 'Successfully updated rule set', '2016-02-19 12:40:12'),
	(1799, 0, 0, 'login', 'index', 0, '', '2016-02-19 13:12:22'),
	(1800, 1, 1, 'logout', 'index', 0, '', '2016-02-19 13:46:38'),
	(1801, 0, 0, 'login', 'index', 0, '', '2016-02-19 13:46:48'),
	(1802, 2, 11, 'logout', 'index', 0, '', '2016-02-19 13:50:21'),
	(1803, 0, 0, 'login', 'index', 0, '', '2016-02-19 13:50:29'),
	(1804, 1, 1, 'user_profile', 'edit', 11, 'Successfully updated User Role!', '2016-02-19 13:51:02'),
	(1805, 1, 1, 'debtor_management', 'add', 5, 'Successfully added Debtor', '2016-02-19 13:51:43'),
	(1806, 1, 1, 'logout', 'index', 0, '', '2016-02-19 13:52:00'),
	(1807, 1, 1, 'rule_set', 'edit', 16, 'Successfully updated rule set', '2016-02-19 13:53:29'),
	(1808, 1, 1, 'rule_set', 'edit', 16, 'Successfully updated rule set', '2016-02-19 13:54:52'),
	(1809, 1, 1, 'rule_set', 'edit', 16, 'Successfully updated rule set', '2016-02-19 13:59:41'),
	(1810, 1, 1, 'rule_set', 'edit', 16, 'Successfully updated rule set', '2016-02-19 14:01:09'),
	(1811, 1, 1, 'rule_set', 'edit', 16, 'Successfully updated rule set', '2016-02-19 14:03:32'),
	(1812, 1, 1, 'rolling_cargo', 'edit', 3, 'Rolling cargo rate successfully updated.', '2016-02-19 14:18:34'),
	(1813, 1, 1, 'discount', 'edit', 6, 'Successfully updated discount', '2016-02-19 15:30:19'),
	(1814, 1, 1, 'rule_set', 'edit', 4, 'Successfully updated rule set', '2016-02-19 16:01:57'),
	(1815, 1, 1, 'rule_set', 'edit', 16, 'Successfully updated rule set', '2016-02-19 16:04:23'),
	(1816, 1, 1, 'rule_set', 'add', 17, 'Successfully added rule set', '2016-02-19 16:07:06'),
	(1817, 1, 1, 'rule_set', 'add', 18, 'Successfully added rule set', '2016-02-19 16:19:52'),
	(1818, 1, 1, 'rule_set', 'add', 19, 'Successfully added rule set', '2016-02-19 16:21:34'),
	(1819, 1, 1, 'rule_set', 'add', 20, 'Successfully added rule set', '2016-02-19 16:29:17'),
	(1820, 1, 1, 'rule_set', 'add', 21, 'Successfully added rule set', '2016-02-19 16:32:32'),
	(1821, 1, 1, 'rule_set', 'add', 22, 'Successfully added rule set', '2016-02-19 16:33:49'),
	(1822, 1, 1, 'rule_set', 'add', 23, 'Successfully added rule set', '2016-02-19 16:34:24'),
	(1823, 1, 1, 'rule_set', 'add', 24, 'Successfully added rule set', '2016-02-19 16:38:05'),
	(1824, 1, 1, 'rule_set', 'add', 25, 'Successfully added rule set', '2016-02-19 16:39:17'),
	(1825, 1, 1, 'rule_set', 'add', 26, 'Successfully added rule set', '2016-02-19 18:15:00');
/*!40000 ALTER TABLE `administrator_log` ENABLE KEYS */;


-- Dumping structure for table oceanjet1_db.administrator_page
CREATE TABLE IF NOT EXISTS `administrator_page` (
  `id_administrator_page` int(11) NOT NULL AUTO_INCREMENT,
  `parent_administrator_page_id` int(11) NOT NULL,
  `administrator_page` varchar(128) NOT NULL,
  `classname` varchar(128) NOT NULL,
  `img` varchar(64) NOT NULL,
  `page_order` int(11) NOT NULL,
  `enabled` tinyint(1) NOT NULL,
  PRIMARY KEY (`id_administrator_page`)
) ENGINE=InnoDB AUTO_INCREMENT=57 DEFAULT CHARSET=latin1;

-- Dumping data for table oceanjet1_db.administrator_page: ~53 rows (approximately)
/*!40000 ALTER TABLE `administrator_page` DISABLE KEYS */;
INSERT INTO `administrator_page` (`id_administrator_page`, `parent_administrator_page_id`, `administrator_page`, `classname`, `img`, `page_order`, `enabled`) VALUES
	(1, 0, 'User Management', '', 'fa fa-users', 1, 1),
	(2, 1, 'User Masterlist', 'user', 'fa fa-users', 2, 1),
	(3, 1, 'User Matrix', 'user_profile', 'fa fa-users', 1, 1),
	(4, 0, 'CMS', '', 'fa fa-clipboard', 2, 1),
	(5, 0, 'Fares', '', 'fa fa-calculator', 3, 1),
	(6, 0, 'Voyage', '', 'fa fa-anchor', 4, 1),
	(7, 0, 'Check-in', '', 'fa fa-check-square-o', 5, 1),
	(8, 0, 'Ticketing', '', 'fa fa-ticket', 6, 1),
	(9, 0, 'Reservation', '', 'fa fa-clock-o', 7, 1),
	(10, 0, 'Agent Management', '', 'fa fa-briefcase', 8, 1),
	(11, 0, 'Reports', '', 'fa fa-area-chart', 9, 1),
	(12, 0, 'Preferences', '', 'fa fa-gear', 10, 1),
	(13, 4, 'Voyage  Code', 'voyage', 'fa fa-clipboard', 1, 1),
	(14, 4, 'Port', 'port', 'fa fa-clipboard', 2, 1),
	(15, 4, 'Vessel', 'vessel', 'fa fa-clipboard', 3, 1),
	(16, 4, 'Accommodation Type', 'accommodation', 'fa fa-clipboard', 4, 1),
	(17, 4, 'Outlet', 'outlet', 'fa fa-clipboard', 5, 1),
	(18, 4, 'Announcement', 'announcement', 'fa fa-clipboard', 6, 1),
	(19, 4, 'E-Ticket/ Itinerary Details', 'eticket', 'fa fa-clipboard', 7, 1),
	(20, 4, 'Payment Account', 'payment_account', 'fa fa-clipboard', 8, 1),
	(21, 5, 'Passenger Fare', 'passenger_fare', 'fa fa-calculator', 1, 1),
	(22, 5, 'Attended Baggage Fare', 'attended_baggage', 'fa fa-calculator', 2, 1),
	(23, 5, 'Padala Cargo rate', 'padala_cargo', 'fa fa-calculator', 3, 1),
	(24, 5, 'RORO Rate', 'rolling_cargo', 'fa fa-calculator', 4, 1),
	(25, 5, 'Discounts', 'discount', 'fa fa-calculator', 5, 1),
	(26, 5, 'Rule Sets', 'rule_set', 'fa fa-calculator', 6, 1),
	(27, 5, 'E-voucher', 'evoucher', 'fa fa-calculator', 7, 1),
	(28, 6, 'Voyage Management', 'voyage_management', 'fa fa-anchor', 1, 1),
	(29, 7, 'Passenger Check-In', 'passenger_checkin', 'fa fa-check-square-o', 1, 1),
	(30, 7, 'Passenger Baggage Check-In ', 'passenger_baggage_checkin', 'fa fa-check-square-o', 2, 1),
	(31, 7, 'Passenger Baggage Check-In Payment', 'passenger_baggage_checkin_payment', 'fa fa-check-square-o', 3, 1),
	(32, 7, 'Padala Cargo Check-In', 'padala_cargo_checkin', 'fa fa-check-square-o', 4, 1),
	(33, 7, 'Padala Cargo Check-In Payment', 'padala_cargo_checkin_payment', 'fa fa-check-square-o', 5, 1),
	(34, 7, 'RORO Check-In', 'rolling_cargo_checkin', 'fa fa-check-square-o', 6, 1),
	(35, 8, 'Ticket Series Assignment', 'ticket_series', 'fa fa-ticket', 1, 1),
	(36, 8, 'Passenger Ticket Issuance', 'issue_passenger_ticket', 'fa fa-ticket', 2, 1),
	(37, 8, 'RORO Ticket Issuance', 'issue_rolling_cargo_ticket', 'fa fa-ticket', 3, 1),
	(38, 8, 'Void Ticket', 'void_ticket', 'fa fa-ticket', 4, 1),
	(39, 8, 'Refund Ticket', 'refund_ticket', 'fa fa-ticket', 5, 1),
	(40, 8, 'Revalidate Ticket', 'reschedule_ticket', 'fa fa-ticket', 6, 1),
	(41, 9, 'Reservation Management', 'reservation', 'fa fa-clock-o', 1, 1),
	(42, 10, 'Debtor Management', 'debtor_management', 'fa fa-briefcase', 1, 1),
	(43, 10, 'Load Debtor Wallet', 'debtor_wallet', 'fa fa-briefcase', 2, 1),
	(44, 10, 'Passenger E-Ticket Issuance', 'eticket_passenger', 'fa fa-briefcase', 3, 1),
	(45, 10, 'RORO E-Ticket Issuance', '', 'fa fa-briefcase', 4, 1),
	(46, 10, 'Void E-Ticket', 'void_eticket', 'fa fa-briefcase', 5, 1),
	(47, 10, 'Refund E-ticket', 'refund_eticket', 'fa fa-briefcase', 6, 1),
	(48, 10, 'Refund E-Ticket Request for Approval', 'approval_refund_eticket', 'fa fa-briefcase', 7, 1),
	(49, 10, 'Approved E-Ticket Refund Requests', 'approved_refund_eticket', 'fa fa-briefcase', 8, 1),
	(50, 10, 'Revalidate E-Ticket', '', 'fa fa-briefcase', 9, 1),
	(51, 11, 'Report', 'report', 'fa fa-area-chart', 1, 1),
	(52, 12, 'Appearance', 'appearance', 'fa fa-gear', 1, 1),
	(53, 12, 'User Account Control', 'account_control', 'fa fa-gear', 2, 1);
/*!40000 ALTER TABLE `administrator_page` ENABLE KEYS */;


-- Dumping structure for table oceanjet1_db.announcement
CREATE TABLE IF NOT EXISTS `announcement` (
  `id_announcement` int(11) unsigned NOT NULL AUTO_INCREMENT,
  `announcement_code` varchar(50) NOT NULL,
  `announcement` varchar(255) NOT NULL,
  `announcement_content` longtext NOT NULL,
  `enabled` tinyint(1) NOT NULL,
  `date_added` datetime NOT NULL,
  `date_update` datetime NOT NULL,
  PRIMARY KEY (`id_announcement`)
) ENGINE=InnoDB DEFAULT CHARSET=utf8;

-- Dumping data for table oceanjet1_db.announcement: ~0 rows (approximately)
/*!40000 ALTER TABLE `announcement` DISABLE KEYS */;
/*!40000 ALTER TABLE `announcement` ENABLE KEYS */;


-- Dumping structure for table oceanjet1_db.announcement_visibility
CREATE TABLE IF NOT EXISTS `announcement_visibility` (
  `id_announcement_visibility` int(11) unsigned NOT NULL AUTO_INCREMENT,
  `announcement_id` int(11) unsigned NOT NULL,
  `user_profile_id` int(11) unsigned NOT NULL,
  PRIMARY KEY (`id_announcement_visibility`)
) ENGINE=InnoDB DEFAULT CHARSET=utf8;

-- Dumping data for table oceanjet1_db.announcement_visibility: ~0 rows (approximately)
/*!40000 ALTER TABLE `announcement_visibility` DISABLE KEYS */;
/*!40000 ALTER TABLE `announcement_visibility` ENABLE KEYS */;


-- Dumping structure for table oceanjet1_db.attended_baggage
CREATE TABLE IF NOT EXISTS `attended_baggage` (
  `id_attended_baggage` int(11) NOT NULL AUTO_INCREMENT,
  `attended_baggage` varchar(36) NOT NULL,
  `description` text NOT NULL,
  `origin_id` int(11) NOT NULL,
  `destination_id` int(11) NOT NULL,
  `amount` decimal(6,2) NOT NULL,
  `unit_of_measurement` varchar(8) NOT NULL,
  `enabled` tinyint(1) NOT NULL,
  PRIMARY KEY (`id_attended_baggage`)
) ENGINE=InnoDB AUTO_INCREMENT=3 DEFAULT CHARSET=latin1;

-- Dumping data for table oceanjet1_db.attended_baggage: ~2 rows (approximately)
/*!40000 ALTER TABLE `attended_baggage` DISABLE KEYS */;
INSERT INTO `attended_baggage` (`id_attended_baggage`, `attended_baggage`, `description`, `origin_id`, `destination_id`, `amount`, `unit_of_measurement`, `enabled`) VALUES
	(1, 'BG002-:D', 'small lugage', 1, 2, 100.00, 'pulgada', 0),
	(2, 'BG001', 'Hand Carry', 1, 2, 22.00, 'kg', 1);
/*!40000 ALTER TABLE `attended_baggage` ENABLE KEYS */;


-- Dumping structure for table oceanjet1_db.booking
CREATE TABLE IF NOT EXISTS `booking` (
  `id_booking` int(11) NOT NULL AUTO_INCREMENT,
  `user_id` int(11) NOT NULL,
  `ticket_series_info_id` int(11) NOT NULL,
  `passenger_id` int(11) NOT NULL,
  `passenger_fare_id` int(11) NOT NULL,
  `booking_source_id` int(11) NOT NULL,
  `booking_status_id` int(11) NOT NULL,
  `discount_id` int(11) unsigned NOT NULL,
  `subvoyage_management_id` int(11) NOT NULL,
  `transaction_ref` varchar(32) NOT NULL,
  `points` decimal(13,2) NOT NULL,
  `jetter_no` varchar(32) DEFAULT NULL,
  `payment` varchar(32) NOT NULL,
  `fare_price` decimal(13,2) NOT NULL,
  `return_fare_price` decimal(13,2) NOT NULL,
  `total_discount` decimal(13,2) NOT NULL,
  `terminal_fee` decimal(13,2) NOT NULL,
  `port_charge` decimal(13,2) NOT NULL,
  `total_amount` decimal(13,2) NOT NULL,
  `reference_id` int(11) unsigned NOT NULL,
  `passenger_valid_id_number` varchar(64) DEFAULT NULL,
  `date_added` datetime NOT NULL,
  `date_update` datetime NOT NULL,
  PRIMARY KEY (`id_booking`)
) ENGINE=InnoDB AUTO_INCREMENT=4 DEFAULT CHARSET=latin1;

-- Dumping data for table oceanjet1_db.booking: ~3 rows (approximately)
/*!40000 ALTER TABLE `booking` DISABLE KEYS */;
INSERT INTO `booking` (`id_booking`, `user_id`, `ticket_series_info_id`, `passenger_id`, `passenger_fare_id`, `booking_source_id`, `booking_status_id`, `discount_id`, `subvoyage_management_id`, `transaction_ref`, `points`, `jetter_no`, `payment`, `fare_price`, `return_fare_price`, `total_discount`, `terminal_fee`, `port_charge`, `total_amount`, `reference_id`, `passenger_valid_id_number`, `date_added`, `date_update`) VALUES
	(1, 1, 1, 1, 20, 0, 1, 0, 2, '1', 0.00, NULL, '', 0.00, 0.00, 0.00, 0.00, 0.00, 0.00, 0, '22-0001789', '0000-00-00 00:00:00', '0000-00-00 00:00:00'),
	(2, 1, 1, 1, 21, 0, 8, 0, 2, '1', 0.00, NULL, '', 0.00, 0.00, 0.00, 0.00, 0.00, 0.00, 0, NULL, '0000-00-00 00:00:00', '0000-00-00 00:00:00'),
	(3, 1, 1, 1, 22, 0, 1, 0, 2, '1', 0.00, NULL, '', 0.00, 0.00, 0.00, 0.00, 0.00, 0.00, 0, NULL, '0000-00-00 00:00:00', '0000-00-00 00:00:00');
/*!40000 ALTER TABLE `booking` ENABLE KEYS */;


-- Dumping structure for table oceanjet1_db.booking_source
CREATE TABLE IF NOT EXISTS `booking_source` (
  `id_booking_source` int(11) NOT NULL AUTO_INCREMENT,
  `booking_source` varchar(64) NOT NULL,
  PRIMARY KEY (`id_booking_source`)
) ENGINE=InnoDB AUTO_INCREMENT=5 DEFAULT CHARSET=latin1;

-- Dumping data for table oceanjet1_db.booking_source: ~4 rows (approximately)
/*!40000 ALTER TABLE `booking_source` DISABLE KEYS */;
INSERT INTO `booking_source` (`id_booking_source`, `booking_source`) VALUES
	(1, 'Online'),
	(2, 'Reservation'),
	(3, 'E-ticket'),
	(4, 'Pre-Printed');
/*!40000 ALTER TABLE `booking_source` ENABLE KEYS */;


-- Dumping structure for table oceanjet1_db.booking_status
CREATE TABLE IF NOT EXISTS `booking_status` (
  `id_booking_status` int(11) NOT NULL AUTO_INCREMENT,
  `booking_status` varchar(64) NOT NULL,
  PRIMARY KEY (`id_booking_status`)
) ENGINE=InnoDB AUTO_INCREMENT=6 DEFAULT CHARSET=latin1;

-- Dumping data for table oceanjet1_db.booking_status: ~5 rows (approximately)
/*!40000 ALTER TABLE `booking_status` DISABLE KEYS */;
INSERT INTO `booking_status` (`id_booking_status`, `booking_status`) VALUES
	(1, 'Issued'),
	(2, 'Void'),
	(3, 'Refund'),
	(4, 'Revalidate'),
	(5, 'Check-in');
/*!40000 ALTER TABLE `booking_status` ENABLE KEYS */;


-- Dumping structure for table oceanjet1_db.cargo_description
CREATE TABLE IF NOT EXISTS `cargo_description` (
  `padala_cargo_checkin_id` int(11) NOT NULL,
  `particular` varchar(128) NOT NULL,
  `padala_cargo_id` int(11) NOT NULL,
  `quantity` int(4) NOT NULL,
  `amount` decimal(9,2) NOT NULL
) ENGINE=InnoDB DEFAULT CHARSET=latin1;

-- Dumping data for table oceanjet1_db.cargo_description: ~0 rows (approximately)
/*!40000 ALTER TABLE `cargo_description` DISABLE KEYS */;
/*!40000 ALTER TABLE `cargo_description` ENABLE KEYS */;


-- Dumping structure for table oceanjet1_db.checkin_type
CREATE TABLE IF NOT EXISTS `checkin_type` (
  `id_checkin_type` int(11) NOT NULL AUTO_INCREMENT,
  `checkin_type` varchar(16) NOT NULL,
  PRIMARY KEY (`id_checkin_type`)
) ENGINE=InnoDB AUTO_INCREMENT=5 DEFAULT CHARSET=latin1;

-- Dumping data for table oceanjet1_db.checkin_type: ~4 rows (approximately)
/*!40000 ALTER TABLE `checkin_type` DISABLE KEYS */;
INSERT INTO `checkin_type` (`id_checkin_type`, `checkin_type`) VALUES
	(1, 'Passenger'),
	(2, 'Baggage'),
	(3, 'Padala Cargo'),
	(4, 'Rolling Cargo');
/*!40000 ALTER TABLE `checkin_type` ENABLE KEYS */;


-- Dumping structure for table oceanjet1_db.civil_status
CREATE TABLE IF NOT EXISTS `civil_status` (
  `id_civil_status` int(11) NOT NULL AUTO_INCREMENT,
  `civil_status_iso_code` varchar(3) NOT NULL,
  `civil_status_code` varchar(15) NOT NULL,
  `civil_status_status` tinyint(4) NOT NULL,
  PRIMARY KEY (`id_civil_status`)
) ENGINE=InnoDB AUTO_INCREMENT=5 DEFAULT CHARSET=latin1;

-- Dumping data for table oceanjet1_db.civil_status: ~4 rows (approximately)
/*!40000 ALTER TABLE `civil_status` DISABLE KEYS */;
INSERT INTO `civil_status` (`id_civil_status`, `civil_status_iso_code`, `civil_status_code`, `civil_status_status`) VALUES
	(1, 'S', 'Single', 1),
	(2, 'M', 'Married', 1),
	(3, 'D', 'Divorced', 1),
	(4, 'W', 'Widow/er', 1);
/*!40000 ALTER TABLE `civil_status` ENABLE KEYS */;


-- Dumping structure for table oceanjet1_db.conditions
CREATE TABLE IF NOT EXISTS `conditions` (
  `id_conditions` int(11) unsigned NOT NULL AUTO_INCREMENT,
  `conditions` varchar(255) NOT NULL,
  PRIMARY KEY (`id_conditions`)
) ENGINE=InnoDB AUTO_INCREMENT=13 DEFAULT CHARSET=utf8;

-- Dumping data for table oceanjet1_db.conditions: ~7 rows (approximately)
/*!40000 ALTER TABLE `conditions` DISABLE KEYS */;
INSERT INTO `conditions` (`id_conditions`, `conditions`) VALUES
	(1, 'Age Bracket'),
	(2, 'Selling Source'),
	(3, 'Require Advance Booking'),
	(4, 'Booking Period'),
	(5, 'Travel Period'),
	(6, 'Travel Days'),
	(7, 'Maximum Leg Interval');
/*!40000 ALTER TABLE `conditions` ENABLE KEYS */;


-- Dumping structure for table oceanjet1_db.configuration
CREATE TABLE IF NOT EXISTS `configuration` (
  `id_configuration` int(11) NOT NULL AUTO_INCREMENT,
  `configuration` varchar(128) NOT NULL,
  `value` text NOT NULL,
  `config_type` tinyint(1) unsigned NOT NULL,
  PRIMARY KEY (`id_configuration`)
) ENGINE=InnoDB AUTO_INCREMENT=40 DEFAULT CHARSET=latin1;

-- Dumping data for table oceanjet1_db.configuration: ~39 rows (approximately)
/*!40000 ALTER TABLE `configuration` DISABLE KEYS */;
INSERT INTO `configuration` (`id_configuration`, `configuration`, `value`, `config_type`) VALUES
	(1, 'EMAIL_PROTOCOL', 'mail', 1),
	(2, 'SMTP_DOMAIN', '', 1),
	(3, 'SMTP_HOST', '', 1),
	(4, 'SMTP_USER', '', 1),
	(5, 'SMTP_PASS', '', 1),
	(6, 'SMTP_PORT', '25', 1),
	(7, 'EMAIL_TYPE', 'html', 1),
	(8, 'DEBUG_MODE', '0', 1),
	(9, 'THEME', 'default', 1),
	(10, 'SITE_TITLE', 'Ocean Jet', 1),
	(11, 'CACHE_MODE', '0', 1),
	(12, 'CACHE_TIMEOUT', '2', 1),
	(13, 'DEFAULT_LANGUAGE', '1', 1),
	(14, 'ADMIN_PAGE_LOGO', '1', 1),
	(15, 'ADMIN_ITEMS', '100', 1),
	(16, 'SMTP_CC', '', 1),
	(17, 'COMP_LOGO', '', 1),
	(18, 'COMP_ADDR1', '', 1),
	(19, 'COMP_ADDR2', '', 1),
	(20, 'COMP_EMAIL', '', 1),
	(21, 'COMP_HEADER', '', 1),
	(22, 'COMP_FOOTER', '', 1),
	(23, 'COMP_HEADER', '', 1),
	(24, 'DEFAULT_COUNTRY', '', 1),
	(25, 'DEFAULT_TIME_ZONE', 'Asia/Manila', 1),
	(26, 'SMTP_BCC', '', 1),
	(27, 'UPLOAD_DIR', 'e:\\titanium', 1),
	(28, 'NUM_PASSWORD_CHANGE', '4', 1),
	(29, 'REQ_PASSWORD_CHANGE', '90', 1),
	(30, 'PASSWORD_REQ_UPPERCASE', '0', 1),
	(31, 'PASSWORD_REQ_NUMBER', '0', 1),
	(32, 'PASSWORD_REQ_SPL_CHAR', '1', 1),
	(33, 'LOGIN_ATTEMPT', '5', 1),
	(34, 'ENABLE_LOCKED_ACCT', '10', 1),
	(35, 'RE_AUTHENTICATE_ACCT', '60', 1),
	(36, 'INACTIVE_ACCT', '90', 1),
	(37, 'MIN_PASSWORD_CHAR', '5', 1),
	(38, 'MAX_PASSWORD_CHAR', '10', 1),
	(39, 'PASSWORD_REQ_LOWERCASE', '0', 1);
/*!40000 ALTER TABLE `configuration` ENABLE KEYS */;


-- Dumping structure for table oceanjet1_db.debtor
CREATE TABLE IF NOT EXISTS `debtor` (
  `id_debtor` int(11) NOT NULL AUTO_INCREMENT,
  `debtor_code` varchar(100) NOT NULL,
  `user_id` int(11) NOT NULL,
  `amount` decimal(12,2) DEFAULT NULL,
  `enabled` int(11) NOT NULL,
  PRIMARY KEY (`id_debtor`)
) ENGINE=InnoDB AUTO_INCREMENT=6 DEFAULT CHARSET=latin1;

-- Dumping data for table oceanjet1_db.debtor: ~1 rows (approximately)
/*!40000 ALTER TABLE `debtor` DISABLE KEYS */;
INSERT INTO `debtor` (`id_debtor`, `debtor_code`, `user_id`, `amount`, `enabled`) VALUES
	(5, 'DB02', 2, NULL, 1);
/*!40000 ALTER TABLE `debtor` ENABLE KEYS */;


-- Dumping structure for table oceanjet1_db.debtor_outlet
CREATE TABLE IF NOT EXISTS `debtor_outlet` (
  `id_debtor_outlet` int(11) NOT NULL AUTO_INCREMENT,
  `debtor_id` int(11) DEFAULT NULL,
  `outlet_id` int(11) DEFAULT NULL,
  PRIMARY KEY (`id_debtor_outlet`)
) ENGINE=InnoDB AUTO_INCREMENT=10 DEFAULT CHARSET=latin1;

-- Dumping data for table oceanjet1_db.debtor_outlet: ~1 rows (approximately)
/*!40000 ALTER TABLE `debtor_outlet` DISABLE KEYS */;
INSERT INTO `debtor_outlet` (`id_debtor_outlet`, `debtor_id`, `outlet_id`) VALUES
	(9, 5, 8);
/*!40000 ALTER TABLE `debtor_outlet` ENABLE KEYS */;


-- Dumping structure for table oceanjet1_db.debtor_wallet
CREATE TABLE IF NOT EXISTS `debtor_wallet` (
  `id_debtor_wallet` int(11) NOT NULL AUTO_INCREMENT,
  `debtor_id` int(11) NOT NULL,
  `wallet_amount` decimal(12,2) NOT NULL,
  `payment_account_id` int(11) NOT NULL,
  `deposit_date` datetime NOT NULL,
  `reference` text NOT NULL,
  `type` int(11) DEFAULT NULL,
  PRIMARY KEY (`id_debtor_wallet`)
) ENGINE=InnoDB DEFAULT CHARSET=latin1;

-- Dumping data for table oceanjet1_db.debtor_wallet: ~0 rows (approximately)
/*!40000 ALTER TABLE `debtor_wallet` DISABLE KEYS */;
/*!40000 ALTER TABLE `debtor_wallet` ENABLE KEYS */;


-- Dumping structure for table oceanjet1_db.discounts
CREATE TABLE IF NOT EXISTS `discounts` (
  `id_discount` int(11) unsigned NOT NULL AUTO_INCREMENT,
  `discount_code` varchar(100) NOT NULL,
  `discount` varchar(100) NOT NULL,
  `discount_type` varchar(20) NOT NULL,
  `discount_amount` decimal(13,2) unsigned NOT NULL,
  `with_age` tinyint(1) unsigned NOT NULL,
  `age_from` int(11) unsigned NOT NULL,
  `age_to` int(11) unsigned NOT NULL,
  `vat_exempt` tinyint(1) unsigned NOT NULL,
  `require_id` tinyint(1) unsigned NOT NULL,
  `enabled` tinyint(1) unsigned NOT NULL,
  `date_added` datetime NOT NULL,
  `date_update` datetime NOT NULL,
  PRIMARY KEY (`id_discount`)
) ENGINE=InnoDB AUTO_INCREMENT=11 DEFAULT CHARSET=latin1;

-- Dumping data for table oceanjet1_db.discounts: ~5 rows (approximately)
/*!40000 ALTER TABLE `discounts` DISABLE KEYS */;
INSERT INTO `discounts` (`id_discount`, `discount_code`, `discount`, `discount_type`, `discount_amount`, `with_age`, `age_from`, `age_to`, `vat_exempt`, `require_id`, `enabled`, `date_added`, `date_update`) VALUES
	(4, 'DSC-000-05', 'Senior Citizen Discount', 'percentage', 20.00, 1, 65, 70, 1, 1, 1, '2016-02-18 14:36:11', '2016-02-18 18:57:49'),
	(6, 'DSC-000-08', 'Student Discount', 'percentage', 20.00, 1, 1, 4, 1, 1, 1, '2016-02-18 15:07:48', '2016-02-19 15:30:19'),
	(8, 'DSC-000-09', 'VIP Discount', 'percentage', 6.00, 1, 0, 8, 0, 1, 1, '2016-02-18 15:18:08', '2016-02-18 18:57:04'),
	(9, 'DSC-000-10', 'VIDP Discount', 'percentage', 25.00, 0, 0, 0, 1, 1, 0, '2016-02-18 17:11:43', '2016-02-18 17:11:43'),
	(10, 'DSC-000-87', 'Manager Discount', 'percentage', 5.00, 0, 0, 0, 1, 1, 1, '2016-02-18 17:30:51', '2016-02-18 17:30:51');
/*!40000 ALTER TABLE `discounts` ENABLE KEYS */;


-- Dumping structure for table oceanjet1_db.eticket
CREATE TABLE IF NOT EXISTS `eticket` (
  `id_eticket` int(11) NOT NULL AUTO_INCREMENT,
  `eticket_details` varchar(128) NOT NULL,
  `eticket_terms` varchar(3000) NOT NULL,
  `eticket_reminders` varchar(3000) NOT NULL,
  `date_added` datetime NOT NULL,
  `date_update` datetime NOT NULL,
  PRIMARY KEY (`id_eticket`)
) ENGINE=InnoDB AUTO_INCREMENT=2 DEFAULT CHARSET=latin1;

-- Dumping data for table oceanjet1_db.eticket: ~1 rows (approximately)
/*!40000 ALTER TABLE `eticket` DISABLE KEYS */;
INSERT INTO `eticket` (`id_eticket`, `eticket_details`, `eticket_terms`, `eticket_reminders`, `date_added`, `date_update`) VALUES
	(1, 'Details', 'Terms', 'Reminders', '0000-00-00 00:00:00', '0000-00-00 00:00:00');
/*!40000 ALTER TABLE `eticket` ENABLE KEYS */;


-- Dumping structure for table oceanjet1_db.evoucher
CREATE TABLE IF NOT EXISTS `evoucher` (
  `id_evoucher` int(11) NOT NULL AUTO_INCREMENT,
  `evoucher` varchar(128) NOT NULL,
  `origin_id` int(11) NOT NULL,
  `destination_id` int(11) NOT NULL,
  `accommodation_id` int(11) NOT NULL,
  `quantity` int(11) NOT NULL,
  `alloted_evoucher` int(10) unsigned NOT NULL,
  `generated_evoucher` int(10) unsigned NOT NULL,
  `cancelled_evoucher` int(10) unsigned NOT NULL,
  `evoucher_type` tinyint(1) NOT NULL,
  `evoucher_amount` decimal(13,2) NOT NULL,
  `validity` int(11) NOT NULL,
  `outlet_id` int(11) NOT NULL,
  `status` varchar(8) NOT NULL,
  PRIMARY KEY (`id_evoucher`)
) ENGINE=InnoDB AUTO_INCREMENT=2 DEFAULT CHARSET=latin1;

-- Dumping data for table oceanjet1_db.evoucher: ~1 rows (approximately)
/*!40000 ALTER TABLE `evoucher` DISABLE KEYS */;
INSERT INTO `evoucher` (`id_evoucher`, `evoucher`, `origin_id`, `destination_id`, `accommodation_id`, `quantity`, `alloted_evoucher`, `generated_evoucher`, `cancelled_evoucher`, `evoucher_type`, `evoucher_amount`, `validity`, `outlet_id`, `status`) VALUES
	(1, 'Voucher 001', 1, 4, 5, 100, 1, 41, 5, 1, 100.00, 10, 3, 'New');
/*!40000 ALTER TABLE `evoucher` ENABLE KEYS */;


-- Dumping structure for table oceanjet1_db.evoucher_series
CREATE TABLE IF NOT EXISTS `evoucher_series` (
  `id_evoucher_series` int(11) NOT NULL AUTO_INCREMENT,
  `evoucher_id` int(11) NOT NULL,
  `evoucher_code` varchar(32) NOT NULL,
  `amount` decimal(13,2) NOT NULL,
  `estatus` varchar(16) NOT NULL,
  `date_generated` date DEFAULT NULL,
  `expiration_date` date DEFAULT NULL,
  `date_used` date DEFAULT NULL,
  PRIMARY KEY (`id_evoucher_series`)
) ENGINE=InnoDB AUTO_INCREMENT=42 DEFAULT CHARSET=latin1;

-- Dumping data for table oceanjet1_db.evoucher_series: ~41 rows (approximately)
/*!40000 ALTER TABLE `evoucher_series` DISABLE KEYS */;
INSERT INTO `evoucher_series` (`id_evoucher_series`, `evoucher_id`, `evoucher_code`, `amount`, `estatus`, `date_generated`, `expiration_date`, `date_used`) VALUES
	(1, 1, 'M1GASLF', 100.00, 'Cancelled', '2016-02-17', '2016-02-27', '0000-00-00'),
	(2, 1, 'NNP3RQJ', 100.00, 'Used', '2016-02-17', '2016-02-27', '0000-00-00'),
	(3, 1, '5XFLJ14', 100.00, 'Unused', '2016-02-17', '2016-02-27', '0000-00-00'),
	(4, 1, 'HM2R8RQ', 100.00, 'Unused', '2016-02-17', '2016-02-27', '0000-00-00'),
	(5, 1, 'PY8OOFP', 100.00, 'Unused', '2016-02-17', '2016-02-27', '0000-00-00'),
	(6, 1, '6E070T2', 100.00, 'Unused', '2016-02-17', '2016-02-27', '0000-00-00'),
	(7, 1, 'NV56K7Y', 100.00, 'Unused', '2016-02-17', '2016-02-27', '0000-00-00'),
	(8, 1, 'K35TXDH', 100.00, 'Cancelled', '2016-02-17', '2016-02-27', '0000-00-00'),
	(9, 1, '8FSQYG1', 100.00, 'Unused', '2016-02-17', '2016-02-27', '0000-00-00'),
	(10, 1, 'QG9QBFJ', 100.00, 'Unused', '2016-02-17', '2016-02-27', '0000-00-00'),
	(11, 1, '4K9TZAS', 100.00, 'Unused', '2016-02-17', '2016-02-27', '0000-00-00'),
	(12, 1, 'ZKUF5Y6', 100.00, 'Unused', '2016-02-17', '2016-02-27', '0000-00-00'),
	(13, 1, 'GN3EQLK', 100.00, 'Unused', '2016-02-17', '2016-02-27', '0000-00-00'),
	(14, 1, 'PRMQT0Z', 100.00, 'Unused', '2016-02-17', '2016-02-27', '0000-00-00'),
	(15, 1, 'BUYNQIC', 100.00, 'Unused', '2016-02-17', '2016-02-27', '0000-00-00'),
	(16, 1, 'MT6OXXH', 100.00, 'Unused', '2016-02-17', '2016-02-27', '0000-00-00'),
	(17, 1, '0QCCNPW', 100.00, 'Cancelled', '2016-02-17', '2016-02-27', '0000-00-00'),
	(18, 1, 'AXYVQA8', 100.00, 'Unused', '2016-02-17', '2016-02-27', '0000-00-00'),
	(19, 1, 'S6Q27N6', 100.00, 'Unused', '2016-02-17', '2016-02-27', '0000-00-00'),
	(20, 1, 'FLKN542', 100.00, 'Unused', '2016-02-17', '2016-02-27', '0000-00-00'),
	(21, 1, 'K0CD3LJ', 100.00, 'Cancelled', '2016-02-19', '2016-02-29', '0000-00-00'),
	(22, 1, 'SXBIYCV', 100.00, 'Unused', '2016-02-19', '2016-02-29', '0000-00-00'),
	(23, 1, 'SBKVD59', 100.00, 'Unused', '2016-02-19', '2016-02-29', '0000-00-00'),
	(24, 1, '0PYA3G5', 100.00, 'Cancelled', '2016-02-19', '2016-02-29', '0000-00-00'),
	(25, 1, 'D937538', 100.00, 'Unused', '2016-02-19', '2016-02-29', '0000-00-00'),
	(26, 1, 'X3MKSPQ', 100.00, 'Unused', '2016-02-19', '2016-02-29', '0000-00-00'),
	(27, 1, 'TKAL13F', 100.00, 'Unused', '2016-02-19', '2016-02-29', '0000-00-00'),
	(28, 1, '9XVDMK8', 100.00, 'Unused', '2016-02-19', '2016-02-29', '0000-00-00'),
	(29, 1, 'OXQ26XP', 100.00, 'Unused', '2016-02-19', '2016-02-29', '0000-00-00'),
	(30, 1, 'UU19B44', 100.00, 'Unused', '2016-02-19', '2016-02-29', '0000-00-00'),
	(31, 1, 'YDXUI8J', 100.00, 'Unused', '2016-02-19', '2016-02-29', '0000-00-00'),
	(32, 1, 'QPSJH09', 100.00, 'Unused', '2016-02-19', '2016-02-29', '0000-00-00'),
	(33, 1, 'DIHRDFU', 100.00, 'Unused', '2016-02-19', '2016-02-29', '0000-00-00'),
	(34, 1, 'ADNS842', 100.00, 'Unused', '2016-02-19', '2016-02-29', '0000-00-00'),
	(35, 1, 'XKGAOY5', 100.00, 'Unused', '2016-02-19', '2016-02-29', '0000-00-00'),
	(36, 1, 'BCURFUG', 100.00, 'Unused', '2016-02-19', '2016-02-29', '0000-00-00'),
	(37, 1, '3PN3EVS', 100.00, 'Unused', '2016-02-19', '2016-02-29', '0000-00-00'),
	(38, 1, 'W1EB8CO', 100.00, 'Unused', '2016-02-19', '2016-02-29', '0000-00-00'),
	(39, 1, 'VVVTLGO', 100.00, 'Unused', '2016-02-19', '2016-02-29', '0000-00-00'),
	(40, 1, 'WMR4D86', 100.00, 'Unused', '2016-02-19', '2016-02-29', '0000-00-00'),
	(41, 1, 'SJ3I1FZ', 100.00, 'Unused', '2016-02-19', '2016-02-29', '0000-00-00');
/*!40000 ALTER TABLE `evoucher_series` ENABLE KEYS */;


-- Dumping structure for table oceanjet1_db.gender
CREATE TABLE IF NOT EXISTS `gender` (
  `id_gender` int(11) NOT NULL AUTO_INCREMENT,
  `gender_iso_code` varchar(3) NOT NULL,
  `gender_code` varchar(15) NOT NULL,
  `gender_status` tinyint(4) NOT NULL,
  PRIMARY KEY (`id_gender`)
) ENGINE=InnoDB AUTO_INCREMENT=3 DEFAULT CHARSET=latin1;

-- Dumping data for table oceanjet1_db.gender: ~2 rows (approximately)
/*!40000 ALTER TABLE `gender` DISABLE KEYS */;
INSERT INTO `gender` (`id_gender`, `gender_iso_code`, `gender_code`, `gender_status`) VALUES
	(1, 'M', 'Male', 1),
	(2, 'F', 'Female', 1);
/*!40000 ALTER TABLE `gender` ENABLE KEYS */;


-- Dumping structure for table oceanjet1_db.month
CREATE TABLE IF NOT EXISTS `month` (
  `id_month` int(11) NOT NULL,
  `month` varchar(128) NOT NULL,
  PRIMARY KEY (`id_month`)
) ENGINE=MyISAM DEFAULT CHARSET=latin1;

-- Dumping data for table oceanjet1_db.month: 12 rows
/*!40000 ALTER TABLE `month` DISABLE KEYS */;
INSERT INTO `month` (`id_month`, `month`) VALUES
	(1, 'January'),
	(2, 'February'),
	(3, 'March'),
	(4, 'April'),
	(5, 'May'),
	(6, 'June'),
	(7, 'July'),
	(8, 'August'),
	(9, 'September'),
	(10, 'October'),
	(11, 'November'),
	(12, 'December');
/*!40000 ALTER TABLE `month` ENABLE KEYS */;


-- Dumping structure for table oceanjet1_db.outlet
CREATE TABLE IF NOT EXISTS `outlet` (
  `id_outlet` int(11) unsigned NOT NULL AUTO_INCREMENT,
  `port_id` int(11) unsigned NOT NULL,
  `outlet_code` varchar(50) NOT NULL,
  `outlet_type` varchar(10) NOT NULL,
  `outlet` varchar(255) NOT NULL,
  `outlet_address` longtext NOT NULL,
  `outlet_commission` decimal(13,2) unsigned NOT NULL,
  `enabled` tinyint(1) NOT NULL,
  `date_added` datetime NOT NULL,
  `date_update` datetime NOT NULL,
  PRIMARY KEY (`id_outlet`)
) ENGINE=InnoDB AUTO_INCREMENT=12 DEFAULT CHARSET=utf8;

-- Dumping data for table oceanjet1_db.outlet: ~8 rows (approximately)
/*!40000 ALTER TABLE `outlet` DISABLE KEYS */;
INSERT INTO `outlet` (`id_outlet`, `port_id`, `outlet_code`, `outlet_type`, `outlet`, `outlet_address`, `outlet_commission`, `enabled`, `date_added`, `date_update`) VALUES
	(3, 0, 'Gian', 'External', 'Carlo', 'Taga San Jose', 1.00, 1, '2016-02-12 17:50:26', '2016-02-12 17:50:26'),
	(4, 2, 'HAHA', 'Internal', 'hahass', 'dsafdsafdsafdsafdsa', 0.00, 1, '2016-02-12 17:51:52', '2016-02-18 16:20:20'),
	(6, 2, 'O-SM-MEGA-01', 'Internal', 'SM Megamall', '#123 Pampanga Street', 0.00, 1, '2016-02-18 14:55:32', '2016-02-18 14:55:32'),
	(7, 0, 'O-SM-MEGA-04', 'External', 'SM Megamall 4', '#123 Manila Street1', 55.00, 1, '2016-02-18 14:57:00', '2016-02-18 14:57:00'),
	(8, 0, 'O-SM-MEGA-5', 'External', 'SM Megamall Nyo', 'test', 8.00, 0, '2016-02-18 15:06:18', '2016-02-18 16:19:20'),
	(9, 0, 'O-SM-MOA-001', 'External', 'SM Mall Of Asia', '#123 Pampanga Street', 55.00, 1, '2016-02-18 15:06:41', '2016-02-18 15:06:41'),
	(10, 1, 'OJ-CEBU-001', 'Internal', 'Ocean Jet Cebu Port', '#123 Manila Street', 0.00, 0, '2016-02-18 17:13:02', '2016-02-18 17:13:02'),
	(11, 2, 'OJ-TAG-002', 'Internal', 'Oceanjet Tagbilaran Port', '#123 Pampanga Street', 0.00, 1, '2016-02-18 17:13:35', '2016-02-18 17:13:35');
/*!40000 ALTER TABLE `outlet` ENABLE KEYS */;


-- Dumping structure for table oceanjet1_db.padala_cargo
CREATE TABLE IF NOT EXISTS `padala_cargo` (
  `id_padala_cargo` int(11) NOT NULL AUTO_INCREMENT,
  `padala_cargo` varchar(36) NOT NULL,
  `description` text NOT NULL,
  `origin_id` int(11) NOT NULL,
  `destination_id` int(11) DEFAULT NULL,
  `amount` decimal(6,2) NOT NULL,
  `unit_of_measurement` varchar(8) NOT NULL,
  `enabled` tinyint(1) NOT NULL,
  PRIMARY KEY (`id_padala_cargo`)
) ENGINE=InnoDB AUTO_INCREMENT=5 DEFAULT CHARSET=latin1;

-- Dumping data for table oceanjet1_db.padala_cargo: ~2 rows (approximately)
/*!40000 ALTER TABLE `padala_cargo` DISABLE KEYS */;
INSERT INTO `padala_cargo` (`id_padala_cargo`, `padala_cargo`, `description`, `origin_id`, `destination_id`, `amount`, `unit_of_measurement`, `enabled`) VALUES
	(3, 'GGAA', 'Oe eh', 1, 2, 102.00, 'L ea an', 1),
	(4, 'HOORAY', 'Hooray pa more', 2, 3, 5.00, 'kg', 1);
/*!40000 ALTER TABLE `padala_cargo` ENABLE KEYS */;


-- Dumping structure for table oceanjet1_db.padala_cargo_checkin
CREATE TABLE IF NOT EXISTS `padala_cargo_checkin` (
  `id_padala_cargo_checkin` int(11) NOT NULL AUTO_INCREMENT,
  `departure_date` date NOT NULL,
  `voyage_id` int(11) NOT NULL,
  `reference_no` varchar(24) NOT NULL,
  `sender_first_name` varchar(64) NOT NULL,
  `sender_last_name` varchar(32) NOT NULL,
  `sender_middle_initial` varchar(3) NOT NULL,
  `sender_contact_no` varchar(16) NOT NULL,
  `recipient_first_name` varchar(64) NOT NULL,
  `recipient_last_name` varchar(32) NOT NULL,
  `recipient_middle_initial` varchar(3) NOT NULL,
  `recipient_contact_no` varchar(16) NOT NULL,
  PRIMARY KEY (`id_padala_cargo_checkin`)
) ENGINE=InnoDB DEFAULT CHARSET=latin1;

-- Dumping data for table oceanjet1_db.padala_cargo_checkin: ~0 rows (approximately)
/*!40000 ALTER TABLE `padala_cargo_checkin` DISABLE KEYS */;
/*!40000 ALTER TABLE `padala_cargo_checkin` ENABLE KEYS */;


-- Dumping structure for table oceanjet1_db.passenger
CREATE TABLE IF NOT EXISTS `passenger` (
  `id_passenger` int(11) NOT NULL AUTO_INCREMENT,
  `firstname` varchar(64) NOT NULL,
  `middlename` varchar(64) DEFAULT NULL,
  `lastname` varchar(64) NOT NULL,
  `birthdate` date NOT NULL,
  `age` varchar(64) DEFAULT NULL,
  `gender` varchar(32) NOT NULL,
  `contactno` varchar(32) DEFAULT NULL,
  `id_no` varchar(64) DEFAULT NULL,
  `nationality` varchar(64) DEFAULT NULL,
  `with_infant` tinyint(1) DEFAULT NULL,
  `infant_name` varchar(64) DEFAULT NULL,
  PRIMARY KEY (`id_passenger`)
) ENGINE=InnoDB AUTO_INCREMENT=2 DEFAULT CHARSET=latin1;

-- Dumping data for table oceanjet1_db.passenger: ~1 rows (approximately)
/*!40000 ALTER TABLE `passenger` DISABLE KEYS */;
INSERT INTO `passenger` (`id_passenger`, `firstname`, `middlename`, `lastname`, `birthdate`, `age`, `gender`, `contactno`, `id_no`, `nationality`, `with_infant`, `infant_name`) VALUES
	(1, 'Gian', 'Zapatero', 'Asuncion', '0000-00-00', NULL, '', NULL, NULL, NULL, NULL, NULL);
/*!40000 ALTER TABLE `passenger` ENABLE KEYS */;


-- Dumping structure for table oceanjet1_db.passenger_baggage_checkin
CREATE TABLE IF NOT EXISTS `passenger_baggage_checkin` (
  `id_passenger_baggage_checkin` int(11) NOT NULL AUTO_INCREMENT,
  `subvoyage_management_id` int(11) DEFAULT NULL,
  `booking_id` int(11) DEFAULT NULL,
  `attended_baggage_id` int(11) DEFAULT NULL,
  `transaction_ref` varchar(255) DEFAULT NULL,
  `quantity` decimal(10,2) DEFAULT NULL COMMENT 'number of bags',
  `weight` decimal(10,2) DEFAULT NULL,
  `free_baggage` decimal(10,2) DEFAULT NULL,
  `paid_status` int(11) DEFAULT NULL COMMENT '0: not paid| 1: paid',
  `amount_tendered` decimal(10,2) DEFAULT NULL COMMENT 'amount presented',
  `total_amount` decimal(10,2) DEFAULT NULL,
  `date_added` datetime DEFAULT NULL,
  `date_update` datetime DEFAULT NULL,
  PRIMARY KEY (`id_passenger_baggage_checkin`)
) ENGINE=InnoDB AUTO_INCREMENT=2 DEFAULT CHARSET=latin1;

-- Dumping data for table oceanjet1_db.passenger_baggage_checkin: ~1 rows (approximately)
/*!40000 ALTER TABLE `passenger_baggage_checkin` DISABLE KEYS */;
INSERT INTO `passenger_baggage_checkin` (`id_passenger_baggage_checkin`, `subvoyage_management_id`, `booking_id`, `attended_baggage_id`, `transaction_ref`, `quantity`, `weight`, `free_baggage`, `paid_status`, `amount_tendered`, `total_amount`, `date_added`, `date_update`) VALUES
	(1, 2, 1, 1, '1', 1.00, 36.00, 35.00, 0, 100.00, 100.00, NULL, NULL);
/*!40000 ALTER TABLE `passenger_baggage_checkin` ENABLE KEYS */;


-- Dumping structure for table oceanjet1_db.passenger_checkin
CREATE TABLE IF NOT EXISTS `passenger_checkin` (
  `id_passenger_checkin` int(11) NOT NULL AUTO_INCREMENT,
  `booking_id` int(11) NOT NULL,
  `subvoyage_management_id` int(11) NOT NULL,
  `vessel_seats` varchar(255) DEFAULT NULL,
  `accomodation_id` int(11) DEFAULT NULL,
  `transaction_ref` varchar(255) DEFAULT NULL,
  `date_added` datetime DEFAULT NULL,
  `date_updated` datetime DEFAULT NULL,
  PRIMARY KEY (`id_passenger_checkin`)
) ENGINE=InnoDB AUTO_INCREMENT=2 DEFAULT CHARSET=latin1;

-- Dumping data for table oceanjet1_db.passenger_checkin: ~0 rows (approximately)
/*!40000 ALTER TABLE `passenger_checkin` DISABLE KEYS */;
/*!40000 ALTER TABLE `passenger_checkin` ENABLE KEYS */;


-- Dumping structure for table oceanjet1_db.passenger_fare
CREATE TABLE IF NOT EXISTS `passenger_fare` (
  `id_passenger_fare` int(11) unsigned NOT NULL AUTO_INCREMENT,
  `passenger_fare` varchar(50) NOT NULL,
  `voyage_id` int(11) unsigned NOT NULL,
  `accommodation_id` int(11) unsigned NOT NULL,
  `rule_set_id` int(11) unsigned NOT NULL,
  `seat_limit` int(8) unsigned NOT NULL,
  `regular_fare` tinyint(1) unsigned NOT NULL,
  `default_fare` tinyint(1) unsigned NOT NULL,
  `require_id` tinyint(1) unsigned NOT NULL,
  `return_fare` tinyint(1) unsigned NOT NULL,
  `points_earning` int(8) unsigned NOT NULL,
  `enabled` tinyint(1) unsigned NOT NULL,
  `date_added` datetime NOT NULL,
  `date_update` datetime NOT NULL,
  PRIMARY KEY (`id_passenger_fare`)
) ENGINE=InnoDB AUTO_INCREMENT=24 DEFAULT CHARSET=utf8;

-- Dumping data for table oceanjet1_db.passenger_fare: ~4 rows (approximately)
/*!40000 ALTER TABLE `passenger_fare` DISABLE KEYS */;
INSERT INTO `passenger_fare` (`id_passenger_fare`, `passenger_fare`, `voyage_id`, `accommodation_id`, `rule_set_id`, `seat_limit`, `regular_fare`, `default_fare`, `require_id`, `return_fare`, `points_earning`, `enabled`, `date_added`, `date_update`) VALUES
	(20, 'PF001', 2, 2, 4, 44, 1, 0, 1, 0, 44, 1, '2016-02-18 09:34:15', '2016-02-18 09:34:15'),
	(21, 'PF002', 2, 3, 4, 44, 1, 0, 1, 0, 0, 1, '2016-02-18 09:36:06', '2016-02-18 09:36:06'),
	(22, 'PF003', 4, 5, 4, 23, 1, 1, 1, 0, 0, 1, '2016-02-18 09:37:28', '2016-02-18 09:37:28'),
	(23, 'PF004', 4, 5, 4, 44, 1, 1, 1, 1, 0, 1, '2016-02-18 10:10:01', '2016-02-18 10:10:01');
/*!40000 ALTER TABLE `passenger_fare` ENABLE KEYS */;


-- Dumping structure for table oceanjet1_db.passenger_fare_conditions
CREATE TABLE IF NOT EXISTS `passenger_fare_conditions` (
  `id_passenger_fare_conditions` int(11) unsigned NOT NULL AUTO_INCREMENT,
  `passenger_fare_id` int(11) unsigned NOT NULL,
  `conditions_id` tinyint(2) unsigned NOT NULL,
  `age_bracket_from` tinyint(2) unsigned NOT NULL,
  `age_bracket_to` tinyint(3) unsigned NOT NULL,
  `outlet_id` int(11) unsigned NOT NULL,
  `min_advance_booking` int(8) unsigned NOT NULL,
  `max_advance_booking` int(8) unsigned NOT NULL,
  `booking_period_from` datetime NOT NULL,
  `booking_period_to` datetime NOT NULL,
  `travel_period_from` datetime NOT NULL,
  `travel_period_to` datetime NOT NULL,
  `travel_days` varchar(10) NOT NULL,
  `max_leg_interval` int(11) unsigned NOT NULL,
  PRIMARY KEY (`id_passenger_fare_conditions`)
) ENGINE=InnoDB AUTO_INCREMENT=35 DEFAULT CHARSET=utf8;

-- Dumping data for table oceanjet1_db.passenger_fare_conditions: ~11 rows (approximately)
/*!40000 ALTER TABLE `passenger_fare_conditions` DISABLE KEYS */;
INSERT INTO `passenger_fare_conditions` (`id_passenger_fare_conditions`, `passenger_fare_id`, `conditions_id`, `age_bracket_from`, `age_bracket_to`, `outlet_id`, `min_advance_booking`, `max_advance_booking`, `booking_period_from`, `booking_period_to`, `travel_period_from`, `travel_period_to`, `travel_days`, `max_leg_interval`) VALUES
	(24, 20, 1, 4, 23, 0, 0, 0, '0000-00-00 00:00:00', '0000-00-00 00:00:00', '0000-00-00 00:00:00', '0000-00-00 00:00:00', '', 0),
	(25, 20, 2, 0, 0, 3, 0, 0, '0000-00-00 00:00:00', '0000-00-00 00:00:00', '0000-00-00 00:00:00', '0000-00-00 00:00:00', '', 0),
	(26, 20, 7, 0, 0, 0, 0, 0, '0000-00-00 00:00:00', '0000-00-00 00:00:00', '0000-00-00 00:00:00', '0000-00-00 00:00:00', '', 5),
	(27, 21, 1, 3, 23, 0, 0, 0, '0000-00-00 00:00:00', '0000-00-00 00:00:00', '0000-00-00 00:00:00', '0000-00-00 00:00:00', '', 0),
	(28, 21, 2, 0, 0, 3, 0, 0, '0000-00-00 00:00:00', '0000-00-00 00:00:00', '0000-00-00 00:00:00', '0000-00-00 00:00:00', '', 0),
	(29, 22, 1, 8, 70, 0, 0, 0, '0000-00-00 00:00:00', '0000-00-00 00:00:00', '0000-00-00 00:00:00', '0000-00-00 00:00:00', '', 0),
	(30, 22, 2, 0, 0, 4, 0, 0, '0000-00-00 00:00:00', '0000-00-00 00:00:00', '0000-00-00 00:00:00', '0000-00-00 00:00:00', '', 0),
	(31, 22, 7, 0, 0, 0, 0, 0, '0000-00-00 00:00:00', '0000-00-00 00:00:00', '0000-00-00 00:00:00', '0000-00-00 00:00:00', '', 5),
	(32, 23, 1, 3, 56, 0, 0, 0, '0000-00-00 00:00:00', '0000-00-00 00:00:00', '0000-00-00 00:00:00', '0000-00-00 00:00:00', '', 0),
	(33, 23, 2, 0, 0, 3, 0, 0, '0000-00-00 00:00:00', '0000-00-00 00:00:00', '0000-00-00 00:00:00', '0000-00-00 00:00:00', '', 0),
	(34, 23, 7, 0, 0, 0, 0, 0, '0000-00-00 00:00:00', '0000-00-00 00:00:00', '0000-00-00 00:00:00', '0000-00-00 00:00:00', '', 4);
/*!40000 ALTER TABLE `passenger_fare_conditions` ENABLE KEYS */;


-- Dumping structure for table oceanjet1_db.payment_account
CREATE TABLE IF NOT EXISTS `payment_account` (
  `id_payment_account` int(11) unsigned NOT NULL AUTO_INCREMENT,
  `payment_account` varchar(50) NOT NULL,
  `bank` varchar(255) NOT NULL,
  `bank_account_name` varchar(255) NOT NULL,
  `bank_account_no` varchar(100) NOT NULL,
  `enabled` tinyint(1) NOT NULL,
  `date_added` datetime NOT NULL,
  `date_update` datetime NOT NULL,
  PRIMARY KEY (`id_payment_account`)
) ENGINE=InnoDB AUTO_INCREMENT=8 DEFAULT CHARSET=utf8;

-- Dumping data for table oceanjet1_db.payment_account: ~4 rows (approximately)
/*!40000 ALTER TABLE `payment_account` DISABLE KEYS */;
INSERT INTO `payment_account` (`id_payment_account`, `payment_account`, `bank`, `bank_account_name`, `bank_account_no`, `enabled`, `date_added`, `date_update`) VALUES
	(4, 'BDO-SAVINGS-006', 'Banco De Oro (BDO)', 'Banco De Oro Savings Ocean Jet', 'SAV00000002', 1, '2016-02-18 14:28:48', '2016-02-18 16:58:03'),
	(5, 'BDO-SAVINGS-007', 'Banco De Oro', 'Banco De Oro Savings Ocean Jet', 'SAV00000007', 0, '2016-02-18 14:46:55', '2016-02-18 16:45:15'),
	(6, 'BDO-SAVINGS-008', 'East West Bank', 'East West Bank Savings', 'SAV00000004', 1, '2016-02-18 15:05:45', '2016-02-18 16:45:04'),
	(7, 'EAST-WEST-009', 'East West Bank', 'East West Bank Savings', 'SAV00000001', 1, '2016-02-18 17:14:02', '2016-02-18 18:29:43');
/*!40000 ALTER TABLE `payment_account` ENABLE KEYS */;


-- Dumping structure for table oceanjet1_db.port
CREATE TABLE IF NOT EXISTS `port` (
  `id_port` int(11) unsigned NOT NULL AUTO_INCREMENT,
  `port_code` varchar(50) NOT NULL,
  `port` varchar(255) NOT NULL,
  `terminal_fee` decimal(13,2) unsigned NOT NULL,
  `port_charge` decimal(13,2) unsigned NOT NULL,
  `enabled` tinyint(1) NOT NULL,
  `date_added` datetime NOT NULL,
  `date_update` datetime NOT NULL,
  PRIMARY KEY (`id_port`)
) ENGINE=InnoDB AUTO_INCREMENT=5 DEFAULT CHARSET=latin1;

-- Dumping data for table oceanjet1_db.port: ~4 rows (approximately)
/*!40000 ALTER TABLE `port` DISABLE KEYS */;
INSERT INTO `port` (`id_port`, `port_code`, `port`, `terminal_fee`, `port_charge`, `enabled`, `date_added`, `date_update`) VALUES
	(1, 'CEB', 'CEBU', 10.00, 10.00, 1, '0000-00-00 00:00:00', '0000-00-00 00:00:00'),
	(2, 'TAG', 'TAGBILARAN', 10.00, 10.00, 1, '0000-00-00 00:00:00', '0000-00-00 00:00:00'),
	(3, 'DUM', 'DUMAGUETE', 10.00, 10.00, 1, '0000-00-00 00:00:00', '0000-00-00 00:00:00'),
	(4, 'SIQ', 'SIQUIJOR', 10.00, 10.00, 1, '0000-00-00 00:00:00', '0000-00-00 00:00:00');
/*!40000 ALTER TABLE `port` ENABLE KEYS */;


-- Dumping structure for table oceanjet1_db.refund_tickets
CREATE TABLE IF NOT EXISTS `refund_tickets` (
  `id_refund_tickets` int(11) NOT NULL AUTO_INCREMENT,
  `booking_id` int(11) DEFAULT NULL,
  `user_id` int(11) DEFAULT NULL,
  `refund_amount` decimal(13,2) DEFAULT NULL,
  `date_refunded` datetime DEFAULT NULL,
  PRIMARY KEY (`id_refund_tickets`)
) ENGINE=InnoDB DEFAULT CHARSET=latin1;

-- Dumping data for table oceanjet1_db.refund_tickets: ~0 rows (approximately)
/*!40000 ALTER TABLE `refund_tickets` DISABLE KEYS */;
/*!40000 ALTER TABLE `refund_tickets` ENABLE KEYS */;


-- Dumping structure for table oceanjet1_db.refund_ticket_status
CREATE TABLE IF NOT EXISTS `refund_ticket_status` (
  `id_refund_ticket_status` int(11) NOT NULL AUTO_INCREMENT,
  `refund_ticket_status` varchar(100) DEFAULT NULL,
  PRIMARY KEY (`id_refund_ticket_status`)
) ENGINE=InnoDB AUTO_INCREMENT=4 DEFAULT CHARSET=latin1;

-- Dumping data for table oceanjet1_db.refund_ticket_status: ~3 rows (approximately)
/*!40000 ALTER TABLE `refund_ticket_status` DISABLE KEYS */;
INSERT INTO `refund_ticket_status` (`id_refund_ticket_status`, `refund_ticket_status`) VALUES
	(1, 'Pending For Refund Approval'),
	(2, 'Refund Approved'),
	(3, 'Refund Disapproved');
/*!40000 ALTER TABLE `refund_ticket_status` ENABLE KEYS */;


-- Dumping structure for table oceanjet1_db.reservation
CREATE TABLE IF NOT EXISTS `reservation` (
  `id_reservation` int(11) NOT NULL AUTO_INCREMENT,
  `reservation` varchar(128) NOT NULL,
  `contact_firstname` varchar(128) NOT NULL,
  `contact_lastname` varchar(128) NOT NULL,
  `contact_number` varchar(64) NOT NULL,
  `pax` int(11) NOT NULL,
  `outlet_id` int(11) NOT NULL,
  `expiration_date` date NOT NULL,
  `reservation_code` varchar(64) NOT NULL,
  `passenger_fare_id` int(11) NOT NULL,
  `discount_id` int(11) unsigned NOT NULL,
  `payment` varchar(64) NOT NULL,
  `fare_price` decimal(13,2) NOT NULL,
  `return_fare_price` decimal(13,2) NOT NULL,
  `total_discount` decimal(13,2) NOT NULL,
  `terminal_fee` decimal(13,2) NOT NULL,
  `port_charge` decimal(13,2) NOT NULL,
  `total_amount` decimal(13,2) NOT NULL,
  `passenger_valid_id_number` varchar(64) DEFAULT NULL,
  `reservation_status_id` int(11) NOT NULL,
  PRIMARY KEY (`id_reservation`)
) ENGINE=InnoDB DEFAULT CHARSET=latin1;

-- Dumping data for table oceanjet1_db.reservation: ~0 rows (approximately)
/*!40000 ALTER TABLE `reservation` DISABLE KEYS */;
/*!40000 ALTER TABLE `reservation` ENABLE KEYS */;


-- Dumping structure for table oceanjet1_db.reservation_booking
CREATE TABLE IF NOT EXISTS `reservation_booking` (
  `id_reservation_booking` int(11) NOT NULL AUTO_INCREMENT,
  `user_id` int(11) NOT NULL,
  `ticket_series_info_id` int(11) NOT NULL,
  `passenger_id` int(11) NOT NULL,
  `passenger_fare_id` int(11) NOT NULL,
  `booking_source_id` int(11) NOT NULL,
  `booking_status_id` int(11) NOT NULL,
  `discount_id` int(11) unsigned NOT NULL,
  `subvoyage_management_id` int(11) NOT NULL,
  `transaction_ref` varchar(32) NOT NULL,
  `points` decimal(13,2) NOT NULL,
  `jetter_no` varchar(32) DEFAULT NULL,
  `payment` varchar(32) NOT NULL,
  `fare_price` decimal(13,2) NOT NULL,
  `return_fare_price` decimal(13,2) NOT NULL,
  `total_discount` decimal(13,2) NOT NULL,
  `terminal_fee` decimal(13,2) NOT NULL,
  `port_charge` decimal(13,2) NOT NULL,
  `total_amount` decimal(13,2) NOT NULL,
  `reference_id` int(11) unsigned NOT NULL,
  `is_return` int(11) unsigned NOT NULL,
  `passenger_valid_id_number` varchar(64) DEFAULT NULL,
  `date_added` datetime NOT NULL,
  `date_update` datetime NOT NULL,
  PRIMARY KEY (`id_reservation_booking`)
) ENGINE=InnoDB DEFAULT CHARSET=latin1;

-- Dumping data for table oceanjet1_db.reservation_booking: ~0 rows (approximately)
/*!40000 ALTER TABLE `reservation_booking` DISABLE KEYS */;
/*!40000 ALTER TABLE `reservation_booking` ENABLE KEYS */;


-- Dumping structure for table oceanjet1_db.reservation_passenger
CREATE TABLE IF NOT EXISTS `reservation_passenger` (
  `id_reservation_passenger` int(11) NOT NULL AUTO_INCREMENT,
  `firstname` varchar(64) NOT NULL,
  `middlename` varchar(64) DEFAULT NULL,
  `lastname` varchar(64) NOT NULL,
  `birthdate` date NOT NULL,
  `age` varchar(64) DEFAULT NULL,
  `gender` varchar(32) NOT NULL,
  `contactno` varchar(32) DEFAULT NULL,
  `id_no` varchar(64) DEFAULT NULL,
  `nationality` varchar(64) DEFAULT NULL,
  `with_infant` tinyint(1) DEFAULT NULL,
  `infant_name` varchar(64) DEFAULT NULL,
  PRIMARY KEY (`id_reservation_passenger`)
) ENGINE=InnoDB DEFAULT CHARSET=latin1 ROW_FORMAT=COMPACT;

-- Dumping data for table oceanjet1_db.reservation_passenger: ~0 rows (approximately)
/*!40000 ALTER TABLE `reservation_passenger` DISABLE KEYS */;
/*!40000 ALTER TABLE `reservation_passenger` ENABLE KEYS */;


-- Dumping structure for table oceanjet1_db.reservation_status
CREATE TABLE IF NOT EXISTS `reservation_status` (
  `id_reservation_status` int(11) NOT NULL AUTO_INCREMENT,
  `reservation_status` varchar(32) NOT NULL,
  `enabled` tinyint(1) NOT NULL,
  PRIMARY KEY (`id_reservation_status`)
) ENGINE=InnoDB AUTO_INCREMENT=6 DEFAULT CHARSET=latin1;

-- Dumping data for table oceanjet1_db.reservation_status: ~5 rows (approximately)
/*!40000 ALTER TABLE `reservation_status` DISABLE KEYS */;
INSERT INTO `reservation_status` (`id_reservation_status`, `reservation_status`, `enabled`) VALUES
	(1, 'New', 1),
	(2, 'Reserved', 1),
	(3, 'Issued Ticket', 1),
	(4, 'Cancelled', 1),
	(5, 'Expired', 1);
/*!40000 ALTER TABLE `reservation_status` ENABLE KEYS */;


-- Dumping structure for table oceanjet1_db.reset_password
CREATE TABLE IF NOT EXISTS `reset_password` (
  `id_reset_password` int(11) NOT NULL AUTO_INCREMENT,
  `user_id` int(11) NOT NULL,
  `value` text NOT NULL,
  `date_added` varchar(64) NOT NULL,
  `exp_date` varchar(64) NOT NULL,
  PRIMARY KEY (`id_reset_password`)
) ENGINE=InnoDB DEFAULT CHARSET=latin1;

-- Dumping data for table oceanjet1_db.reset_password: ~0 rows (approximately)
/*!40000 ALTER TABLE `reset_password` DISABLE KEYS */;
/*!40000 ALTER TABLE `reset_password` ENABLE KEYS */;


-- Dumping structure for table oceanjet1_db.rolling_cargo
CREATE TABLE IF NOT EXISTS `rolling_cargo` (
  `id_rolling_cargo` int(11) NOT NULL AUTO_INCREMENT,
  `rolling_cargo_code` varchar(32) NOT NULL,
  `rolling_cargo` varchar(128) NOT NULL,
  `voyage_id` int(11) NOT NULL,
  `amount` decimal(13,2) NOT NULL,
  `unit_measurement` varchar(16) NOT NULL,
  `rule_set_id` int(11) NOT NULL,
  `enabled` tinyint(1) NOT NULL,
  PRIMARY KEY (`id_rolling_cargo`)
) ENGINE=InnoDB AUTO_INCREMENT=4 DEFAULT CHARSET=latin1;

-- Dumping data for table oceanjet1_db.rolling_cargo: ~2 rows (approximately)
/*!40000 ALTER TABLE `rolling_cargo` DISABLE KEYS */;
INSERT INTO `rolling_cargo` (`id_rolling_cargo`, `rolling_cargo_code`, `rolling_cargo`, `voyage_id`, `amount`, `unit_measurement`, `rule_set_id`, `enabled`) VALUES
	(1, 'RC1', 'Rolling Cargo 1', 2, 5000.00, 'kilo', 2, 1),
	(2, 'RC12', 'Rolling Cargo 2', 2, 5678.00, 'kilo', 2, 1);
/*!40000 ALTER TABLE `rolling_cargo` ENABLE KEYS */;


-- Dumping structure for table oceanjet1_db.rolling_cargo_checkin
CREATE TABLE IF NOT EXISTS `rolling_cargo_checkin` (
  `id_rolling_cargo_checkin` int(11) unsigned NOT NULL AUTO_INCREMENT,
  `voyage_management_id` int(11) unsigned NOT NULL,
  `rolling_cargo_id` int(11) unsigned NOT NULL,
  `rolling_cargo_description` text,
  `with_ticket` tinyint(1) unsigned DEFAULT NULL,
  `ticket_no` varchar(255) CHARACTER SET latin1 DEFAULT NULL,
  `reference_no` varchar(255) NOT NULL,
  `sender_first_name` varchar(64) NOT NULL,
  `sender_middle_name` varchar(64) NOT NULL,
  `sender_last_name` varchar(64) NOT NULL,
  `sender_contact_no` varchar(45) NOT NULL,
  `driver_first_name` varchar(64) NOT NULL,
  `driver_middle_name` varchar(64) NOT NULL,
  `driver_last_name` varchar(64) NOT NULL,
  `driver_contact_no` varchar(45) NOT NULL,
  `enabled` tinyint(1) unsigned DEFAULT NULL,
  `date_added` datetime NOT NULL,
  `date_update` datetime NOT NULL,
  PRIMARY KEY (`id_rolling_cargo_checkin`)
) ENGINE=InnoDB DEFAULT CHARSET=utf8;

-- Dumping data for table oceanjet1_db.rolling_cargo_checkin: ~0 rows (approximately)
/*!40000 ALTER TABLE `rolling_cargo_checkin` DISABLE KEYS */;
/*!40000 ALTER TABLE `rolling_cargo_checkin` ENABLE KEYS */;


-- Dumping structure for table oceanjet1_db.rule_set
CREATE TABLE IF NOT EXISTS `rule_set` (
  `id_rule_set` int(11) unsigned NOT NULL AUTO_INCREMENT,
  `rule_code` varchar(50) NOT NULL,
  `rule_set` varchar(255) NOT NULL,
  `enabled` tinyint(1) NOT NULL,
  `date_added` datetime NOT NULL,
  `date_update` datetime NOT NULL,
  PRIMARY KEY (`id_rule_set`)
) ENGINE=InnoDB AUTO_INCREMENT=27 DEFAULT CHARSET=utf8;

-- Dumping data for table oceanjet1_db.rule_set: ~9 rows (approximately)
/*!40000 ALTER TABLE `rule_set` DISABLE KEYS */;
INSERT INTO `rule_set` (`id_rule_set`, `rule_code`, `rule_set`, `enabled`, `date_added`, `date_update`) VALUES
	(4, 'RA1', 'Upgrade Tickets', 1, '2016-02-12 18:56:46', '2016-02-12 18:56:46'),
	(6, 'RA2', 'Re-Schedule Tickets', 1, '2016-02-18 14:44:13', '2016-02-18 14:44:13'),
	(8, 'RA3', 'Refund Tickets', 1, '2016-02-18 15:08:31', '2016-02-18 15:08:31'),
	(9, 'RA4', 'Free Baggage Only', 1, '2016-02-18 15:14:24', '2016-02-18 15:14:24'),
	(11, 'RA7', 'Free Baggage and Re-schedule', 0, '2016-02-18 17:06:52', '2016-02-18 17:06:52'),
	(12, 'RA9', 'Upgrade and Free Baggage', 0, '2016-02-18 17:08:40', '2016-02-18 17:08:40'),
	(14, 'RA10', 'Re-Schedule and Upgrate Tickets', 1, '2016-02-18 17:17:37', '2016-02-18 17:17:37'),
	(15, 'RA8', 'Re-Schedule Tickets Before Departure', 1, '2016-02-18 17:18:35', '2016-02-18 17:18:35'),
	(25, 'RA1532', 'Refund Tickets', 1, '2016-02-19 16:39:17', '2016-02-19 16:39:17');
/*!40000 ALTER TABLE `rule_set` ENABLE KEYS */;


-- Dumping structure for table oceanjet1_db.rule_type
CREATE TABLE IF NOT EXISTS `rule_type` (
  `id_rule_type` int(11) unsigned NOT NULL AUTO_INCREMENT,
  `rule_set_id` int(11) NOT NULL,
  `rule_type_name_id` int(11) NOT NULL,
  `rule_amount_type` varchar(10) NOT NULL,
  `rule_type_amount` decimal(13,2) NOT NULL,
  PRIMARY KEY (`id_rule_type`)
) ENGINE=InnoDB AUTO_INCREMENT=131 DEFAULT CHARSET=utf8;

-- Dumping data for table oceanjet1_db.rule_type: ~41 rows (approximately)
/*!40000 ALTER TABLE `rule_type` DISABLE KEYS */;
INSERT INTO `rule_type` (`id_rule_type`, `rule_set_id`, `rule_type_name_id`, `rule_amount_type`, `rule_type_amount`) VALUES
	(4, 1, 51, 'weight', 35.00),
	(20, 2, 38, 'percentage', 120.00),
	(21, 2, 45, 'amount', 110.00),
	(22, 2, 51, 'weight', 0.00),
	(23, 3, 49, 'percentage', 10.00),
	(24, 3, 50, 'percentage', 21.00),
	(25, 6, 38, 'percentage', 1.00),
	(26, 6, 39, 'percentage', 2.00),
	(27, 6, 40, 'percentage', 4.00),
	(28, 6, 41, 'percentage', 5.00),
	(29, 6, 42, 'percentage', 6.00),
	(30, 7, 43, 'percentage', 2.00),
	(31, 7, 44, 'percentage', 3.00),
	(32, 7, 45, 'percentage', 2.00),
	(33, 7, 46, 'percentage', 3.00),
	(34, 7, 47, 'percentage', 2.00),
	(40, 9, 51, 'weight', 6.00),
	(47, 12, 48, 'amount', 666.00),
	(48, 12, 49, 'amount', 444.00),
	(49, 12, 51, 'weight', 54.00),
	(50, 13, 41, 'amount', 500.00),
	(51, 13, 42, 'percentage', 400.00),
	(52, 13, 43, 'percentage', 4.00),
	(53, 13, 44, 'amount', 700.00),
	(54, 14, 39, 'percentage', 2.00),
	(55, 14, 40, 'percentage', 4.00),
	(56, 14, 49, 'amount', 500.00),
	(57, 14, 50, 'amount', 700.00),
	(58, 15, 40, 'percentage', 4.00),
	(64, 11, 40, 'percentage', 3.00),
	(65, 11, 41, 'percentage', 3.00),
	(66, 11, 42, 'percentage', 4.00),
	(67, 11, 51, 'weight', 55.00),
	(83, 8, 43, 'percentage', 666663.00),
	(84, 8, 44, 'percentage', 2.00),
	(85, 8, 45, 'percentage', 3.00),
	(86, 8, 46, 'percentage', 1.00),
	(87, 8, 47, 'percentage', 3.00),
	(124, 4, 48, 'percentage', 0.00),
	(125, 4, 49, 'percentage', 11.00),
	(126, 4, 50, 'amount', 0.00);
/*!40000 ALTER TABLE `rule_type` ENABLE KEYS */;


-- Dumping structure for table oceanjet1_db.rule_type_name
CREATE TABLE IF NOT EXISTS `rule_type_name` (
  `id_rule_type_name` int(11) unsigned NOT NULL AUTO_INCREMENT,
  `rule_type` varchar(255) NOT NULL,
  PRIMARY KEY (`id_rule_type_name`)
) ENGINE=InnoDB AUTO_INCREMENT=52 DEFAULT CHARSET=utf8;

-- Dumping data for table oceanjet1_db.rule_type_name: ~14 rows (approximately)
/*!40000 ALTER TABLE `rule_type_name` DISABLE KEYS */;
INSERT INTO `rule_type_name` (`id_rule_type_name`, `rule_type`) VALUES
	(38, 'Re-schedule Tickets Not Yet Checked In - Before Departure'),
	(39, 'Re-schedule Tickets Not Yet Checked In - After Departure'),
	(40, 'Re-schedule Tickets Already Checked In - Before Departure'),
	(41, 'Re-schedule Tickets Already Checked In - After Departure'),
	(42, 'Re-schedule Ticket for Cancelled Voyage'),
	(43, 'Refund Tickets Not Yet Checked In - Before Departure'),
	(44, 'Refund Tickets Not Yet Checked In - After Departure'),
	(45, 'Refund Tickets Already Checked In - Before Departure'),
	(46, 'Refund Tickets Already Checked In - After Departure'),
	(47, 'Refund Ticket for Cancelled Voyage'),
	(48, 'Upgrade Ticket from Open Air to Tourist Class'),
	(49, 'Upgrade Ticket from Tourist Class to Business Class'),
	(50, 'Upgrade Ticket from Open Air to Business Class'),
	(51, 'Free Baggage Allowance');
/*!40000 ALTER TABLE `rule_type_name` ENABLE KEYS */;


-- Dumping structure for table oceanjet1_db.subvoyage
CREATE TABLE IF NOT EXISTS `subvoyage` (
  `id_subvoyage` int(11) NOT NULL AUTO_INCREMENT,
  `voyage_id` int(11) NOT NULL,
  `vessel_id` int(11) NOT NULL,
  `ETD` time NOT NULL,
  `ETA` time NOT NULL,
  `origin_id` int(11) NOT NULL,
  `destination_id` int(11) NOT NULL,
  PRIMARY KEY (`id_subvoyage`)
) ENGINE=InnoDB AUTO_INCREMENT=10 DEFAULT CHARSET=latin1;

-- Dumping data for table oceanjet1_db.subvoyage: ~9 rows (approximately)
/*!40000 ALTER TABLE `subvoyage` DISABLE KEYS */;
INSERT INTO `subvoyage` (`id_subvoyage`, `voyage_id`, `vessel_id`, `ETD`, `ETA`, `origin_id`, `destination_id`) VALUES
	(1, 1, 2, '00:00:00', '05:00:00', 1, 2),
	(2, 2, 2, '00:00:00', '02:30:00', 1, 2),
	(3, 2, 2, '15:00:00', '17:00:00', 2, 3),
	(4, 2, 2, '19:00:00', '20:00:00', 3, 4),
	(5, 3, 4, '12:00:00', '13:30:00', 4, 3),
	(6, 3, 2, '14:30:00', '16:50:00', 3, 2),
	(7, 4, 2, '00:00:00', '02:00:00', 1, 2),
	(8, 4, 2, '03:00:00', '04:00:00', 2, 3),
	(9, 4, 2, '05:00:00', '06:00:00', 3, 4);
/*!40000 ALTER TABLE `subvoyage` ENABLE KEYS */;


-- Dumping structure for table oceanjet1_db.subvoyage_fare
CREATE TABLE IF NOT EXISTS `subvoyage_fare` (
  `id_subvoyage_fare` int(11) unsigned NOT NULL AUTO_INCREMENT,
  `passenger_fare_id` int(11) unsigned NOT NULL,
  `subvoyage_id` int(11) unsigned NOT NULL,
  `amount` decimal(13,2) unsigned NOT NULL,
  PRIMARY KEY (`id_subvoyage_fare`)
) ENGINE=InnoDB AUTO_INCREMENT=18 DEFAULT CHARSET=utf8;

-- Dumping data for table oceanjet1_db.subvoyage_fare: ~9 rows (approximately)
/*!40000 ALTER TABLE `subvoyage_fare` DISABLE KEYS */;
INSERT INTO `subvoyage_fare` (`id_subvoyage_fare`, `passenger_fare_id`, `subvoyage_id`, `amount`) VALUES
	(9, 20, 2, 1000.00),
	(10, 20, 3, 1500.00),
	(11, 20, 4, 2000.00),
	(12, 21, 3, 1800.00),
	(13, 21, 4, 2000.00),
	(14, 22, 8, 1000.00),
	(15, 22, 9, 2000.00),
	(16, 23, 7, 1000.00),
	(17, 23, 8, 1500.00);
/*!40000 ALTER TABLE `subvoyage_fare` ENABLE KEYS */;


-- Dumping structure for table oceanjet1_db.subvoyage_management
CREATE TABLE IF NOT EXISTS `subvoyage_management` (
  `id_subvoyage_management` int(11) NOT NULL AUTO_INCREMENT,
  `voyage_management_id` int(11) NOT NULL,
  `subvoyage_id` int(11) NOT NULL,
  `departure_date` date NOT NULL,
  `vessel_id` int(11) NOT NULL,
  `subvoyage_management_status_id` int(11) NOT NULL,
  `date_added` datetime NOT NULL,
  `date_update` datetime NOT NULL,
  `departure_delay_time` int(11) NOT NULL,
  `remarks` varchar(120) NOT NULL,
  PRIMARY KEY (`id_subvoyage_management`)
) ENGINE=InnoDB AUTO_INCREMENT=8 DEFAULT CHARSET=latin1;

-- Dumping data for table oceanjet1_db.subvoyage_management: ~7 rows (approximately)
/*!40000 ALTER TABLE `subvoyage_management` DISABLE KEYS */;
INSERT INTO `subvoyage_management` (`id_subvoyage_management`, `voyage_management_id`, `subvoyage_id`, `departure_date`, `vessel_id`, `subvoyage_management_status_id`, `date_added`, `date_update`, `departure_delay_time`, `remarks`) VALUES
	(1, 1, 1, '2016-02-12', 2, 1, '0000-00-00 00:00:00', '0000-00-00 00:00:00', 0, ''),
	(2, 2, 2, '2016-02-15', 2, 9, '0000-00-00 00:00:00', '0000-00-00 00:00:00', 0, ''),
	(3, 2, 3, '2016-02-15', 2, 1, '0000-00-00 00:00:00', '0000-00-00 00:00:00', 0, ''),
	(4, 2, 4, '2016-02-15', 2, 1, '0000-00-00 00:00:00', '0000-00-00 00:00:00', 0, ''),
	(5, 3, 7, '2016-02-24', 2, 1, '0000-00-00 00:00:00', '0000-00-00 00:00:00', 0, ''),
	(6, 3, 8, '2016-02-24', 2, 1, '0000-00-00 00:00:00', '0000-00-00 00:00:00', 0, ''),
	(7, 3, 9, '2016-02-24', 2, 1, '0000-00-00 00:00:00', '0000-00-00 00:00:00', 0, '');
/*!40000 ALTER TABLE `subvoyage_management` ENABLE KEYS */;


-- Dumping structure for table oceanjet1_db.subvoyage_management_status
CREATE TABLE IF NOT EXISTS `subvoyage_management_status` (
  `id_subvoyage_management_status` int(11) NOT NULL AUTO_INCREMENT,
  `description` varchar(36) NOT NULL,
  PRIMARY KEY (`id_subvoyage_management_status`)
) ENGINE=InnoDB AUTO_INCREMENT=10 DEFAULT CHARSET=latin1;

-- Dumping data for table oceanjet1_db.subvoyage_management_status: ~9 rows (approximately)
/*!40000 ALTER TABLE `subvoyage_management_status` DISABLE KEYS */;
INSERT INTO `subvoyage_management_status` (`id_subvoyage_management_status`, `description`) VALUES
	(1, 'On Dock'),
	(2, 'Departed on time'),
	(3, 'Departed but delayed'),
	(4, 'Undeparted'),
	(5, 'Blocked'),
	(6, 'Cancelled'),
	(7, 'Unblocked'),
	(8, 'Arrived at port of destination'),
	(9, 'Open for Check-in');
/*!40000 ALTER TABLE `subvoyage_management_status` ENABLE KEYS */;


-- Dumping structure for table oceanjet1_db.ticket_series
CREATE TABLE IF NOT EXISTS `ticket_series` (
  `id_ticket_series` int(11) NOT NULL AUTO_INCREMENT,
  `ticket_starts_from` varchar(255) DEFAULT NULL,
  `ticket_ends_to` varchar(255) DEFAULT NULL,
  `enabled` int(11) DEFAULT NULL,
  `no_tickets` int(11) DEFAULT NULL,
  `date_added` datetime DEFAULT NULL,
  `date_updated` datetime DEFAULT NULL,
  PRIMARY KEY (`id_ticket_series`)
) ENGINE=InnoDB AUTO_INCREMENT=5 DEFAULT CHARSET=latin1;

-- Dumping data for table oceanjet1_db.ticket_series: ~4 rows (approximately)
/*!40000 ALTER TABLE `ticket_series` DISABLE KEYS */;
INSERT INTO `ticket_series` (`id_ticket_series`, `ticket_starts_from`, `ticket_ends_to`, `enabled`, `no_tickets`, `date_added`, `date_updated`) VALUES
	(1, '100000000001', '100000000001', 1, 1, '2016-02-15 10:59:05', NULL),
	(2, '100000000002', '100000000101', 1, 100, '2016-02-15 11:20:33', NULL),
	(3, '100000000102', '100000000201', 1, 100, '2016-02-15 11:22:45', NULL),
	(4, '100000000202', '100000000301', 1, 100, '2016-02-15 11:24:31', NULL);
/*!40000 ALTER TABLE `ticket_series` ENABLE KEYS */;


-- Dumping structure for table oceanjet1_db.ticket_series_info
CREATE TABLE IF NOT EXISTS `ticket_series_info` (
  `id_ticket_series_info` int(11) NOT NULL AUTO_INCREMENT,
  `ticket_series_id` int(11) DEFAULT NULL,
  `ticket_no` varchar(255) DEFAULT NULL,
  `issued` int(11) DEFAULT '0' COMMENT '1: issued, 0: not issued',
  `user_id` int(11) DEFAULT '0',
  `enabled` int(1) DEFAULT '1',
  `date_added` datetime DEFAULT NULL,
  `date_updated` datetime DEFAULT NULL,
  PRIMARY KEY (`id_ticket_series_info`)
) ENGINE=InnoDB AUTO_INCREMENT=302 DEFAULT CHARSET=latin1;

-- Dumping data for table oceanjet1_db.ticket_series_info: ~251 rows (approximately)
/*!40000 ALTER TABLE `ticket_series_info` DISABLE KEYS */;
INSERT INTO `ticket_series_info` (`id_ticket_series_info`, `ticket_series_id`, `ticket_no`, `issued`, `user_id`, `enabled`, `date_added`, `date_updated`) VALUES
	(1, 1, '1', 0, 0, 1, '2016-02-15 10:59:05', NULL),
	(2, 2, '100000000002', 0, 4, 1, '2016-02-15 11:20:33', NULL),
	(3, 2, '100000000003', 0, 4, 1, '2016-02-15 11:20:33', NULL),
	(4, 2, '100000000004', 0, 4, 1, '2016-02-15 11:20:33', NULL),
	(5, 2, '100000000005', 0, 4, 1, '2016-02-15 11:20:33', NULL),
	(6, 2, '100000000006', 0, 4, 1, '2016-02-15 11:20:33', NULL),
	(7, 2, '100000000007', 0, 4, 1, '2016-02-15 11:20:33', NULL),
	(8, 2, '100000000008', 0, 3, 1, '2016-02-15 11:20:33', NULL),
	(9, 2, '100000000009', 0, 3, 1, '2016-02-15 11:20:33', NULL),
	(10, 2, '100000000010', 0, 3, 1, '2016-02-15 11:20:33', NULL),
	(11, 2, '100000000011', 0, 3, 1, '2016-02-15 11:20:34', NULL),
	(12, 2, '100000000012', 0, 3, 1, '2016-02-15 11:20:34', NULL),
	(13, 2, '100000000013', 0, 3, 1, '2016-02-15 11:20:34', NULL),
	(14, 2, '100000000014', 0, 3, 1, '2016-02-15 11:20:34', NULL),
	(15, 2, '100000000015', 0, 3, 1, '2016-02-15 11:20:34', NULL),
	(16, 2, '100000000016', 0, 3, 1, '2016-02-15 11:20:34', NULL),
	(17, 2, '100000000017', 0, 3, 1, '2016-02-15 11:20:34', NULL),
	(18, 2, '100000000018', 0, 0, 1, '2016-02-15 11:20:34', NULL),
	(19, 2, '100000000019', 0, 0, 1, '2016-02-15 11:20:34', NULL),
	(20, 2, '100000000020', 0, 0, 1, '2016-02-15 11:20:34', NULL),
	(21, 2, '100000000021', 0, 0, 1, '2016-02-15 11:20:34', NULL),
	(22, 2, '100000000022', 0, 0, 1, '2016-02-15 11:20:34', NULL),
	(23, 2, '100000000023', 0, 0, 1, '2016-02-15 11:20:34', NULL),
	(24, 2, '100000000024', 0, 0, 1, '2016-02-15 11:20:34', NULL),
	(25, 2, '100000000025', 0, 0, 1, '2016-02-15 11:20:34', NULL),
	(26, 2, '100000000026', 0, 0, 1, '2016-02-15 11:20:34', NULL),
	(27, 2, '100000000027', 0, 0, 1, '2016-02-15 11:20:34', NULL),
	(28, 2, '100000000028', 0, 0, 1, '2016-02-15 11:20:34', NULL),
	(29, 2, '100000000029', 0, 0, 1, '2016-02-15 11:20:34', NULL),
	(30, 2, '100000000030', 0, 0, 1, '2016-02-15 11:20:34', NULL),
	(31, 2, '100000000031', 0, 0, 1, '2016-02-15 11:20:34', NULL),
	(32, 2, '100000000032', 0, 0, 1, '2016-02-15 11:20:34', NULL),
	(33, 2, '100000000033', 0, 0, 1, '2016-02-15 11:20:34', NULL),
	(34, 2, '100000000034', 0, 0, 1, '2016-02-15 11:20:34', NULL),
	(35, 2, '100000000035', 0, 0, 1, '2016-02-15 11:20:34', NULL),
	(36, 2, '100000000036', 0, 0, 1, '2016-02-15 11:20:34', NULL),
	(37, 2, '100000000037', 0, 0, 1, '2016-02-15 11:20:34', NULL),
	(38, 2, '100000000038', 0, 0, 1, '2016-02-15 11:20:34', NULL),
	(39, 2, '100000000039', 0, 0, 1, '2016-02-15 11:20:34', NULL),
	(40, 2, '100000000040', 0, 0, 1, '2016-02-15 11:20:34', NULL),
	(41, 2, '100000000041', 0, 0, 1, '2016-02-15 11:20:34', NULL),
	(42, 2, '100000000042', 0, 0, 1, '2016-02-15 11:20:34', NULL),
	(43, 2, '100000000043', 0, 0, 1, '2016-02-15 11:20:35', NULL),
	(44, 2, '100000000044', 0, 0, 1, '2016-02-15 11:20:35', NULL),
	(45, 2, '100000000045', 0, 0, 1, '2016-02-15 11:20:35', NULL),
	(46, 2, '100000000046', 0, 0, 1, '2016-02-15 11:20:35', NULL),
	(47, 2, '100000000047', 0, 0, 1, '2016-02-15 11:20:35', NULL),
	(48, 2, '100000000048', 0, 0, 1, '2016-02-15 11:20:35', NULL),
	(49, 2, '100000000049', 0, 0, 1, '2016-02-15 11:20:35', NULL),
	(50, 2, '100000000050', 0, 0, 1, '2016-02-15 11:20:35', NULL),
	(51, 2, '100000000051', 0, 0, 1, '2016-02-15 11:20:35', NULL),
	(52, 2, '100000000052', 0, 0, 1, '2016-02-15 11:20:35', NULL),
	(53, 2, '100000000053', 0, 0, 1, '2016-02-15 11:20:35', NULL),
	(54, 2, '100000000054', 0, 0, 1, '2016-02-15 11:20:35', NULL),
	(55, 2, '100000000055', 0, 0, 1, '2016-02-15 11:20:35', NULL),
	(56, 2, '100000000056', 0, 0, 1, '2016-02-15 11:20:35', NULL),
	(57, 2, '100000000057', 0, 0, 1, '2016-02-15 11:20:35', NULL),
	(58, 2, '100000000058', 0, 0, 1, '2016-02-15 11:20:35', NULL),
	(59, 2, '100000000059', 0, 0, 1, '2016-02-15 11:20:35', NULL),
	(60, 2, '100000000060', 0, 0, 1, '2016-02-15 11:20:35', NULL),
	(61, 2, '100000000061', 0, 0, 1, '2016-02-15 11:20:35', NULL),
	(62, 2, '100000000062', 0, 0, 1, '2016-02-15 11:20:35', NULL),
	(63, 2, '100000000063', 0, 0, 1, '2016-02-15 11:20:35', NULL),
	(64, 2, '100000000064', 0, 0, 1, '2016-02-15 11:20:35', NULL),
	(65, 2, '100000000065', 0, 0, 1, '2016-02-15 11:20:35', NULL),
	(66, 2, '100000000066', 0, 0, 1, '2016-02-15 11:20:35', NULL),
	(67, 2, '100000000067', 0, 0, 1, '2016-02-15 11:20:35', NULL),
	(68, 2, '100000000068', 0, 0, 1, '2016-02-15 11:20:35', NULL),
	(69, 2, '100000000069', 0, 0, 1, '2016-02-15 11:20:35', NULL),
	(70, 2, '100000000070', 0, 0, 1, '2016-02-15 11:20:35', NULL),
	(71, 2, '100000000071', 0, 0, 1, '2016-02-15 11:20:35', NULL),
	(72, 2, '100000000072', 0, 0, 1, '2016-02-15 11:20:35', NULL),
	(73, 2, '100000000073', 0, 0, 1, '2016-02-15 11:20:35', NULL),
	(74, 2, '100000000074', 0, 0, 1, '2016-02-15 11:20:35', NULL),
	(75, 2, '100000000075', 0, 0, 1, '2016-02-15 11:20:35', NULL),
	(76, 2, '100000000076', 0, 0, 1, '2016-02-15 11:20:36', NULL),
	(77, 2, '100000000077', 0, 0, 1, '2016-02-15 11:20:36', NULL),
	(78, 2, '100000000078', 0, 0, 1, '2016-02-15 11:20:36', NULL),
	(79, 2, '100000000079', 0, 0, 1, '2016-02-15 11:20:36', NULL),
	(80, 2, '100000000080', 0, 0, 1, '2016-02-15 11:20:36', NULL),
	(81, 2, '100000000081', 0, 0, 1, '2016-02-15 11:20:36', NULL),
	(82, 2, '100000000082', 0, 0, 1, '2016-02-15 11:20:36', NULL),
	(83, 2, '100000000083', 0, 0, 1, '2016-02-15 11:20:36', NULL),
	(84, 2, '100000000084', 0, 0, 1, '2016-02-15 11:20:36', NULL),
	(85, 2, '100000000085', 0, 0, 1, '2016-02-15 11:20:36', NULL),
	(86, 2, '100000000086', 0, 0, 1, '2016-02-15 11:20:36', NULL),
	(87, 2, '100000000087', 0, 0, 1, '2016-02-15 11:20:36', NULL),
	(88, 2, '100000000088', 0, 0, 1, '2016-02-15 11:20:36', NULL),
	(89, 2, '100000000089', 0, 0, 1, '2016-02-15 11:20:36', NULL),
	(90, 2, '100000000090', 0, 0, 1, '2016-02-15 11:20:36', NULL),
	(91, 2, '100000000091', 0, 0, 1, '2016-02-15 11:20:36', NULL),
	(92, 2, '100000000092', 0, 0, 1, '2016-02-15 11:20:36', NULL),
	(93, 2, '100000000093', 0, 0, 1, '2016-02-15 11:20:36', NULL),
	(94, 2, '100000000094', 0, 0, 1, '2016-02-15 11:20:36', NULL),
	(95, 2, '100000000095', 0, 0, 1, '2016-02-15 11:20:36', NULL),
	(96, 2, '100000000096', 0, 0, 1, '2016-02-15 11:20:36', NULL),
	(97, 2, '100000000097', 0, 0, 1, '2016-02-15 11:20:36', NULL),
	(98, 2, '100000000098', 0, 0, 1, '2016-02-15 11:20:36', NULL),
	(99, 2, '100000000099', 0, 0, 1, '2016-02-15 11:20:36', NULL),
	(100, 2, '100000000100', 0, 0, 1, '2016-02-15 11:20:36', NULL),
	(101, 2, '100000000101', 0, 0, 1, '2016-02-15 11:20:36', NULL),
	(102, 3, '100000000102', 0, 0, 1, '2016-02-15 11:22:45', NULL),
	(103, 3, '100000000103', 0, 0, 1, '2016-02-15 11:22:45', NULL),
	(104, 3, '100000000104', 0, 0, 1, '2016-02-15 11:22:45', NULL),
	(105, 3, '100000000105', 0, 0, 1, '2016-02-15 11:22:45', NULL),
	(106, 3, '100000000106', 0, 0, 1, '2016-02-15 11:22:45', NULL),
	(107, 3, '100000000107', 0, 0, 1, '2016-02-15 11:22:45', NULL),
	(108, 3, '100000000108', 0, 0, 1, '2016-02-15 11:22:45', NULL),
	(109, 3, '100000000109', 0, 0, 1, '2016-02-15 11:22:45', NULL),
	(110, 3, '100000000110', 0, 0, 1, '2016-02-15 11:22:45', NULL),
	(111, 3, '100000000111', 0, 0, 1, '2016-02-15 11:22:45', NULL),
	(112, 3, '100000000112', 0, 0, 1, '2016-02-15 11:22:45', NULL),
	(113, 3, '100000000113', 0, 0, 1, '2016-02-15 11:22:45', NULL),
	(114, 3, '100000000114', 0, 0, 1, '2016-02-15 11:22:45', NULL),
	(115, 3, '100000000115', 0, 0, 1, '2016-02-15 11:22:45', NULL),
	(116, 3, '100000000116', 0, 0, 1, '2016-02-15 11:22:46', NULL),
	(117, 3, '100000000117', 0, 0, 1, '2016-02-15 11:22:46', NULL),
	(118, 3, '100000000118', 0, 0, 1, '2016-02-15 11:22:46', NULL),
	(119, 3, '100000000119', 0, 0, 1, '2016-02-15 11:22:46', NULL),
	(120, 3, '100000000120', 0, 0, 1, '2016-02-15 11:22:46', NULL),
	(121, 3, '100000000121', 0, 0, 1, '2016-02-15 11:22:46', NULL),
	(122, 3, '100000000122', 0, 0, 1, '2016-02-15 11:22:46', NULL),
	(123, 3, '100000000123', 0, 0, 1, '2016-02-15 11:22:46', NULL),
	(124, 3, '100000000124', 0, 0, 1, '2016-02-15 11:22:46', NULL),
	(125, 3, '100000000125', 0, 0, 1, '2016-02-15 11:22:46', NULL),
	(126, 3, '100000000126', 0, 0, 1, '2016-02-15 11:22:46', NULL),
	(127, 3, '100000000127', 0, 0, 1, '2016-02-15 11:22:46', NULL),
	(128, 3, '100000000128', 0, 0, 1, '2016-02-15 11:22:46', NULL),
	(129, 3, '100000000129', 0, 0, 1, '2016-02-15 11:22:46', NULL),
	(130, 3, '100000000130', 0, 0, 1, '2016-02-15 11:22:46', NULL),
	(131, 3, '100000000131', 0, 0, 1, '2016-02-15 11:22:46', NULL),
	(132, 3, '100000000132', 0, 0, 1, '2016-02-15 11:22:46', NULL),
	(133, 3, '100000000133', 0, 0, 1, '2016-02-15 11:22:46', NULL),
	(134, 3, '100000000134', 0, 0, 1, '2016-02-15 11:22:46', NULL),
	(135, 3, '100000000135', 0, 0, 1, '2016-02-15 11:22:46', NULL),
	(136, 3, '100000000136', 0, 0, 1, '2016-02-15 11:22:46', NULL),
	(137, 3, '100000000137', 0, 0, 1, '2016-02-15 11:22:46', NULL),
	(138, 3, '100000000138', 0, 0, 1, '2016-02-15 11:22:46', NULL),
	(139, 3, '100000000139', 0, 0, 1, '2016-02-15 11:22:46', NULL),
	(140, 3, '100000000140', 0, 0, 1, '2016-02-15 11:22:46', NULL),
	(141, 3, '100000000141', 0, 0, 1, '2016-02-15 11:22:46', NULL),
	(142, 3, '100000000142', 0, 0, 1, '2016-02-15 11:22:46', NULL),
	(143, 3, '100000000143', 0, 0, 1, '2016-02-15 11:22:46', NULL),
	(144, 3, '100000000144', 0, 0, 1, '2016-02-15 11:22:46', NULL),
	(145, 3, '100000000145', 0, 0, 1, '2016-02-15 11:22:46', NULL),
	(146, 3, '100000000146', 0, 0, 1, '2016-02-15 11:22:46', NULL),
	(147, 3, '100000000147', 0, 0, 1, '2016-02-15 11:22:46', NULL),
	(148, 3, '100000000148', 0, 0, 1, '2016-02-15 11:22:47', NULL),
	(149, 3, '100000000149', 0, 0, 1, '2016-02-15 11:22:47', NULL),
	(150, 3, '100000000150', 0, 0, 1, '2016-02-15 11:22:47', NULL),
	(151, 3, '100000000151', 0, 0, 1, '2016-02-15 11:22:47', NULL),
	(152, 3, '100000000152', 0, 0, 1, '2016-02-15 11:22:47', NULL),
	(153, 3, '100000000153', 0, 0, 1, '2016-02-15 11:22:47', NULL),
	(154, 3, '100000000154', 0, 0, 1, '2016-02-15 11:22:47', NULL),
	(155, 3, '100000000155', 0, 0, 1, '2016-02-15 11:22:47', NULL),
	(156, 3, '100000000156', 0, 0, 1, '2016-02-15 11:22:47', NULL),
	(157, 3, '100000000157', 0, 0, 1, '2016-02-15 11:22:47', NULL),
	(158, 3, '100000000158', 0, 0, 1, '2016-02-15 11:22:47', NULL),
	(159, 3, '100000000159', 0, 0, 1, '2016-02-15 11:22:47', NULL),
	(160, 3, '100000000160', 0, 0, 1, '2016-02-15 11:22:47', NULL),
	(161, 3, '100000000161', 0, 0, 1, '2016-02-15 11:22:47', NULL),
	(162, 3, '100000000162', 0, 0, 1, '2016-02-15 11:22:47', NULL),
	(163, 3, '100000000163', 0, 0, 1, '2016-02-15 11:22:47', NULL),
	(164, 3, '100000000164', 0, 0, 1, '2016-02-15 11:22:47', NULL),
	(165, 3, '100000000165', 0, 0, 1, '2016-02-15 11:22:47', NULL),
	(166, 3, '100000000166', 0, 0, 1, '2016-02-15 11:22:47', NULL),
	(167, 3, '100000000167', 0, 0, 1, '2016-02-15 11:22:47', NULL),
	(168, 3, '100000000168', 0, 0, 1, '2016-02-15 11:22:47', NULL),
	(169, 3, '100000000169', 0, 0, 1, '2016-02-15 11:22:47', NULL),
	(170, 3, '100000000170', 0, 0, 1, '2016-02-15 11:22:47', NULL),
	(171, 3, '100000000171', 0, 0, 1, '2016-02-15 11:22:47', NULL),
	(172, 3, '100000000172', 0, 0, 1, '2016-02-15 11:22:47', NULL),
	(173, 3, '100000000173', 0, 0, 1, '2016-02-15 11:22:47', NULL),
	(174, 3, '100000000174', 0, 0, 1, '2016-02-15 11:22:47', NULL),
	(175, 3, '100000000175', 0, 0, 1, '2016-02-15 11:22:47', NULL),
	(176, 3, '100000000176', 0, 0, 1, '2016-02-15 11:22:47', NULL),
	(177, 3, '100000000177', 0, 0, 1, '2016-02-15 11:22:47', NULL),
	(178, 3, '100000000178', 0, 0, 1, '2016-02-15 11:22:47', NULL),
	(179, 3, '100000000179', 0, 0, 1, '2016-02-15 11:22:48', NULL),
	(180, 3, '100000000180', 0, 0, 1, '2016-02-15 11:22:48', NULL),
	(181, 3, '100000000181', 0, 0, 1, '2016-02-15 11:22:48', NULL),
	(182, 3, '100000000182', 0, 0, 1, '2016-02-15 11:22:48', NULL),
	(183, 3, '100000000183', 0, 0, 1, '2016-02-15 11:22:48', NULL),
	(184, 3, '100000000184', 0, 0, 1, '2016-02-15 11:22:48', NULL),
	(185, 3, '100000000185', 0, 0, 1, '2016-02-15 11:22:48', NULL),
	(186, 3, '100000000186', 0, 0, 1, '2016-02-15 11:22:48', NULL),
	(187, 3, '100000000187', 0, 0, 1, '2016-02-15 11:22:48', NULL),
	(188, 3, '100000000188', 0, 0, 1, '2016-02-15 11:22:48', NULL),
	(189, 3, '100000000189', 0, 0, 1, '2016-02-15 11:22:48', NULL),
	(190, 3, '100000000190', 0, 0, 1, '2016-02-15 11:22:48', NULL),
	(191, 3, '100000000191', 0, 0, 1, '2016-02-15 11:22:48', NULL),
	(192, 3, '100000000192', 0, 0, 1, '2016-02-15 11:22:48', NULL),
	(193, 3, '100000000193', 0, 0, 1, '2016-02-15 11:22:48', NULL),
	(194, 3, '100000000194', 0, 0, 1, '2016-02-15 11:22:48', NULL),
	(195, 3, '100000000195', 0, 0, 1, '2016-02-15 11:22:48', NULL),
	(196, 3, '100000000196', 0, 0, 1, '2016-02-15 11:22:48', NULL),
	(197, 3, '100000000197', 0, 0, 1, '2016-02-15 11:22:48', NULL),
	(198, 3, '100000000198', 0, 0, 1, '2016-02-15 11:22:48', NULL),
	(199, 3, '100000000199', 0, 0, 1, '2016-02-15 11:22:48', NULL),
	(200, 3, '100000000200', 0, 0, 1, '2016-02-15 11:22:48', NULL),
	(201, 3, '100000000201', 0, 0, 1, '2016-02-15 11:22:48', NULL),
	(202, 4, '100000000202', 0, 0, 1, '2016-02-15 11:24:31', NULL),
	(203, 4, '100000000203', 0, 0, 1, '2016-02-15 11:24:31', NULL),
	(204, 4, '100000000204', 0, 0, 1, '2016-02-15 11:24:31', NULL),
	(205, 4, '100000000205', 0, 0, 1, '2016-02-15 11:24:31', NULL),
	(206, 4, '100000000206', 0, 0, 1, '2016-02-15 11:24:31', NULL),
	(207, 4, '100000000207', 0, 0, 1, '2016-02-15 11:24:31', NULL),
	(208, 4, '100000000208', 0, 0, 1, '2016-02-15 11:24:31', NULL),
	(209, 4, '100000000209', 0, 0, 1, '2016-02-15 11:24:31', NULL),
	(210, 4, '100000000210', 0, 0, 1, '2016-02-15 11:24:31', NULL),
	(211, 4, '100000000211', 0, 0, 1, '2016-02-15 11:24:31', NULL),
	(212, 4, '100000000212', 0, 0, 1, '2016-02-15 11:24:31', NULL),
	(213, 4, '100000000213', 0, 0, 1, '2016-02-15 11:24:31', NULL),
	(214, 4, '100000000214', 0, 0, 1, '2016-02-15 11:24:32', NULL),
	(215, 4, '100000000215', 0, 0, 1, '2016-02-15 11:24:32', NULL),
	(216, 4, '100000000216', 0, 0, 1, '2016-02-15 11:24:32', NULL),
	(217, 4, '100000000217', 0, 0, 1, '2016-02-15 11:24:32', NULL),
	(218, 4, '100000000218', 0, 0, 1, '2016-02-15 11:24:32', NULL),
	(219, 4, '100000000219', 0, 0, 1, '2016-02-15 11:24:32', NULL),
	(220, 4, '100000000220', 0, 0, 1, '2016-02-15 11:24:32', NULL),
	(221, 4, '100000000221', 0, 0, 1, '2016-02-15 11:24:32', NULL),
	(222, 4, '100000000222', 0, 0, 1, '2016-02-15 11:24:32', NULL),
	(223, 4, '100000000223', 0, 0, 1, '2016-02-15 11:24:32', NULL),
	(224, 4, '100000000224', 0, 0, 1, '2016-02-15 11:24:32', NULL),
	(225, 4, '100000000225', 0, 0, 1, '2016-02-15 11:24:32', NULL),
	(226, 4, '100000000226', 0, 0, 1, '2016-02-15 11:24:32', NULL),
	(227, 4, '100000000227', 0, 0, 1, '2016-02-15 11:24:32', NULL),
	(228, 4, '100000000228', 0, 0, 1, '2016-02-15 11:24:32', NULL),
	(229, 4, '100000000229', 0, 0, 1, '2016-02-15 11:24:32', NULL),
	(230, 4, '100000000230', 0, 0, 1, '2016-02-15 11:24:32', NULL),
	(231, 4, '100000000231', 0, 0, 1, '2016-02-15 11:24:32', NULL),
	(232, 4, '100000000232', 0, 0, 1, '2016-02-15 11:24:32', NULL),
	(233, 4, '100000000233', 0, 0, 1, '2016-02-15 11:24:32', NULL),
	(234, 4, '100000000234', 0, 0, 1, '2016-02-15 11:24:32', NULL),
	(235, 4, '100000000235', 0, 0, 1, '2016-02-15 11:24:32', NULL),
	(236, 4, '100000000236', 0, 0, 1, '2016-02-15 11:24:32', NULL),
	(237, 4, '100000000237', 0, 0, 1, '2016-02-15 11:24:32', NULL),
	(238, 4, '100000000238', 0, 0, 1, '2016-02-15 11:24:32', NULL),
	(239, 4, '100000000239', 0, 0, 1, '2016-02-15 11:24:33', NULL),
	(240, 4, '100000000240', 0, 0, 1, '2016-02-15 11:24:33', NULL),
	(241, 4, '100000000241', 0, 0, 1, '2016-02-15 11:24:33', NULL),
	(242, 4, '100000000242', 0, 0, 1, '2016-02-15 11:24:33', NULL),
	(243, 4, '100000000243', 0, 0, 1, '2016-02-15 11:24:33', NULL),
	(244, 4, '100000000244', 0, 0, 1, '2016-02-15 11:24:33', NULL),
	(245, 4, '100000000245', 0, 0, 1, '2016-02-15 11:24:33', NULL),
	(246, 4, '100000000246', 0, 0, 1, '2016-02-15 11:24:33', NULL),
	(247, 4, '100000000247', 0, 0, 1, '2016-02-15 11:24:33', NULL),
	(248, 4, '100000000248', 0, 0, 1, '2016-02-15 11:24:33', NULL),
	(249, 4, '100000000249', 0, 0, 1, '2016-02-15 11:24:33', NULL),
	(250, 4, '100000000250', 0, 0, 1, '2016-02-15 11:24:33', NULL),
	(251, 4, '100000000251', 0, 0, 1, '2016-02-15 11:24:33', NULL),
	(252, 4, '100000000252', 0, 0, 1, '2016-02-15 11:24:33', NULL),
	(253, 4, '100000000253', 0, 0, 1, '2016-02-15 11:24:33', NULL),
	(254, 4, '100000000254', 0, 0, 1, '2016-02-15 11:24:33', NULL),
	(255, 4, '100000000255', 0, 0, 1, '2016-02-15 11:24:33', NULL),
	(256, 4, '100000000256', 0, 0, 1, '2016-02-15 11:24:33', NULL),
	(257, 4, '100000000257', 0, 0, 1, '2016-02-15 11:24:33', NULL),
	(258, 4, '100000000258', 0, 0, 1, '2016-02-15 11:24:33', NULL),
	(259, 4, '100000000259', 0, 0, 1, '2016-02-15 11:24:33', NULL),
	(260, 4, '100000000260', 0, 0, 1, '2016-02-15 11:24:33', NULL),
	(261, 4, '100000000261', 0, 0, 1, '2016-02-15 11:24:33', NULL),
	(262, 4, '100000000262', 0, 0, 1, '2016-02-15 11:24:33', NULL),
	(263, 4, '100000000263', 0, 0, 1, '2016-02-15 11:24:33', NULL),
	(264, 4, '100000000264', 0, 0, 1, '2016-02-15 11:24:33', NULL),
	(265, 4, '100000000265', 0, 0, 1, '2016-02-15 11:24:33', NULL),
	(266, 4, '100000000266', 0, 0, 1, '2016-02-15 11:24:33', NULL),
	(267, 4, '100000000267', 0, 0, 1, '2016-02-15 11:24:33', NULL),
	(268, 4, '100000000268', 0, 0, 1, '2016-02-15 11:24:33', NULL),
	(269, 4, '100000000269', 0, 0, 1, '2016-02-15 11:24:33', NULL),
	(270, 4, '100000000270', 0, 0, 1, '2016-02-15 11:24:33', NULL),
	(271, 4, '100000000271', 0, 0, 1, '2016-02-15 11:24:33', NULL),
	(272, 4, '100000000272', 0, 0, 1, '2016-02-15 11:24:34', NULL),
	(273, 4, '100000000273', 0, 0, 1, '2016-02-15 11:24:34', NULL),
	(274, 4, '100000000274', 0, 0, 1, '2016-02-15 11:24:34', NULL),
	(275, 4, '100000000275', 0, 0, 1, '2016-02-15 11:24:34', NULL),
	(276, 4, '100000000276', 0, 0, 1, '2016-02-15 11:24:34', NULL),
	(277, 4, '100000000277', 0, 0, 1, '2016-02-15 11:24:34', NULL),
	(278, 4, '100000000278', 0, 0, 1, '2016-02-15 11:24:34', NULL),
	(279, 4, '100000000279', 0, 0, 1, '2016-02-15 11:24:34', NULL),
	(280, 4, '100000000280', 0, 0, 1, '2016-02-15 11:24:34', NULL),
	(281, 4, '100000000281', 0, 0, 1, '2016-02-15 11:24:34', NULL),
	(282, 4, '100000000282', 0, 0, 1, '2016-02-15 11:24:34', NULL),
	(283, 4, '100000000283', 0, 0, 1, '2016-02-15 11:24:34', NULL),
	(284, 4, '100000000284', 0, 0, 1, '2016-02-15 11:24:34', NULL),
	(285, 4, '100000000285', 0, 0, 1, '2016-02-15 11:24:34', NULL),
	(286, 4, '100000000286', 0, 0, 1, '2016-02-15 11:24:34', NULL),
	(287, 4, '100000000287', 0, 0, 1, '2016-02-15 11:24:34', NULL),
	(288, 4, '100000000288', 0, 0, 1, '2016-02-15 11:24:34', NULL),
	(289, 4, '100000000289', 0, 0, 1, '2016-02-15 11:24:34', NULL),
	(290, 4, '100000000290', 0, 0, 1, '2016-02-15 11:24:34', NULL),
	(291, 4, '100000000291', 0, 0, 1, '2016-02-15 11:24:34', NULL),
	(292, 4, '100000000292', 0, 0, 1, '2016-02-15 11:24:34', NULL),
	(293, 4, '100000000293', 0, 0, 1, '2016-02-15 11:24:34', NULL),
	(294, 4, '100000000294', 0, 0, 1, '2016-02-15 11:24:34', NULL),
	(295, 4, '100000000295', 0, 0, 1, '2016-02-15 11:24:34', NULL),
	(296, 4, '100000000296', 0, 0, 1, '2016-02-15 11:24:34', NULL),
	(297, 4, '100000000297', 0, 0, 1, '2016-02-15 11:24:34', NULL),
	(298, 4, '100000000298', 0, 0, 1, '2016-02-15 11:24:34', NULL),
	(299, 4, '100000000299', 0, 0, 1, '2016-02-15 11:24:34', NULL),
	(300, 4, '100000000300', 0, 0, 1, '2016-02-15 11:24:34', NULL),
	(301, 4, '100000000301', 0, 0, 1, '2016-02-15 11:24:35', NULL);
/*!40000 ALTER TABLE `ticket_series_info` ENABLE KEYS */;


-- Dumping structure for table oceanjet1_db.ticket_status
CREATE TABLE IF NOT EXISTS `ticket_status` (
  `id_ticket_status` int(11) NOT NULL AUTO_INCREMENT,
  `ticket_status` varchar(100) DEFAULT NULL,
  PRIMARY KEY (`id_ticket_status`)
) ENGINE=InnoDB DEFAULT CHARSET=latin1;

-- Dumping data for table oceanjet1_db.ticket_status: ~0 rows (approximately)
/*!40000 ALTER TABLE `ticket_status` DISABLE KEYS */;
/*!40000 ALTER TABLE `ticket_status` ENABLE KEYS */;


-- Dumping structure for table oceanjet1_db.transaction
CREATE TABLE IF NOT EXISTS `transaction` (
  `id_transaction` int(11) NOT NULL AUTO_INCREMENT,
  `total_amount` decimal(9,2) NOT NULL,
  `amount_tendered` decimal(9,2) NOT NULL,
  `checkin_type_id` int(1) NOT NULL,
  `checkin_id` int(11) NOT NULL,
  `transaction_ref` varchar(255) DEFAULT NULL,
  PRIMARY KEY (`id_transaction`)
) ENGINE=InnoDB AUTO_INCREMENT=14 DEFAULT CHARSET=latin1;

-- Dumping data for table oceanjet1_db.transaction: ~1 rows (approximately)
/*!40000 ALTER TABLE `transaction` DISABLE KEYS */;
INSERT INTO `transaction` (`id_transaction`, `total_amount`, `amount_tendered`, `checkin_type_id`, `checkin_id`, `transaction_ref`) VALUES
	(13, 22.00, 100.00, 2, 1, '1');
/*!40000 ALTER TABLE `transaction` ENABLE KEYS */;


-- Dumping structure for table oceanjet1_db.trip_type
CREATE TABLE IF NOT EXISTS `trip_type` (
  `id_trip_type` int(11) NOT NULL AUTO_INCREMENT,
  `type` varchar(24) NOT NULL,
  PRIMARY KEY (`id_trip_type`)
) ENGINE=InnoDB AUTO_INCREMENT=4 DEFAULT CHARSET=latin1;

-- Dumping data for table oceanjet1_db.trip_type: ~3 rows (approximately)
/*!40000 ALTER TABLE `trip_type` DISABLE KEYS */;
INSERT INTO `trip_type` (`id_trip_type`, `type`) VALUES
	(1, 'One way'),
	(2, 'Round Trip'),
	(3, 'Multi-leg');
/*!40000 ALTER TABLE `trip_type` ENABLE KEYS */;


-- Dumping structure for table oceanjet1_db.user
CREATE TABLE IF NOT EXISTS `user` (
  `id_user` int(11) NOT NULL AUTO_INCREMENT,
  `user_profile_id` int(11) NOT NULL,
  `username` varchar(128) NOT NULL,
  `password` varchar(128) NOT NULL,
  `secure_token` varchar(128) NOT NULL,
  `salt` varchar(32) NOT NULL,
  `last_login` datetime DEFAULT NULL,
  `last_failed_login` datetime DEFAULT NULL,
  `num_failed_login` int(11) NOT NULL DEFAULT '0',
  `enabled` tinyint(1) NOT NULL,
  `is_deleted` tinyint(1) NOT NULL,
  `is_locked` tinyint(1) NOT NULL,
  `is_new` tinyint(1) NOT NULL,
  `password_generated` date NOT NULL,
  PRIMARY KEY (`id_user`)
) ENGINE=InnoDB AUTO_INCREMENT=8 DEFAULT CHARSET=latin1;

-- Dumping data for table oceanjet1_db.user: ~7 rows (approximately)
/*!40000 ALTER TABLE `user` DISABLE KEYS */;
INSERT INTO `user` (`id_user`, `user_profile_id`, `username`, `password`, `secure_token`, `salt`, `last_login`, `last_failed_login`, `num_failed_login`, `enabled`, `is_deleted`, `is_locked`, `is_new`, `password_generated`) VALUES
	(1, 1, 'admin', 'ca721afd4c0cf243cd3b75446086b7fe9039c38918a042e307eb7ac5e832b43a', '70fe332c94e8c15085da9b34f6b439', '7MRXT4CY', '2016-02-19 13:50:29', '2016-02-19 13:50:29', 0, 1, 0, 0, 0, '2016-02-11'),
	(2, 11, 'debtor', 'c289ff915ff45c41b57b3241bb0cf03134efebf09512307a45ad01ae5380f079', '1f92ebb21a6ed6eee370fd1410e001', 'RSCFKP0E', '2016-02-19 13:46:48', '2016-02-19 13:46:47', 0, 1, 0, 0, 0, '2016-02-09'),
	(3, 4, 'gian', '6c4d5b730df4eb72522c5cf6ff695008a9ddd9dd7c021c767800fb2e896ff581', '663233f2212d73eb6d28e8548769f9', 'BFED9SK4', '2016-02-10 11:27:22', '1970-01-01 00:00:00', 0, 1, 0, 0, 1, '2016-02-10'),
	(4, 4, 'carlo', '45e670c0fe9a22e924404579e3618d3b1584594d2c5d7e46a1b096d54084ed26', '82311e43a5e9a31776216176450d59', '9KDEXTVD', '2016-02-10 11:28:10', '1970-01-01 00:00:00', 0, 1, 0, 0, 1, '2016-02-10'),
	(5, 1, 'super_admin', '49d3eded4bb4ea3f65a832280d722383b25b70a8915d9279f4d072c1cbc4662d', '2577721a7573d47e75245dce4e9bc1', 'U3L1JRLU', '2016-02-10 17:44:48', '1970-01-01 00:00:00', 0, 1, 0, 0, 1, '2016-02-10'),
	(6, 7, 'baggage_clerk', '22e2d5c559ab04a612204ece68e9ad0a06e5126bed5d5f27f7e054dba5f8de6d', 'f4f62b53f5e059dd100e79ba28d9b2', 'E5NJ45JP', '2016-02-12 16:42:57', '1970-01-01 00:00:00', 0, 1, 0, 1, 1, '2016-02-12'),
	(7, 1, 'ronald', 'd3f75f42e71bd927236bdc37a6c6bc7d620bb3dc4cca26763584e12b1ad12f57', 'daa7ce4cfe2235b78d15870a06bd81', 'BXPJ1VUF', '2016-02-12 16:49:49', '2016-02-12 16:50:17', 1, 1, 0, 0, 1, '2016-02-12');
/*!40000 ALTER TABLE `user` ENABLE KEYS */;


-- Dumping structure for table oceanjet1_db.user_account
CREATE TABLE IF NOT EXISTS `user_account` (
  `id_user_account` int(11) NOT NULL AUTO_INCREMENT,
  `user_id` int(11) NOT NULL,
  `email_address` varchar(128) NOT NULL,
  `firstname` varchar(64) NOT NULL,
  `middlename` varchar(64) DEFAULT NULL,
  `lastname` varchar(64) NOT NULL,
  `outlet_id` int(11) DEFAULT NULL,
  `profile_pic` varchar(255) DEFAULT NULL,
  PRIMARY KEY (`id_user_account`)
) ENGINE=InnoDB AUTO_INCREMENT=8 DEFAULT CHARSET=latin1;

-- Dumping data for table oceanjet1_db.user_account: ~7 rows (approximately)
/*!40000 ALTER TABLE `user_account` DISABLE KEYS */;
INSERT INTO `user_account` (`id_user_account`, `user_id`, `email_address`, `firstname`, `middlename`, `lastname`, `outlet_id`, `profile_pic`) VALUES
	(1, 1, 'superadmin@yondu.com', 'Super Admin', 'Super Admin', 'Super Admin', 0, '06446441eabe5e90fd9842f59f059e98.PNG'),
	(2, 2, 'debtor@mailinator.com', 'Debtor', 'Debtor', 'Debtor', 4, NULL),
	(3, 3, 'gasuncion@yondu.com', 'Gian', 'Zapatero', 'Asuncion', 3, NULL),
	(4, 4, 'asunciongiancarlo@gmail.com', 'Carlo', 'Zapatero', 'Asuncion', 3, '4a969efd79d8de5cf29c93cbbfffa0a4.PNG'),
	(5, 5, 'test@yondu.com', 'Client', 'Client', 'Client', 0, '31e844a017a09ac783a98d0535aed0dc.PNG'),
	(6, 6, 'kbahia@yondu.com', 'Clerk', 'B', 'Baggage', 3, ''),
	(7, 7, 'rmeran@yondu.com', 'Ronald', 'Marzonia', 'Meran', 0, 'd5d30094077c3acb0a7b6ea7745ff412.jpg');
/*!40000 ALTER TABLE `user_account` ENABLE KEYS */;


-- Dumping structure for table oceanjet1_db.user_level
CREATE TABLE IF NOT EXISTS `user_level` (
  `id_user_level` int(11) NOT NULL AUTO_INCREMENT,
  `user_level` varchar(32) NOT NULL,
  PRIMARY KEY (`id_user_level`)
) ENGINE=InnoDB AUTO_INCREMENT=4 DEFAULT CHARSET=latin1;

-- Dumping data for table oceanjet1_db.user_level: ~3 rows (approximately)
/*!40000 ALTER TABLE `user_level` DISABLE KEYS */;
INSERT INTO `user_level` (`id_user_level`, `user_level`) VALUES
	(1, 'Level 1'),
	(2, 'Level 2'),
	(3, 'Level 3');
/*!40000 ALTER TABLE `user_level` ENABLE KEYS */;


-- Dumping structure for table oceanjet1_db.user_login
CREATE TABLE IF NOT EXISTS `user_login` (
  `user_id` int(11) NOT NULL,
  `token` varchar(128) NOT NULL,
  `salt` varchar(64) NOT NULL,
  `date_added` date NOT NULL,
  `ip_address` varchar(16) NOT NULL,
  UNIQUE KEY `user_id` (`user_id`)
) ENGINE=InnoDB DEFAULT CHARSET=latin1;

-- Dumping data for table oceanjet1_db.user_login: ~0 rows (approximately)
/*!40000 ALTER TABLE `user_login` DISABLE KEYS */;
/*!40000 ALTER TABLE `user_login` ENABLE KEYS */;


-- Dumping structure for table oceanjet1_db.user_password
CREATE TABLE IF NOT EXISTS `user_password` (
  `id_user_password` int(11) NOT NULL AUTO_INCREMENT,
  `user_id` int(11) NOT NULL,
  `password` varchar(128) NOT NULL,
  `salt` varchar(32) NOT NULL,
  PRIMARY KEY (`id_user_password`)
) ENGINE=InnoDB AUTO_INCREMENT=19 DEFAULT CHARSET=latin1;

-- Dumping data for table oceanjet1_db.user_password: ~18 rows (approximately)
/*!40000 ALTER TABLE `user_password` DISABLE KEYS */;
INSERT INTO `user_password` (`id_user_password`, `user_id`, `password`, `salt`) VALUES
	(1, 1, 'ba9400f68feb8bddfed7f8dbb58871085069056876b812427a6e77abf8d85891', '6Z6DNBJD'),
	(2, 1, 'ed1fd2fc25c6646d9c55bf4aa283477cca8a6f4e9b8af58a39529f1775210690', 'YZBQ1JB8'),
	(3, 2, '2fc042a2575272bb40d7471ece818a2705fb38a39888666d50fd5982246de790', 'TIY2DLZ5'),
	(4, 3, 'ed1fd2fc25c6646d9c55bf4aa283477cca8a6f4e9b8af58a39529f1775210690', 'YZBQ1JB8'),
	(5, 4, '238e8fd12353d9d40de7b906de13c08844228a3d0b1d339167c32b6939908400', 'BK0O5OSJ'),
	(6, 5, 'c50d91f8bcc0deed1980851cd8d47955d250fcf2688c7b9ca9082bb437195ea5', 'E7LTTS1K'),
	(7, 2, '57dfdd0b70e2bb37c4ced538b6faa080bd90e78486cc8049eb8487a302c99a3a', '17WPDSEH'),
	(8, 2, 'c289ff915ff45c41b57b3241bb0cf03134efebf09512307a45ad01ae5380f079', 'RSCFKP0E'),
	(9, 3, '6c4d5b730df4eb72522c5cf6ff695008a9ddd9dd7c021c767800fb2e896ff581', 'BFED9SK4'),
	(10, 4, '45e670c0fe9a22e924404579e3618d3b1584594d2c5d7e46a1b096d54084ed26', '9KDEXTVD'),
	(11, 5, '68fde1de40ddc33069d2904bdd2e0cec264a662478dc7f0c40af0975605f705c', '0XS3TRKW'),
	(12, 6, '8285131649063f8f0f870bdad57a370a776b222e9f1d80972f44e699397ce89b', 'F9JMNLET'),
	(13, 7, '89da0f05b2a8bcf25ba13c882cf2040db4c7bfa98f5d268c58b4f5faa5da4bc4', '2OT3MRNO'),
	(14, 5, '49d3eded4bb4ea3f65a832280d722383b25b70a8915d9279f4d072c1cbc4662d', 'U3L1JRLU'),
	(15, 1, '9536e5b77611478a6a5415ae57e303e02dea1f358503de406c866ba377eca2d6', 'NVURJK4U'),
	(16, 1, 'ca721afd4c0cf243cd3b75446086b7fe9039c38918a042e307eb7ac5e832b43a', '7MRXT4CY'),
	(17, 6, '22e2d5c559ab04a612204ece68e9ad0a06e5126bed5d5f27f7e054dba5f8de6d', 'E5NJ45JP'),
	(18, 7, 'd3f75f42e71bd927236bdc37a6c6bc7d620bb3dc4cca26763584e12b1ad12f57', 'BXPJ1VUF');
/*!40000 ALTER TABLE `user_password` ENABLE KEYS */;


-- Dumping structure for table oceanjet1_db.user_profile
CREATE TABLE IF NOT EXISTS `user_profile` (
  `id_user_profile` int(11) NOT NULL AUTO_INCREMENT,
  `user_profile` varchar(128) NOT NULL,
  `user_description` varchar(256) DEFAULT NULL,
  `is_outlet` tinyint(1) NOT NULL,
  `has_mobile_access` tinyint(1) NOT NULL,
  `has_transaction` tinyint(1) NOT NULL,
  `session_timeout` int(11) NOT NULL,
  `enabled` tinyint(1) NOT NULL,
  `user_level_id` int(11) NOT NULL,
  PRIMARY KEY (`id_user_profile`)
) ENGINE=InnoDB AUTO_INCREMENT=15 DEFAULT CHARSET=latin1;

-- Dumping data for table oceanjet1_db.user_profile: ~12 rows (approximately)
/*!40000 ALTER TABLE `user_profile` DISABLE KEYS */;
INSERT INTO `user_profile` (`id_user_profile`, `user_profile`, `user_description`, `is_outlet`, `has_mobile_access`, `has_transaction`, `session_timeout`, `enabled`, `user_level_id`) VALUES
	(1, 'Super Administrator', 'Super Administrator', 0, 1, 1, 60, 1, 1),
	(2, 'Admin', NULL, 0, 0, 0, 30, 1, 2),
	(3, 'Operations Manager', NULL, 1, 0, 0, 30, 1, 2),
	(4, 'Sales Agent', NULL, 1, 0, 1, 15, 1, 2),
	(5, 'Third Party Sales Agent', NULL, 1, 0, 0, 15, 1, 2),
	(6, 'Check – In Clerk', NULL, 1, 0, 1, 15, 1, 3),
	(7, 'Baggage Clerk', NULL, 1, 0, 0, 15, 1, 3),
	(8, 'Baggage Cashier', NULL, 1, 0, 1, 15, 1, 3),
	(9, 'Reservation Officer', NULL, 0, 0, 0, 30, 1, 3),
	(10, 'Port Supervisors', NULL, 1, 0, 0, 15, 1, 2),
	(11, 'Debtor', NULL, 1, 0, 1, 15, 1, 2),
	(12, 'Marketing Manager', NULL, 0, 0, 0, 15, 1, 2);
/*!40000 ALTER TABLE `user_profile` ENABLE KEYS */;


-- Dumping structure for table oceanjet1_db.user_profile_level
CREATE TABLE IF NOT EXISTS `user_profile_level` (
  `user_profile_id` int(11) NOT NULL,
  `user_level_id` int(11) NOT NULL
) ENGINE=InnoDB DEFAULT CHARSET=latin1;

-- Dumping data for table oceanjet1_db.user_profile_level: ~9 rows (approximately)
/*!40000 ALTER TABLE `user_profile_level` DISABLE KEYS */;
INSERT INTO `user_profile_level` (`user_profile_id`, `user_level_id`) VALUES
	(3, 2),
	(5, 3),
	(8, 3),
	(10, 3),
	(12, 3),
	(1, 1),
	(1, 2),
	(4, 3),
	(11, 3);
/*!40000 ALTER TABLE `user_profile_level` ENABLE KEYS */;


-- Dumping structure for table oceanjet1_db.user_type
CREATE TABLE IF NOT EXISTS `user_type` (
  `id_user_type` int(11) NOT NULL AUTO_INCREMENT,
  `user_type` varchar(128) NOT NULL,
  PRIMARY KEY (`id_user_type`)
) ENGINE=InnoDB DEFAULT CHARSET=latin1;

-- Dumping data for table oceanjet1_db.user_type: ~0 rows (approximately)
/*!40000 ALTER TABLE `user_type` DISABLE KEYS */;
/*!40000 ALTER TABLE `user_type` ENABLE KEYS */;


-- Dumping structure for table oceanjet1_db.vessel
CREATE TABLE IF NOT EXISTS `vessel` (
  `id_vessel` int(11) NOT NULL AUTO_INCREMENT,
  `vessel_code` varchar(36) NOT NULL,
  `vessel` varchar(128) NOT NULL,
  `total_row` int(11) NOT NULL,
  `total_column` int(11) NOT NULL,
  `total_seats` int(11) NOT NULL,
  `enabled` tinyint(1) NOT NULL,
  PRIMARY KEY (`id_vessel`)
) ENGINE=InnoDB AUTO_INCREMENT=7 DEFAULT CHARSET=latin1;

-- Dumping data for table oceanjet1_db.vessel: ~4 rows (approximately)
/*!40000 ALTER TABLE `vessel` DISABLE KEYS */;
INSERT INTO `vessel` (`id_vessel`, `vessel_code`, `vessel`, `total_row`, `total_column`, `total_seats`, `enabled`) VALUES
	(2, 'V1', 'Vessel 1', 5, 12, 43, 1),
	(4, 'V3', 'Vessel 4', 5, 12, 42, 1),
	(5, 'V4', 'Vessel 1', 5, 12, 43, 1),
	(6, 'V22211', 'Vessel 43', 5, 12, 43, 1);
/*!40000 ALTER TABLE `vessel` ENABLE KEYS */;


-- Dumping structure for table oceanjet1_db.vessel_seats
CREATE TABLE IF NOT EXISTS `vessel_seats` (
  `vessel_id` int(11) NOT NULL,
  `row` int(11) NOT NULL,
  `column` int(11) NOT NULL,
  `vessel_seats` varchar(128) NOT NULL,
  `accommodation_id` int(11) NOT NULL
) ENGINE=InnoDB DEFAULT CHARSET=latin1;

-- Dumping data for table oceanjet1_db.vessel_seats: ~240 rows (approximately)
/*!40000 ALTER TABLE `vessel_seats` DISABLE KEYS */;
INSERT INTO `vessel_seats` (`vessel_id`, `row`, `column`, `vessel_seats`, `accommodation_id`) VALUES
	(5, 1, 1, 'BC-1A', 2),
	(5, 1, 2, 'N/A', 0),
	(5, 1, 3, 'BC-1B', 2),
	(5, 1, 4, 'BC-1C', 2),
	(5, 1, 5, 'N/A', 0),
	(5, 1, 6, 'N/A', 0),
	(5, 1, 7, 'BC-1D', 2),
	(5, 1, 8, 'BC-1E', 2),
	(5, 1, 9, 'BC-1F', 2),
	(5, 1, 10, 'BC-1G', 2),
	(5, 1, 11, 'N/A', 0),
	(5, 1, 12, 'BC-1I', 2),
	(5, 2, 1, 'BC-2A', 2),
	(5, 2, 2, 'N/A', 0),
	(5, 2, 3, 'N/A', 0),
	(5, 2, 4, 'BC-2B', 2),
	(5, 2, 5, 'BC-2C', 2),
	(5, 2, 6, 'BC-2D', 2),
	(5, 2, 7, 'BC-2E', 2),
	(5, 2, 8, 'BC-2F', 2),
	(5, 2, 9, 'N/A', 0),
	(5, 2, 10, 'N/A', 0),
	(5, 2, 11, 'BC-2G', 2),
	(5, 2, 12, 'BC-2H', 2),
	(5, 3, 1, 'BC-3A', 2),
	(5, 3, 2, 'BC-3B', 2),
	(5, 3, 3, 'BC-3C', 2),
	(5, 3, 4, 'N/A', 0),
	(5, 3, 5, 'N/A', 0),
	(5, 3, 6, 'BC-3D', 2),
	(5, 3, 7, 'N/A', 0),
	(5, 3, 8, 'N/A', 0),
	(5, 3, 9, 'N/A', 0),
	(5, 3, 10, 'BC-3E', 2),
	(5, 3, 11, 'BC-3F', 2),
	(5, 3, 12, 'BC-3G', 2),
	(5, 4, 1, 'TC-1A', 3),
	(5, 4, 2, 'TC-1B', 3),
	(5, 4, 3, 'TC-1C', 3),
	(5, 4, 4, 'TC-1D', 3),
	(5, 4, 5, 'N/A', 0),
	(5, 4, 6, 'N/A', 0),
	(5, 4, 7, 'N/A', 0),
	(5, 4, 8, 'TC-1E', 3),
	(5, 4, 9, 'TC-1F', 3),
	(5, 4, 10, 'TC-1G', 3),
	(5, 4, 11, 'TC-1H', 3),
	(5, 4, 12, 'N/A', 0),
	(5, 5, 1, 'OA-1A', 5),
	(5, 5, 2, 'OA-1B', 5),
	(5, 5, 3, 'OA-1C', 5),
	(5, 5, 4, 'OA-1D', 5),
	(5, 5, 5, 'OA-1E', 5),
	(5, 5, 6, 'OA-1F', 5),
	(5, 5, 7, 'OA-1G', 5),
	(5, 5, 8, 'OA-1H', 5),
	(5, 5, 9, 'OA-1I', 5),
	(5, 5, 10, 'OA-1J', 5),
	(5, 5, 11, 'OA-1K', 5),
	(5, 5, 12, 'OA-1L', 5),
	(4, 1, 1, 'BC-1A', 2),
	(4, 1, 2, 'N/A', 0),
	(4, 1, 3, 'BC-1B', 2),
	(4, 1, 4, 'BC-1C', 2),
	(4, 1, 5, 'N/A', 0),
	(4, 1, 6, 'N/A', 0),
	(4, 1, 7, 'BC-1D', 2),
	(4, 1, 8, 'BC-1E', 2),
	(4, 1, 9, 'BC-1F', 2),
	(4, 1, 10, 'BC-1G', 2),
	(4, 1, 11, 'N/A', 0),
	(4, 1, 12, 'N/A', 0),
	(4, 2, 1, 'BC-2A', 2),
	(4, 2, 2, 'N/A', 0),
	(4, 2, 3, 'N/A', 0),
	(4, 2, 4, 'BC-2B', 2),
	(4, 2, 5, 'BC-2C', 2),
	(4, 2, 6, 'BC-2D', 2),
	(4, 2, 7, 'BC-2E', 2),
	(4, 2, 8, 'BC-2F', 2),
	(4, 2, 9, 'N/A', 0),
	(4, 2, 10, 'N/A', 0),
	(4, 2, 11, 'BC-2G', 2),
	(4, 2, 12, 'BC-2H', 2),
	(4, 3, 1, 'BC-3A', 2),
	(4, 3, 2, 'BC-3B', 2),
	(4, 3, 3, 'BC-3C', 2),
	(4, 3, 4, 'N/A', 0),
	(4, 3, 5, 'N/A', 0),
	(4, 3, 6, 'BC-3D', 2),
	(4, 3, 7, 'N/A', 0),
	(4, 3, 8, 'N/A', 0),
	(4, 3, 9, 'N/A', 0),
	(4, 3, 10, 'BC-3E', 2),
	(4, 3, 11, 'BC-3F', 2),
	(4, 3, 12, 'BC-3G', 2),
	(4, 4, 1, 'TC-1A', 3),
	(4, 4, 2, 'TC-1B', 3),
	(4, 4, 3, 'TC-1C', 3),
	(4, 4, 4, 'TC-1D', 3),
	(4, 4, 5, 'N/A', 0),
	(4, 4, 6, 'N/A', 0),
	(4, 4, 7, 'N/A', 0),
	(4, 4, 8, 'TC-1E', 3),
	(4, 4, 9, 'TC-1F', 3),
	(4, 4, 10, 'TC-1G', 3),
	(4, 4, 11, 'TC-1H', 3),
	(4, 4, 12, 'N/A', 0),
	(4, 5, 1, 'OA-1A', 5),
	(4, 5, 2, 'OA-1B', 5),
	(4, 5, 3, 'OA-1C', 5),
	(4, 5, 4, 'OA-1D', 5),
	(4, 5, 5, 'OA-1E', 5),
	(4, 5, 6, 'OA-1F', 5),
	(4, 5, 7, 'OA-1G', 5),
	(4, 5, 8, 'OA-1H', 5),
	(4, 5, 9, 'OA-1I', 5),
	(4, 5, 10, 'OA-1J', 5),
	(4, 5, 11, 'OA-1K', 5),
	(4, 5, 12, 'OA-1L', 5),
	(6, 1, 1, 'BC-1A', 2),
	(6, 1, 2, 'N/A', 0),
	(6, 1, 3, 'BC-1B', 2),
	(6, 1, 4, 'BC-1C', 2),
	(6, 1, 5, 'N/A', 0),
	(6, 1, 6, 'N/A', 0),
	(6, 1, 7, 'BC-1D', 2),
	(6, 1, 8, 'BC-1E', 2),
	(6, 1, 9, 'BC-1F', 2),
	(6, 1, 10, 'BC-1G', 2),
	(6, 1, 11, 'N/A', 0),
	(6, 1, 12, 'BC-1H', 2),
	(6, 2, 1, 'BC-2A', 2),
	(6, 2, 2, 'N/A', 0),
	(6, 2, 3, 'N/A', 0),
	(6, 2, 4, 'BC-2B', 2),
	(6, 2, 5, 'BC-2C', 2),
	(6, 2, 6, 'BC-2D', 2),
	(6, 2, 7, 'BC-2E', 2),
	(6, 2, 8, 'BC-2F', 2),
	(6, 2, 9, 'N/A', 0),
	(6, 2, 10, 'N/A', 0),
	(6, 2, 11, 'BC-2G', 2),
	(6, 2, 12, 'BC-2H', 2),
	(6, 3, 1, 'BC-3A', 2),
	(6, 3, 2, 'BC-3B', 2),
	(6, 3, 3, 'BC-3C', 2),
	(6, 3, 4, 'N/A', 0),
	(6, 3, 5, 'N/A', 0),
	(6, 3, 6, 'BC-3D', 2),
	(6, 3, 7, 'N/A', 0),
	(6, 3, 8, 'N/A', 0),
	(6, 3, 9, 'N/A', 0),
	(6, 3, 10, 'BC-3E', 2),
	(6, 3, 11, 'BC-3F', 2),
	(6, 3, 12, 'BC-3G', 2),
	(6, 4, 1, 'TC-1A', 3),
	(6, 4, 2, 'TC-1B', 3),
	(6, 4, 3, 'TC-1C', 3),
	(6, 4, 4, 'TC-1D', 3),
	(6, 4, 5, 'N/A', 0),
	(6, 4, 6, 'N/A', 0),
	(6, 4, 7, 'N/A', 0),
	(6, 4, 8, 'TC-1E', 3),
	(6, 4, 9, 'TC-1F', 3),
	(6, 4, 10, 'TC-1G', 3),
	(6, 4, 11, 'TC-1H', 3),
	(6, 4, 12, 'N/A', 0),
	(6, 5, 1, 'OA-1A', 5),
	(6, 5, 2, 'OA-1B', 5),
	(6, 5, 3, 'OA-1C', 5),
	(6, 5, 4, 'OA-1D', 5),
	(6, 5, 5, 'OA-1E', 5),
	(6, 5, 6, 'OA-1F', 5),
	(6, 5, 7, 'OA-1G', 5),
	(6, 5, 8, 'OA-1H', 5),
	(6, 5, 9, 'OA-1I', 5),
	(6, 5, 10, 'OA-1J', 5),
	(6, 5, 11, 'OA-1K', 5),
	(6, 5, 12, 'OA-1L', 5),
	(2, 1, 1, 'BC-1A', 2),
	(2, 1, 2, 'N/A', 0),
	(2, 1, 3, 'BC-1B', 2),
	(2, 1, 4, 'BC-1C', 2),
	(2, 1, 5, 'N/A', 0),
	(2, 1, 6, 'N/A', 0),
	(2, 1, 7, 'BC-1D', 2),
	(2, 1, 8, 'BC-1E', 2),
	(2, 1, 9, 'BC-1F', 2),
	(2, 1, 10, 'BC-1G', 2),
	(2, 1, 11, 'N/A', 0),
	(2, 1, 12, 'BC-1H', 2),
	(2, 2, 1, 'BC-2A', 2),
	(2, 2, 2, 'N/A', 0),
	(2, 2, 3, 'N/A', 0),
	(2, 2, 4, 'BC-2B', 2),
	(2, 2, 5, 'BC-2C', 2),
	(2, 2, 6, 'BC-2D', 2),
	(2, 2, 7, 'BC-2E', 2),
	(2, 2, 8, 'BC-2F', 2),
	(2, 2, 9, 'N/A', 0),
	(2, 2, 10, 'N/A', 0),
	(2, 2, 11, 'BC-2G', 2),
	(2, 2, 12, 'BC-2H', 2),
	(2, 3, 1, 'BC-3A', 2),
	(2, 3, 2, 'BC-3B', 2),
	(2, 3, 3, 'BC-3C', 2),
	(2, 3, 4, 'N/A', 0),
	(2, 3, 5, 'N/A', 0),
	(2, 3, 6, 'BC-3D', 2),
	(2, 3, 7, 'N/A', 0),
	(2, 3, 8, 'N/A', 0),
	(2, 3, 9, 'N/A', 0),
	(2, 3, 10, 'BC-3E', 2),
	(2, 3, 11, 'BC-3F', 2),
	(2, 3, 12, 'BC-3G', 2),
	(2, 4, 1, 'TC-1A', 3),
	(2, 4, 2, 'TC-1B', 3),
	(2, 4, 3, 'TC-1C', 3),
	(2, 4, 4, 'TC-1D', 3),
	(2, 4, 5, 'N/A', 0),
	(2, 4, 6, 'N/A', 0),
	(2, 4, 7, 'N/A', 0),
	(2, 4, 8, 'TC-1E', 3),
	(2, 4, 9, 'TC-1F', 3),
	(2, 4, 10, 'TC-1G', 3),
	(2, 4, 11, 'TC-1H', 3),
	(2, 4, 12, 'N/A', 0),
	(2, 5, 1, 'OA-1A', 5),
	(2, 5, 2, 'OA-1B', 5),
	(2, 5, 3, 'OA-1C', 5),
	(2, 5, 4, 'OA-1D', 5),
	(2, 5, 5, 'OA-1E', 5),
	(2, 5, 6, 'OA-1F', 5),
	(2, 5, 7, 'OA-1G', 5),
	(2, 5, 8, 'OA-1H', 5),
	(2, 5, 9, 'OA-1I', 5),
	(2, 5, 10, 'OA-1J', 5),
	(2, 5, 11, 'OA-1K', 5),
	(2, 5, 12, 'OA-1L', 5);
/*!40000 ALTER TABLE `vessel_seats` ENABLE KEYS */;


-- Dumping structure for table oceanjet1_db.void_tickets
CREATE TABLE IF NOT EXISTS `void_tickets` (
  `id_void_tickets` int(11) NOT NULL AUTO_INCREMENT,
  `booking_id` int(11) DEFAULT NULL,
  `user_id` int(11) DEFAULT NULL,
  `void_reason` text,
  `date_added` datetime DEFAULT NULL,
  PRIMARY KEY (`id_void_tickets`)
) ENGINE=InnoDB DEFAULT CHARSET=latin1;

-- Dumping data for table oceanjet1_db.void_tickets: ~0 rows (approximately)
/*!40000 ALTER TABLE `void_tickets` DISABLE KEYS */;
/*!40000 ALTER TABLE `void_tickets` ENABLE KEYS */;


-- Dumping structure for table oceanjet1_db.voyage
CREATE TABLE IF NOT EXISTS `voyage` (
  `id_voyage` int(11) NOT NULL AUTO_INCREMENT,
  `voyage` varchar(24) NOT NULL,
  `origin_id` int(11) NOT NULL COMMENT 'origin of first leg',
  `destination_id` int(11) NOT NULL COMMENT 'destination of last leg',
  `ETD` time NOT NULL COMMENT 'ETD of first leg',
  `ETA` time NOT NULL COMMENT 'ETA of last leg',
  `enabled` tinyint(1) NOT NULL,
  `trip_type_id` tinyint(1) NOT NULL,
  `no_of_subvoyages` int(11) NOT NULL,
  `points_redemption` decimal(6,2) NOT NULL,
  PRIMARY KEY (`id_voyage`)
) ENGINE=InnoDB AUTO_INCREMENT=5 DEFAULT CHARSET=latin1;

-- Dumping data for table oceanjet1_db.voyage: ~4 rows (approximately)
/*!40000 ALTER TABLE `voyage` DISABLE KEYS */;
INSERT INTO `voyage` (`id_voyage`, `voyage`, `origin_id`, `destination_id`, `ETD`, `ETA`, `enabled`, `trip_type_id`, `no_of_subvoyages`, `points_redemption`) VALUES
	(1, 'V001', 1, 2, '00:00:00', '05:00:00', 0, 1, 1, 55.00),
	(2, 'V-CEB-SIQ-001', 1, 4, '00:00:00', '20:00:00', 1, 3, 3, 50.00),
	(3, 'V-SIQ-TAG-001', 4, 2, '12:00:00', '16:50:00', 1, 3, 2, 40.00),
	(4, 'V-CEB-SIQ-002', 1, 4, '00:00:00', '06:00:00', 0, 3, 3, 10.00);
/*!40000 ALTER TABLE `voyage` ENABLE KEYS */;


-- Dumping structure for table oceanjet1_db.voyage_management
CREATE TABLE IF NOT EXISTS `voyage_management` (
  `id_voyage_management` int(11) NOT NULL AUTO_INCREMENT,
  `voyage_id` int(11) NOT NULL,
  `enabled` tinyint(1) NOT NULL,
  PRIMARY KEY (`id_voyage_management`)
) ENGINE=InnoDB AUTO_INCREMENT=4 DEFAULT CHARSET=latin1;

-- Dumping data for table oceanjet1_db.voyage_management: ~3 rows (approximately)
/*!40000 ALTER TABLE `voyage_management` DISABLE KEYS */;
INSERT INTO `voyage_management` (`id_voyage_management`, `voyage_id`, `enabled`) VALUES
	(1, 1, 1),
	(2, 2, 1),
	(3, 4, 1);
/*!40000 ALTER TABLE `voyage_management` ENABLE KEYS */;
/*!40101 SET SQL_MODE=IFNULL(@OLD_SQL_MODE, '') */;
/*!40014 SET FOREIGN_KEY_CHECKS=IF(@OLD_FOREIGN_KEY_CHECKS IS NULL, 1, @OLD_FOREIGN_KEY_CHECKS) */;
/*!40101 SET CHARACTER_SET_CLIENT=@OLD_CHARACTER_SET_CLIENT */;
