-- --------------------------------------------------------
-- Host:                         192.168.0.41
-- Server version:               5.5.41 - MySQL Community Server (GPL) by Remi
-- Server OS:                    Linux
-- HeidiSQL Version:             9.3.0.5059
-- --------------------------------------------------------

/*!40101 SET @OLD_CHARACTER_SET_CLIENT=@@CHARACTER_SET_CLIENT */;
/*!40101 SET NAMES utf8 */;
/*!50503 SET NAMES utf8mb4 */;
/*!40014 SET @OLD_FOREIGN_KEY_CHECKS=@@FOREIGN_KEY_CHECKS, FOREIGN_KEY_CHECKS=0 */;
/*!40101 SET @OLD_SQL_MODE=@@SQL_MODE, SQL_MODE='NO_AUTO_VALUE_ON_ZERO' */;

-- Dumping structure for table oceanjet1_db.accommodation
CREATE TABLE IF NOT EXISTS `accommodation` (
  `id_accommodation` int(11) NOT NULL AUTO_INCREMENT,
  `accommodation_code` varchar(16) NOT NULL,
  `accommodation` varchar(128) NOT NULL,
  `enabled` tinyint(1) NOT NULL,
  `date_added` datetime NOT NULL,
  `date_update` datetime NOT NULL,
  `palette` varchar(8) NOT NULL,
  PRIMARY KEY (`id_accommodation`)
) ENGINE=InnoDB AUTO_INCREMENT=7 DEFAULT CHARSET=latin1;

-- Dumping data for table oceanjet1_db.accommodation: ~3 rows (approximately)
/*!40000 ALTER TABLE `accommodation` DISABLE KEYS */;
INSERT INTO `accommodation` (`id_accommodation`, `accommodation_code`, `accommodation`, `enabled`, `date_added`, `date_update`, `palette`) VALUES
	(1, 'BC', 'Business Class', 1, '2016-03-01 17:41:02', '2016-03-01 17:41:02', '#11a615'),
	(3, 'TC', 'Tourist Class', 1, '2016-03-01 17:41:26', '2016-03-01 17:46:23', '#86f9a8'),
	(6, 'OA', 'Open Air', 1, '2016-03-01 17:47:15', '2016-03-01 17:47:15', '#400080');
/*!40000 ALTER TABLE `accommodation` ENABLE KEYS */;

-- Dumping structure for table oceanjet1_db.administrator_access
CREATE TABLE IF NOT EXISTS `administrator_access` (
  `user_profile_id` int(10) unsigned NOT NULL,
  `administrator_page_id` int(11) unsigned NOT NULL,
  `access` tinyint(1) NOT NULL DEFAULT '0',
  `view` tinyint(1) NOT NULL DEFAULT '0',
  `add` tinyint(1) NOT NULL DEFAULT '0',
  `edit` tinyint(1) NOT NULL DEFAULT '0',
  `delete` tinyint(1) NOT NULL DEFAULT '0',
  `approve` tinyint(4) NOT NULL DEFAULT '0',
  `verify` tinyint(4) NOT NULL DEFAULT '0',
  `print` tinyint(4) NOT NULL DEFAULT '0',
  `request` tinyint(4) NOT NULL DEFAULT '0',
  `close` tinyint(4) NOT NULL DEFAULT '0',
  `received` tinyint(4) NOT NULL DEFAULT '0',
  `allocate` tinyint(4) NOT NULL DEFAULT '0',
  `activate` tinyint(1) NOT NULL DEFAULT '0',
  `reactivate` tinyint(1) NOT NULL DEFAULT '0',
  `export` tinyint(1) NOT NULL DEFAULT '0',
  PRIMARY KEY (`user_profile_id`,`administrator_page_id`)
) ENGINE=MyISAM DEFAULT CHARSET=latin1;

-- Dumping data for table oceanjet1_db.administrator_access: 689 rows
/*!40000 ALTER TABLE `administrator_access` DISABLE KEYS */;
INSERT INTO `administrator_access` (`user_profile_id`, `administrator_page_id`, `access`, `view`, `add`, `edit`, `delete`, `approve`, `verify`, `print`, `request`, `close`, `received`, `allocate`, `activate`, `reactivate`, `export`) VALUES
	(1, 53, 1, 1, 1, 1, 1, 0, 0, 1, 0, 0, 0, 0, 0, 0, 1),
	(1, 49, 1, 1, 1, 1, 1, 0, 0, 1, 0, 0, 0, 0, 0, 0, 1),
	(1, 48, 1, 1, 1, 1, 1, 0, 0, 1, 0, 0, 0, 0, 0, 0, 1),
	(1, 47, 1, 1, 1, 1, 1, 0, 0, 1, 0, 0, 0, 0, 0, 0, 1),
	(1, 46, 1, 1, 1, 1, 1, 0, 0, 1, 0, 0, 0, 0, 0, 0, 1),
	(1, 45, 1, 1, 1, 1, 1, 0, 0, 1, 0, 0, 0, 0, 0, 0, 1),
	(1, 44, 1, 1, 1, 1, 1, 0, 0, 1, 0, 0, 0, 0, 0, 0, 1),
	(1, 43, 1, 1, 1, 1, 1, 0, 0, 1, 0, 0, 0, 0, 0, 0, 1),
	(1, 42, 1, 1, 1, 1, 1, 0, 0, 1, 0, 0, 0, 0, 0, 0, 1),
	(1, 52, 1, 1, 1, 1, 1, 0, 0, 1, 0, 0, 0, 0, 0, 0, 1),
	(1, 51, 1, 1, 1, 1, 1, 0, 0, 1, 0, 0, 0, 0, 0, 0, 1),
	(1, 50, 1, 1, 1, 1, 1, 0, 0, 1, 0, 0, 0, 0, 0, 0, 1),
	(1, 41, 1, 1, 1, 1, 1, 0, 0, 1, 0, 0, 0, 0, 0, 0, 1),
	(1, 40, 1, 1, 1, 1, 1, 0, 0, 1, 0, 0, 0, 0, 0, 0, 1),
	(1, 39, 1, 1, 1, 1, 1, 0, 0, 1, 0, 0, 0, 0, 0, 0, 1),
	(1, 38, 1, 1, 1, 1, 1, 0, 0, 1, 0, 0, 0, 0, 0, 0, 1),
	(1, 37, 1, 1, 1, 1, 1, 0, 0, 1, 0, 0, 0, 0, 0, 0, 1),
	(1, 36, 1, 1, 1, 1, 1, 0, 0, 1, 0, 0, 0, 0, 0, 0, 1),
	(1, 35, 1, 1, 1, 1, 1, 0, 0, 1, 0, 0, 0, 0, 0, 0, 1),
	(1, 34, 1, 1, 1, 1, 1, 0, 0, 1, 0, 0, 0, 0, 0, 0, 1),
	(1, 33, 1, 1, 1, 1, 1, 0, 0, 1, 0, 0, 0, 0, 0, 0, 1),
	(1, 32, 1, 1, 1, 1, 1, 0, 0, 1, 0, 0, 0, 0, 0, 0, 1),
	(1, 31, 1, 1, 1, 1, 1, 0, 0, 1, 0, 0, 0, 0, 0, 0, 1),
	(1, 30, 1, 1, 1, 1, 1, 0, 0, 1, 0, 0, 0, 0, 0, 0, 1),
	(1, 29, 1, 1, 1, 1, 1, 0, 0, 1, 0, 0, 0, 0, 0, 0, 1),
	(1, 28, 1, 1, 1, 1, 1, 0, 0, 1, 0, 0, 0, 0, 0, 0, 1),
	(1, 27, 1, 1, 1, 1, 1, 0, 0, 1, 0, 0, 0, 0, 0, 0, 1),
	(1, 26, 1, 1, 1, 1, 1, 0, 0, 1, 0, 0, 0, 0, 0, 0, 1),
	(1, 25, 1, 1, 1, 1, 1, 0, 0, 1, 0, 0, 0, 0, 0, 0, 1),
	(1, 24, 1, 1, 1, 1, 1, 0, 0, 1, 0, 0, 0, 0, 0, 0, 1),
	(1, 23, 1, 1, 1, 1, 1, 0, 0, 1, 0, 0, 0, 0, 0, 0, 1),
	(1, 22, 1, 1, 1, 1, 1, 0, 0, 1, 0, 0, 0, 0, 0, 0, 1),
	(1, 21, 1, 1, 1, 1, 1, 0, 0, 1, 0, 0, 0, 0, 0, 0, 1),
	(1, 20, 1, 1, 1, 1, 1, 0, 0, 1, 0, 0, 0, 0, 0, 0, 1),
	(1, 19, 1, 1, 1, 1, 1, 0, 0, 1, 0, 0, 0, 0, 0, 0, 1),
	(1, 18, 1, 1, 1, 1, 1, 0, 0, 1, 0, 0, 0, 0, 0, 0, 1),
	(1, 17, 1, 1, 1, 1, 1, 0, 0, 1, 0, 0, 0, 0, 0, 0, 1),
	(1, 16, 1, 1, 1, 1, 1, 0, 0, 1, 0, 0, 0, 0, 0, 0, 1),
	(1, 15, 1, 1, 1, 1, 1, 0, 0, 1, 0, 0, 0, 0, 0, 0, 1),
	(1, 14, 1, 1, 1, 1, 1, 0, 0, 1, 0, 0, 0, 0, 0, 0, 1),
	(1, 13, 1, 1, 1, 1, 1, 0, 0, 1, 0, 0, 0, 0, 0, 0, 1),
	(1, 6, 1, 1, 1, 1, 1, 0, 0, 1, 0, 0, 0, 0, 0, 0, 1),
	(1, 5, 1, 1, 1, 1, 1, 0, 0, 1, 0, 0, 0, 0, 0, 0, 1),
	(1, 4, 1, 1, 1, 1, 1, 0, 0, 1, 0, 0, 0, 0, 0, 0, 1),
	(1, 3, 1, 1, 1, 1, 1, 0, 0, 1, 0, 0, 0, 0, 0, 0, 1),
	(1, 2, 1, 1, 1, 1, 1, 0, 0, 1, 0, 0, 0, 0, 0, 0, 1),
	(1, 12, 1, 1, 1, 1, 1, 0, 0, 1, 0, 0, 0, 0, 0, 0, 1),
	(1, 11, 1, 1, 1, 1, 1, 0, 0, 1, 0, 0, 0, 0, 0, 0, 1),
	(1, 10, 1, 1, 1, 1, 1, 0, 0, 1, 0, 0, 0, 0, 0, 0, 1),
	(1, 9, 1, 1, 1, 1, 1, 0, 0, 1, 0, 0, 0, 0, 0, 0, 1),
	(1, 8, 1, 1, 1, 1, 1, 0, 0, 1, 0, 0, 0, 0, 0, 0, 1),
	(1, 7, 1, 1, 1, 1, 1, 0, 0, 1, 0, 0, 0, 0, 0, 0, 1),
	(1, 1, 1, 1, 1, 1, 1, 0, 0, 1, 0, 0, 0, 0, 0, 0, 1),
	(2, 1, 0, 0, 0, 0, 0, 0, 0, 0, 0, 0, 0, 0, 0, 0, 0),
	(2, 4, 0, 0, 0, 0, 0, 0, 0, 0, 0, 0, 0, 0, 0, 0, 0),
	(2, 5, 0, 0, 0, 0, 0, 0, 0, 0, 0, 0, 0, 0, 0, 0, 0),
	(2, 6, 0, 0, 0, 0, 0, 0, 0, 0, 0, 0, 0, 0, 0, 0, 0),
	(2, 7, 0, 0, 0, 0, 0, 0, 0, 0, 0, 0, 0, 0, 0, 0, 0),
	(2, 8, 0, 0, 0, 0, 0, 0, 0, 0, 0, 0, 0, 0, 0, 0, 0),
	(2, 9, 0, 0, 0, 0, 0, 0, 0, 0, 0, 0, 0, 0, 0, 0, 0),
	(2, 10, 0, 0, 0, 0, 0, 0, 0, 0, 0, 0, 0, 0, 0, 0, 0),
	(2, 11, 0, 0, 0, 0, 0, 0, 0, 0, 0, 0, 0, 0, 0, 0, 0),
	(2, 12, 0, 0, 0, 0, 0, 0, 0, 0, 0, 0, 0, 0, 0, 0, 0),
	(2, 2, 0, 0, 0, 0, 0, 0, 0, 0, 0, 0, 0, 0, 0, 0, 0),
	(2, 3, 0, 0, 0, 0, 0, 0, 0, 0, 0, 0, 0, 0, 0, 0, 0),
	(2, 13, 0, 0, 0, 0, 0, 0, 0, 0, 0, 0, 0, 0, 0, 0, 0),
	(2, 14, 0, 0, 0, 0, 0, 0, 0, 0, 0, 0, 0, 0, 0, 0, 0),
	(2, 15, 0, 0, 0, 0, 0, 0, 0, 0, 0, 0, 0, 0, 0, 0, 0),
	(2, 16, 0, 0, 0, 0, 0, 0, 0, 0, 0, 0, 0, 0, 0, 0, 0),
	(2, 17, 0, 0, 0, 0, 0, 0, 0, 0, 0, 0, 0, 0, 0, 0, 0),
	(2, 18, 0, 0, 0, 0, 0, 0, 0, 0, 0, 0, 0, 0, 0, 0, 0),
	(2, 19, 0, 0, 0, 0, 0, 0, 0, 0, 0, 0, 0, 0, 0, 0, 0),
	(2, 20, 0, 0, 0, 0, 0, 0, 0, 0, 0, 0, 0, 0, 0, 0, 0),
	(2, 21, 0, 0, 0, 0, 0, 0, 0, 0, 0, 0, 0, 0, 0, 0, 0),
	(2, 22, 0, 0, 0, 0, 0, 0, 0, 0, 0, 0, 0, 0, 0, 0, 0),
	(2, 23, 0, 0, 0, 0, 0, 0, 0, 0, 0, 0, 0, 0, 0, 0, 0),
	(2, 24, 0, 0, 0, 0, 0, 0, 0, 0, 0, 0, 0, 0, 0, 0, 0),
	(2, 25, 0, 0, 0, 0, 0, 0, 0, 0, 0, 0, 0, 0, 0, 0, 0),
	(2, 26, 0, 0, 0, 0, 0, 0, 0, 0, 0, 0, 0, 0, 0, 0, 0),
	(2, 27, 0, 0, 0, 0, 0, 0, 0, 0, 0, 0, 0, 0, 0, 0, 0),
	(2, 28, 0, 0, 0, 0, 0, 0, 0, 0, 0, 0, 0, 0, 0, 0, 0),
	(2, 29, 0, 0, 0, 0, 0, 0, 0, 0, 0, 0, 0, 0, 0, 0, 0),
	(2, 30, 0, 0, 0, 0, 0, 0, 0, 0, 0, 0, 0, 0, 0, 0, 0),
	(2, 31, 0, 0, 0, 0, 0, 0, 0, 0, 0, 0, 0, 0, 0, 0, 0),
	(2, 32, 0, 0, 0, 0, 0, 0, 0, 0, 0, 0, 0, 0, 0, 0, 0),
	(2, 33, 0, 0, 0, 0, 0, 0, 0, 0, 0, 0, 0, 0, 0, 0, 0),
	(2, 34, 0, 0, 0, 0, 0, 0, 0, 0, 0, 0, 0, 0, 0, 0, 0),
	(2, 35, 0, 0, 0, 0, 0, 0, 0, 0, 0, 0, 0, 0, 0, 0, 0),
	(2, 36, 0, 0, 0, 0, 0, 0, 0, 0, 0, 0, 0, 0, 0, 0, 0),
	(2, 37, 0, 0, 0, 0, 0, 0, 0, 0, 0, 0, 0, 0, 0, 0, 0),
	(2, 38, 0, 0, 0, 0, 0, 0, 0, 0, 0, 0, 0, 0, 0, 0, 0),
	(2, 39, 0, 0, 0, 0, 0, 0, 0, 0, 0, 0, 0, 0, 0, 0, 0),
	(2, 40, 0, 0, 0, 0, 0, 0, 0, 0, 0, 0, 0, 0, 0, 0, 0),
	(2, 41, 0, 0, 0, 0, 0, 0, 0, 0, 0, 0, 0, 0, 0, 0, 0),
	(2, 42, 0, 0, 0, 0, 0, 0, 0, 0, 0, 0, 0, 0, 0, 0, 0),
	(2, 43, 0, 0, 0, 0, 0, 0, 0, 0, 0, 0, 0, 0, 0, 0, 0),
	(2, 44, 0, 0, 0, 0, 0, 0, 0, 0, 0, 0, 0, 0, 0, 0, 0),
	(2, 45, 0, 0, 0, 0, 0, 0, 0, 0, 0, 0, 0, 0, 0, 0, 0),
	(2, 46, 0, 0, 0, 0, 0, 0, 0, 0, 0, 0, 0, 0, 0, 0, 0),
	(2, 47, 0, 0, 0, 0, 0, 0, 0, 0, 0, 0, 0, 0, 0, 0, 0),
	(2, 48, 0, 0, 0, 0, 0, 0, 0, 0, 0, 0, 0, 0, 0, 0, 0),
	(2, 49, 0, 0, 0, 0, 0, 0, 0, 0, 0, 0, 0, 0, 0, 0, 0),
	(2, 50, 0, 0, 0, 0, 0, 0, 0, 0, 0, 0, 0, 0, 0, 0, 0),
	(2, 51, 0, 0, 0, 0, 0, 0, 0, 0, 0, 0, 0, 0, 0, 0, 0),
	(2, 52, 0, 0, 0, 0, 0, 0, 0, 0, 0, 0, 0, 0, 0, 0, 0),
	(2, 53, 0, 0, 0, 0, 0, 0, 0, 0, 0, 0, 0, 0, 0, 0, 0),
	(3, 1, 0, 0, 0, 0, 0, 0, 0, 0, 0, 0, 0, 0, 0, 0, 0),
	(3, 4, 0, 0, 0, 0, 0, 0, 0, 0, 0, 0, 0, 0, 0, 0, 0),
	(3, 5, 0, 0, 0, 0, 0, 0, 0, 0, 0, 0, 0, 0, 0, 0, 0),
	(3, 6, 0, 0, 0, 0, 0, 0, 0, 0, 0, 0, 0, 0, 0, 0, 0),
	(3, 7, 0, 0, 0, 0, 0, 0, 0, 0, 0, 0, 0, 0, 0, 0, 0),
	(3, 8, 0, 0, 0, 0, 0, 0, 0, 0, 0, 0, 0, 0, 0, 0, 0),
	(3, 9, 0, 0, 0, 0, 0, 0, 0, 0, 0, 0, 0, 0, 0, 0, 0),
	(3, 10, 0, 0, 0, 0, 0, 0, 0, 0, 0, 0, 0, 0, 0, 0, 0),
	(3, 11, 0, 0, 0, 0, 0, 0, 0, 0, 0, 0, 0, 0, 0, 0, 0),
	(3, 12, 0, 0, 0, 0, 0, 0, 0, 0, 0, 0, 0, 0, 0, 0, 0),
	(3, 2, 0, 0, 0, 0, 0, 0, 0, 0, 0, 0, 0, 0, 0, 0, 0),
	(3, 3, 0, 0, 0, 0, 0, 0, 0, 0, 0, 0, 0, 0, 0, 0, 0),
	(3, 13, 0, 0, 0, 0, 0, 0, 0, 0, 0, 0, 0, 0, 0, 0, 0),
	(3, 14, 0, 0, 0, 0, 0, 0, 0, 0, 0, 0, 0, 0, 0, 0, 0),
	(3, 15, 0, 0, 0, 0, 0, 0, 0, 0, 0, 0, 0, 0, 0, 0, 0),
	(3, 16, 0, 0, 0, 0, 0, 0, 0, 0, 0, 0, 0, 0, 0, 0, 0),
	(3, 17, 0, 0, 0, 0, 0, 0, 0, 0, 0, 0, 0, 0, 0, 0, 0),
	(3, 18, 0, 0, 0, 0, 0, 0, 0, 0, 0, 0, 0, 0, 0, 0, 0),
	(3, 19, 0, 0, 0, 0, 0, 0, 0, 0, 0, 0, 0, 0, 0, 0, 0),
	(3, 20, 0, 0, 0, 0, 0, 0, 0, 0, 0, 0, 0, 0, 0, 0, 0),
	(3, 21, 0, 0, 0, 0, 0, 0, 0, 0, 0, 0, 0, 0, 0, 0, 0),
	(3, 22, 0, 0, 0, 0, 0, 0, 0, 0, 0, 0, 0, 0, 0, 0, 0),
	(3, 23, 0, 0, 0, 0, 0, 0, 0, 0, 0, 0, 0, 0, 0, 0, 0),
	(3, 24, 0, 0, 0, 0, 0, 0, 0, 0, 0, 0, 0, 0, 0, 0, 0),
	(3, 25, 0, 0, 0, 0, 0, 0, 0, 0, 0, 0, 0, 0, 0, 0, 0),
	(3, 26, 0, 0, 0, 0, 0, 0, 0, 0, 0, 0, 0, 0, 0, 0, 0),
	(3, 27, 0, 0, 0, 0, 0, 0, 0, 0, 0, 0, 0, 0, 0, 0, 0),
	(3, 28, 0, 0, 0, 0, 0, 0, 0, 0, 0, 0, 0, 0, 0, 0, 0),
	(3, 29, 0, 0, 0, 0, 0, 0, 0, 0, 0, 0, 0, 0, 0, 0, 0),
	(3, 30, 0, 0, 0, 0, 0, 0, 0, 0, 0, 0, 0, 0, 0, 0, 0),
	(3, 31, 0, 0, 0, 0, 0, 0, 0, 0, 0, 0, 0, 0, 0, 0, 0),
	(3, 32, 0, 0, 0, 0, 0, 0, 0, 0, 0, 0, 0, 0, 0, 0, 0),
	(3, 33, 0, 0, 0, 0, 0, 0, 0, 0, 0, 0, 0, 0, 0, 0, 0),
	(3, 34, 0, 0, 0, 0, 0, 0, 0, 0, 0, 0, 0, 0, 0, 0, 0),
	(3, 35, 0, 0, 0, 0, 0, 0, 0, 0, 0, 0, 0, 0, 0, 0, 0),
	(3, 36, 0, 0, 0, 0, 0, 0, 0, 0, 0, 0, 0, 0, 0, 0, 0),
	(3, 37, 0, 0, 0, 0, 0, 0, 0, 0, 0, 0, 0, 0, 0, 0, 0),
	(3, 38, 0, 0, 0, 0, 0, 0, 0, 0, 0, 0, 0, 0, 0, 0, 0),
	(3, 39, 0, 0, 0, 0, 0, 0, 0, 0, 0, 0, 0, 0, 0, 0, 0),
	(3, 40, 0, 0, 0, 0, 0, 0, 0, 0, 0, 0, 0, 0, 0, 0, 0),
	(3, 41, 0, 0, 0, 0, 0, 0, 0, 0, 0, 0, 0, 0, 0, 0, 0),
	(3, 42, 0, 0, 0, 0, 0, 0, 0, 0, 0, 0, 0, 0, 0, 0, 0),
	(3, 43, 0, 0, 0, 0, 0, 0, 0, 0, 0, 0, 0, 0, 0, 0, 0),
	(3, 44, 0, 0, 0, 0, 0, 0, 0, 0, 0, 0, 0, 0, 0, 0, 0),
	(3, 45, 0, 0, 0, 0, 0, 0, 0, 0, 0, 0, 0, 0, 0, 0, 0),
	(3, 46, 0, 0, 0, 0, 0, 0, 0, 0, 0, 0, 0, 0, 0, 0, 0),
	(3, 47, 0, 0, 0, 0, 0, 0, 0, 0, 0, 0, 0, 0, 0, 0, 0),
	(3, 48, 0, 0, 0, 0, 0, 0, 0, 0, 0, 0, 0, 0, 0, 0, 0),
	(3, 49, 0, 0, 0, 0, 0, 0, 0, 0, 0, 0, 0, 0, 0, 0, 0),
	(3, 50, 0, 0, 0, 0, 0, 0, 0, 0, 0, 0, 0, 0, 0, 0, 0),
	(3, 51, 0, 0, 0, 0, 0, 0, 0, 0, 0, 0, 0, 0, 0, 0, 0),
	(3, 52, 0, 0, 0, 0, 0, 0, 0, 0, 0, 0, 0, 0, 0, 0, 0),
	(3, 53, 0, 0, 0, 0, 0, 0, 0, 0, 0, 0, 0, 0, 0, 0, 0),
	(4, 1, 0, 0, 0, 0, 0, 0, 0, 0, 0, 0, 0, 0, 0, 0, 0),
	(4, 8, 0, 0, 0, 0, 0, 0, 0, 0, 0, 0, 0, 0, 0, 0, 0),
	(4, 9, 0, 0, 0, 0, 0, 0, 0, 0, 0, 0, 0, 0, 0, 0, 0),
	(4, 10, 1, 0, 0, 0, 0, 0, 0, 0, 0, 0, 0, 0, 0, 0, 0),
	(4, 11, 0, 0, 0, 0, 0, 0, 0, 0, 0, 0, 0, 0, 0, 0, 0),
	(4, 12, 0, 0, 0, 0, 0, 0, 0, 0, 0, 0, 0, 0, 0, 0, 0),
	(4, 2, 0, 0, 0, 0, 0, 0, 0, 0, 0, 0, 0, 0, 0, 0, 0),
	(4, 3, 0, 0, 0, 0, 0, 0, 0, 0, 0, 0, 0, 0, 0, 0, 0),
	(4, 4, 0, 0, 0, 0, 0, 0, 0, 0, 0, 0, 0, 0, 0, 0, 0),
	(4, 5, 0, 0, 0, 0, 0, 0, 0, 0, 0, 0, 0, 0, 0, 0, 0),
	(4, 6, 0, 0, 0, 0, 0, 0, 0, 0, 0, 0, 0, 0, 0, 0, 0),
	(4, 7, 0, 0, 0, 0, 0, 0, 0, 0, 0, 0, 0, 0, 0, 0, 0),
	(4, 13, 0, 0, 0, 0, 0, 0, 0, 0, 0, 0, 0, 0, 0, 0, 0),
	(4, 14, 0, 0, 0, 0, 0, 0, 0, 0, 0, 0, 0, 0, 0, 0, 0),
	(4, 15, 0, 0, 0, 0, 0, 0, 0, 0, 0, 0, 0, 0, 0, 0, 0),
	(4, 16, 0, 0, 0, 0, 0, 0, 0, 0, 0, 0, 0, 0, 0, 0, 0),
	(4, 17, 0, 0, 0, 0, 0, 0, 0, 0, 0, 0, 0, 0, 0, 0, 0),
	(4, 18, 0, 0, 0, 0, 0, 0, 0, 0, 0, 0, 0, 0, 0, 0, 0),
	(4, 19, 0, 0, 0, 0, 0, 0, 0, 0, 0, 0, 0, 0, 0, 0, 0),
	(4, 20, 0, 0, 0, 0, 0, 0, 0, 0, 0, 0, 0, 0, 0, 0, 0),
	(4, 21, 0, 0, 0, 0, 0, 0, 0, 0, 0, 0, 0, 0, 0, 0, 0),
	(4, 22, 0, 0, 0, 0, 0, 0, 0, 0, 0, 0, 0, 0, 0, 0, 0),
	(4, 23, 0, 0, 0, 0, 0, 0, 0, 0, 0, 0, 0, 0, 0, 0, 0),
	(4, 24, 0, 0, 0, 0, 0, 0, 0, 0, 0, 0, 0, 0, 0, 0, 0),
	(4, 25, 0, 0, 0, 0, 0, 0, 0, 0, 0, 0, 0, 0, 0, 0, 0),
	(4, 26, 0, 0, 0, 0, 0, 0, 0, 0, 0, 0, 0, 0, 0, 0, 0),
	(4, 27, 0, 0, 0, 0, 0, 0, 0, 0, 0, 0, 0, 0, 0, 0, 0),
	(4, 28, 0, 0, 0, 0, 0, 0, 0, 0, 0, 0, 0, 0, 0, 0, 0),
	(4, 29, 0, 0, 0, 0, 0, 0, 0, 0, 0, 0, 0, 0, 0, 0, 0),
	(4, 30, 0, 0, 0, 0, 0, 0, 0, 0, 0, 0, 0, 0, 0, 0, 0),
	(4, 31, 0, 0, 0, 0, 0, 0, 0, 0, 0, 0, 0, 0, 0, 0, 0),
	(4, 32, 0, 0, 0, 0, 0, 0, 0, 0, 0, 0, 0, 0, 0, 0, 0),
	(4, 33, 0, 0, 0, 0, 0, 0, 0, 0, 0, 0, 0, 0, 0, 0, 0),
	(4, 34, 0, 0, 0, 0, 0, 0, 0, 0, 0, 0, 0, 0, 0, 0, 0),
	(4, 35, 0, 0, 0, 0, 0, 0, 0, 0, 0, 0, 0, 0, 0, 0, 0),
	(4, 36, 0, 0, 0, 0, 0, 0, 0, 0, 0, 0, 0, 0, 0, 0, 0),
	(4, 37, 0, 0, 0, 0, 0, 0, 0, 0, 0, 0, 0, 0, 0, 0, 0),
	(4, 38, 0, 0, 0, 0, 0, 0, 0, 0, 0, 0, 0, 0, 0, 0, 0),
	(4, 39, 0, 0, 0, 0, 0, 0, 0, 0, 0, 0, 0, 0, 0, 0, 0),
	(4, 40, 0, 0, 0, 0, 0, 0, 0, 0, 0, 0, 0, 0, 0, 0, 0),
	(4, 41, 0, 0, 0, 0, 0, 0, 0, 0, 0, 0, 0, 0, 0, 0, 0),
	(4, 49, 0, 0, 0, 0, 0, 0, 0, 0, 0, 0, 0, 0, 0, 0, 0),
	(4, 50, 1, 1, 1, 1, 1, 0, 0, 1, 0, 0, 0, 0, 0, 0, 1),
	(4, 51, 0, 0, 0, 0, 0, 0, 0, 0, 0, 0, 0, 0, 0, 0, 0),
	(4, 52, 0, 0, 0, 0, 0, 0, 0, 0, 0, 0, 0, 0, 0, 0, 0),
	(4, 42, 0, 0, 0, 0, 0, 0, 0, 0, 0, 0, 0, 0, 0, 0, 0),
	(4, 43, 0, 0, 0, 0, 0, 0, 0, 0, 0, 0, 0, 0, 0, 0, 0),
	(4, 44, 1, 1, 1, 1, 1, 0, 0, 1, 0, 0, 0, 0, 0, 0, 1),
	(4, 45, 1, 1, 1, 1, 1, 0, 0, 1, 0, 0, 0, 0, 0, 0, 1),
	(4, 46, 1, 1, 1, 1, 1, 0, 0, 1, 0, 0, 0, 0, 0, 0, 1),
	(4, 47, 1, 1, 1, 1, 1, 0, 0, 1, 0, 0, 0, 0, 0, 0, 1),
	(4, 48, 0, 0, 0, 0, 0, 0, 0, 0, 0, 0, 0, 0, 0, 0, 0),
	(4, 53, 0, 0, 0, 0, 0, 0, 0, 0, 0, 0, 0, 0, 0, 0, 0),
	(5, 1, 0, 0, 0, 0, 0, 0, 0, 0, 0, 0, 0, 0, 0, 0, 0),
	(5, 4, 0, 0, 0, 0, 0, 0, 0, 0, 0, 0, 0, 0, 0, 0, 0),
	(5, 5, 0, 0, 0, 0, 0, 0, 0, 0, 0, 0, 0, 0, 0, 0, 0),
	(5, 6, 0, 0, 0, 0, 0, 0, 0, 0, 0, 0, 0, 0, 0, 0, 0),
	(5, 7, 0, 0, 0, 0, 0, 0, 0, 0, 0, 0, 0, 0, 0, 0, 0),
	(5, 8, 0, 0, 0, 0, 0, 0, 0, 0, 0, 0, 0, 0, 0, 0, 0),
	(5, 9, 0, 0, 0, 0, 0, 0, 0, 0, 0, 0, 0, 0, 0, 0, 0),
	(5, 10, 0, 0, 0, 0, 0, 0, 0, 0, 0, 0, 0, 0, 0, 0, 0),
	(5, 11, 0, 0, 0, 0, 0, 0, 0, 0, 0, 0, 0, 0, 0, 0, 0),
	(5, 12, 0, 0, 0, 0, 0, 0, 0, 0, 0, 0, 0, 0, 0, 0, 0),
	(5, 2, 0, 0, 0, 0, 0, 0, 0, 0, 0, 0, 0, 0, 0, 0, 0),
	(5, 3, 0, 0, 0, 0, 0, 0, 0, 0, 0, 0, 0, 0, 0, 0, 0),
	(5, 13, 0, 0, 0, 0, 0, 0, 0, 0, 0, 0, 0, 0, 0, 0, 0),
	(5, 14, 0, 0, 0, 0, 0, 0, 0, 0, 0, 0, 0, 0, 0, 0, 0),
	(5, 15, 0, 0, 0, 0, 0, 0, 0, 0, 0, 0, 0, 0, 0, 0, 0),
	(5, 16, 0, 0, 0, 0, 0, 0, 0, 0, 0, 0, 0, 0, 0, 0, 0),
	(5, 17, 0, 0, 0, 0, 0, 0, 0, 0, 0, 0, 0, 0, 0, 0, 0),
	(5, 18, 0, 0, 0, 0, 0, 0, 0, 0, 0, 0, 0, 0, 0, 0, 0),
	(5, 19, 0, 0, 0, 0, 0, 0, 0, 0, 0, 0, 0, 0, 0, 0, 0),
	(5, 20, 0, 0, 0, 0, 0, 0, 0, 0, 0, 0, 0, 0, 0, 0, 0),
	(5, 21, 0, 0, 0, 0, 0, 0, 0, 0, 0, 0, 0, 0, 0, 0, 0),
	(5, 22, 0, 0, 0, 0, 0, 0, 0, 0, 0, 0, 0, 0, 0, 0, 0),
	(5, 23, 0, 0, 0, 0, 0, 0, 0, 0, 0, 0, 0, 0, 0, 0, 0),
	(5, 24, 0, 0, 0, 0, 0, 0, 0, 0, 0, 0, 0, 0, 0, 0, 0),
	(5, 25, 0, 0, 0, 0, 0, 0, 0, 0, 0, 0, 0, 0, 0, 0, 0),
	(5, 26, 0, 0, 0, 0, 0, 0, 0, 0, 0, 0, 0, 0, 0, 0, 0),
	(5, 27, 0, 0, 0, 0, 0, 0, 0, 0, 0, 0, 0, 0, 0, 0, 0),
	(5, 28, 0, 0, 0, 0, 0, 0, 0, 0, 0, 0, 0, 0, 0, 0, 0),
	(5, 29, 0, 0, 0, 0, 0, 0, 0, 0, 0, 0, 0, 0, 0, 0, 0),
	(5, 30, 0, 0, 0, 0, 0, 0, 0, 0, 0, 0, 0, 0, 0, 0, 0),
	(5, 31, 0, 0, 0, 0, 0, 0, 0, 0, 0, 0, 0, 0, 0, 0, 0),
	(5, 32, 0, 0, 0, 0, 0, 0, 0, 0, 0, 0, 0, 0, 0, 0, 0),
	(5, 33, 0, 0, 0, 0, 0, 0, 0, 0, 0, 0, 0, 0, 0, 0, 0),
	(5, 34, 0, 0, 0, 0, 0, 0, 0, 0, 0, 0, 0, 0, 0, 0, 0),
	(5, 35, 0, 0, 0, 0, 0, 0, 0, 0, 0, 0, 0, 0, 0, 0, 0),
	(5, 36, 0, 0, 0, 0, 0, 0, 0, 0, 0, 0, 0, 0, 0, 0, 0),
	(5, 37, 0, 0, 0, 0, 0, 0, 0, 0, 0, 0, 0, 0, 0, 0, 0),
	(5, 38, 0, 0, 0, 0, 0, 0, 0, 0, 0, 0, 0, 0, 0, 0, 0),
	(5, 39, 0, 0, 0, 0, 0, 0, 0, 0, 0, 0, 0, 0, 0, 0, 0),
	(5, 40, 0, 0, 0, 0, 0, 0, 0, 0, 0, 0, 0, 0, 0, 0, 0),
	(5, 41, 0, 0, 0, 0, 0, 0, 0, 0, 0, 0, 0, 0, 0, 0, 0),
	(5, 42, 0, 0, 0, 0, 0, 0, 0, 0, 0, 0, 0, 0, 0, 0, 0),
	(5, 43, 0, 0, 0, 0, 0, 0, 0, 0, 0, 0, 0, 0, 0, 0, 0),
	(5, 44, 0, 0, 0, 0, 0, 0, 0, 0, 0, 0, 0, 0, 0, 0, 0),
	(5, 45, 0, 0, 0, 0, 0, 0, 0, 0, 0, 0, 0, 0, 0, 0, 0),
	(5, 46, 0, 0, 0, 0, 0, 0, 0, 0, 0, 0, 0, 0, 0, 0, 0),
	(5, 47, 0, 0, 0, 0, 0, 0, 0, 0, 0, 0, 0, 0, 0, 0, 0),
	(5, 48, 0, 0, 0, 0, 0, 0, 0, 0, 0, 0, 0, 0, 0, 0, 0),
	(5, 49, 0, 0, 0, 0, 0, 0, 0, 0, 0, 0, 0, 0, 0, 0, 0),
	(5, 50, 0, 0, 0, 0, 0, 0, 0, 0, 0, 0, 0, 0, 0, 0, 0),
	(5, 51, 0, 0, 0, 0, 0, 0, 0, 0, 0, 0, 0, 0, 0, 0, 0),
	(5, 52, 0, 0, 0, 0, 0, 0, 0, 0, 0, 0, 0, 0, 0, 0, 0),
	(5, 53, 0, 0, 0, 0, 0, 0, 0, 0, 0, 0, 0, 0, 0, 0, 0),
	(6, 1, 0, 0, 0, 0, 0, 0, 0, 0, 0, 0, 0, 0, 0, 0, 0),
	(6, 4, 0, 0, 0, 0, 0, 0, 0, 0, 0, 0, 0, 0, 0, 0, 0),
	(6, 5, 0, 0, 0, 0, 0, 0, 0, 0, 0, 0, 0, 0, 0, 0, 0),
	(6, 6, 0, 0, 0, 0, 0, 0, 0, 0, 0, 0, 0, 0, 0, 0, 0),
	(6, 7, 0, 0, 0, 0, 0, 0, 0, 0, 0, 0, 0, 0, 0, 0, 0),
	(6, 8, 0, 0, 0, 0, 0, 0, 0, 0, 0, 0, 0, 0, 0, 0, 0),
	(6, 9, 0, 0, 0, 0, 0, 0, 0, 0, 0, 0, 0, 0, 0, 0, 0),
	(6, 10, 0, 0, 0, 0, 0, 0, 0, 0, 0, 0, 0, 0, 0, 0, 0),
	(6, 11, 0, 0, 0, 0, 0, 0, 0, 0, 0, 0, 0, 0, 0, 0, 0),
	(6, 12, 0, 0, 0, 0, 0, 0, 0, 0, 0, 0, 0, 0, 0, 0, 0),
	(6, 2, 0, 0, 0, 0, 0, 0, 0, 0, 0, 0, 0, 0, 0, 0, 0),
	(6, 3, 0, 0, 0, 0, 0, 0, 0, 0, 0, 0, 0, 0, 0, 0, 0),
	(6, 13, 0, 0, 0, 0, 0, 0, 0, 0, 0, 0, 0, 0, 0, 0, 0),
	(6, 14, 0, 0, 0, 0, 0, 0, 0, 0, 0, 0, 0, 0, 0, 0, 0),
	(6, 15, 0, 0, 0, 0, 0, 0, 0, 0, 0, 0, 0, 0, 0, 0, 0),
	(6, 16, 0, 0, 0, 0, 0, 0, 0, 0, 0, 0, 0, 0, 0, 0, 0),
	(6, 17, 0, 0, 0, 0, 0, 0, 0, 0, 0, 0, 0, 0, 0, 0, 0),
	(6, 18, 0, 0, 0, 0, 0, 0, 0, 0, 0, 0, 0, 0, 0, 0, 0),
	(6, 19, 0, 0, 0, 0, 0, 0, 0, 0, 0, 0, 0, 0, 0, 0, 0),
	(6, 20, 0, 0, 0, 0, 0, 0, 0, 0, 0, 0, 0, 0, 0, 0, 0),
	(6, 21, 0, 0, 0, 0, 0, 0, 0, 0, 0, 0, 0, 0, 0, 0, 0),
	(6, 22, 0, 0, 0, 0, 0, 0, 0, 0, 0, 0, 0, 0, 0, 0, 0),
	(6, 23, 0, 0, 0, 0, 0, 0, 0, 0, 0, 0, 0, 0, 0, 0, 0),
	(6, 24, 0, 0, 0, 0, 0, 0, 0, 0, 0, 0, 0, 0, 0, 0, 0),
	(6, 25, 0, 0, 0, 0, 0, 0, 0, 0, 0, 0, 0, 0, 0, 0, 0),
	(6, 26, 0, 0, 0, 0, 0, 0, 0, 0, 0, 0, 0, 0, 0, 0, 0),
	(6, 27, 0, 0, 0, 0, 0, 0, 0, 0, 0, 0, 0, 0, 0, 0, 0),
	(6, 28, 0, 0, 0, 0, 0, 0, 0, 0, 0, 0, 0, 0, 0, 0, 0),
	(6, 29, 0, 0, 0, 0, 0, 0, 0, 0, 0, 0, 0, 0, 0, 0, 0),
	(6, 30, 0, 0, 0, 0, 0, 0, 0, 0, 0, 0, 0, 0, 0, 0, 0),
	(6, 31, 0, 0, 0, 0, 0, 0, 0, 0, 0, 0, 0, 0, 0, 0, 0),
	(6, 32, 0, 0, 0, 0, 0, 0, 0, 0, 0, 0, 0, 0, 0, 0, 0),
	(6, 33, 0, 0, 0, 0, 0, 0, 0, 0, 0, 0, 0, 0, 0, 0, 0),
	(6, 34, 0, 0, 0, 0, 0, 0, 0, 0, 0, 0, 0, 0, 0, 0, 0),
	(6, 35, 0, 0, 0, 0, 0, 0, 0, 0, 0, 0, 0, 0, 0, 0, 0),
	(6, 36, 0, 0, 0, 0, 0, 0, 0, 0, 0, 0, 0, 0, 0, 0, 0),
	(6, 37, 0, 0, 0, 0, 0, 0, 0, 0, 0, 0, 0, 0, 0, 0, 0),
	(6, 38, 0, 0, 0, 0, 0, 0, 0, 0, 0, 0, 0, 0, 0, 0, 0),
	(6, 39, 0, 0, 0, 0, 0, 0, 0, 0, 0, 0, 0, 0, 0, 0, 0),
	(6, 40, 0, 0, 0, 0, 0, 0, 0, 0, 0, 0, 0, 0, 0, 0, 0),
	(6, 41, 0, 0, 0, 0, 0, 0, 0, 0, 0, 0, 0, 0, 0, 0, 0),
	(6, 42, 0, 0, 0, 0, 0, 0, 0, 0, 0, 0, 0, 0, 0, 0, 0),
	(6, 43, 0, 0, 0, 0, 0, 0, 0, 0, 0, 0, 0, 0, 0, 0, 0),
	(6, 44, 0, 0, 0, 0, 0, 0, 0, 0, 0, 0, 0, 0, 0, 0, 0),
	(6, 45, 0, 0, 0, 0, 0, 0, 0, 0, 0, 0, 0, 0, 0, 0, 0),
	(6, 46, 0, 0, 0, 0, 0, 0, 0, 0, 0, 0, 0, 0, 0, 0, 0),
	(6, 47, 0, 0, 0, 0, 0, 0, 0, 0, 0, 0, 0, 0, 0, 0, 0),
	(6, 48, 0, 0, 0, 0, 0, 0, 0, 0, 0, 0, 0, 0, 0, 0, 0),
	(6, 49, 0, 0, 0, 0, 0, 0, 0, 0, 0, 0, 0, 0, 0, 0, 0),
	(6, 50, 0, 0, 0, 0, 0, 0, 0, 0, 0, 0, 0, 0, 0, 0, 0),
	(6, 51, 0, 0, 0, 0, 0, 0, 0, 0, 0, 0, 0, 0, 0, 0, 0),
	(6, 52, 0, 0, 0, 0, 0, 0, 0, 0, 0, 0, 0, 0, 0, 0, 0),
	(6, 53, 0, 0, 0, 0, 0, 0, 0, 0, 0, 0, 0, 0, 0, 0, 0),
	(7, 1, 0, 0, 0, 0, 0, 0, 0, 0, 0, 0, 0, 0, 0, 0, 0),
	(7, 4, 0, 0, 0, 0, 0, 0, 0, 0, 0, 0, 0, 0, 0, 0, 0),
	(7, 5, 0, 0, 0, 0, 0, 0, 0, 0, 0, 0, 0, 0, 0, 0, 0),
	(7, 6, 0, 0, 0, 0, 0, 0, 0, 0, 0, 0, 0, 0, 0, 0, 0),
	(7, 7, 0, 0, 0, 0, 0, 0, 0, 0, 0, 0, 0, 0, 0, 0, 0),
	(7, 8, 0, 0, 0, 0, 0, 0, 0, 0, 0, 0, 0, 0, 0, 0, 0),
	(7, 9, 0, 0, 0, 0, 0, 0, 0, 0, 0, 0, 0, 0, 0, 0, 0),
	(7, 10, 0, 0, 0, 0, 0, 0, 0, 0, 0, 0, 0, 0, 0, 0, 0),
	(7, 11, 0, 0, 0, 0, 0, 0, 0, 0, 0, 0, 0, 0, 0, 0, 0),
	(7, 12, 0, 0, 0, 0, 0, 0, 0, 0, 0, 0, 0, 0, 0, 0, 0),
	(7, 2, 0, 0, 0, 0, 0, 0, 0, 0, 0, 0, 0, 0, 0, 0, 0),
	(7, 3, 0, 0, 0, 0, 0, 0, 0, 0, 0, 0, 0, 0, 0, 0, 0),
	(7, 13, 0, 0, 0, 0, 0, 0, 0, 0, 0, 0, 0, 0, 0, 0, 0),
	(7, 14, 0, 0, 0, 0, 0, 0, 0, 0, 0, 0, 0, 0, 0, 0, 0),
	(7, 15, 0, 0, 0, 0, 0, 0, 0, 0, 0, 0, 0, 0, 0, 0, 0),
	(7, 16, 0, 0, 0, 0, 0, 0, 0, 0, 0, 0, 0, 0, 0, 0, 0),
	(7, 17, 0, 0, 0, 0, 0, 0, 0, 0, 0, 0, 0, 0, 0, 0, 0),
	(7, 18, 0, 0, 0, 0, 0, 0, 0, 0, 0, 0, 0, 0, 0, 0, 0),
	(7, 19, 0, 0, 0, 0, 0, 0, 0, 0, 0, 0, 0, 0, 0, 0, 0),
	(7, 20, 0, 0, 0, 0, 0, 0, 0, 0, 0, 0, 0, 0, 0, 0, 0),
	(7, 21, 0, 0, 0, 0, 0, 0, 0, 0, 0, 0, 0, 0, 0, 0, 0),
	(7, 22, 0, 0, 0, 0, 0, 0, 0, 0, 0, 0, 0, 0, 0, 0, 0),
	(7, 23, 0, 0, 0, 0, 0, 0, 0, 0, 0, 0, 0, 0, 0, 0, 0),
	(7, 24, 0, 0, 0, 0, 0, 0, 0, 0, 0, 0, 0, 0, 0, 0, 0),
	(7, 25, 0, 0, 0, 0, 0, 0, 0, 0, 0, 0, 0, 0, 0, 0, 0),
	(7, 26, 0, 0, 0, 0, 0, 0, 0, 0, 0, 0, 0, 0, 0, 0, 0),
	(7, 27, 0, 0, 0, 0, 0, 0, 0, 0, 0, 0, 0, 0, 0, 0, 0),
	(7, 28, 0, 0, 0, 0, 0, 0, 0, 0, 0, 0, 0, 0, 0, 0, 0),
	(7, 29, 0, 0, 0, 0, 0, 0, 0, 0, 0, 0, 0, 0, 0, 0, 0),
	(7, 30, 0, 0, 0, 0, 0, 0, 0, 0, 0, 0, 0, 0, 0, 0, 0),
	(7, 31, 0, 0, 0, 0, 0, 0, 0, 0, 0, 0, 0, 0, 0, 0, 0),
	(7, 32, 0, 0, 0, 0, 0, 0, 0, 0, 0, 0, 0, 0, 0, 0, 0),
	(7, 33, 0, 0, 0, 0, 0, 0, 0, 0, 0, 0, 0, 0, 0, 0, 0),
	(7, 34, 0, 0, 0, 0, 0, 0, 0, 0, 0, 0, 0, 0, 0, 0, 0),
	(7, 35, 0, 0, 0, 0, 0, 0, 0, 0, 0, 0, 0, 0, 0, 0, 0),
	(7, 36, 0, 0, 0, 0, 0, 0, 0, 0, 0, 0, 0, 0, 0, 0, 0),
	(7, 37, 0, 0, 0, 0, 0, 0, 0, 0, 0, 0, 0, 0, 0, 0, 0),
	(7, 38, 0, 0, 0, 0, 0, 0, 0, 0, 0, 0, 0, 0, 0, 0, 0),
	(7, 39, 0, 0, 0, 0, 0, 0, 0, 0, 0, 0, 0, 0, 0, 0, 0),
	(7, 40, 0, 0, 0, 0, 0, 0, 0, 0, 0, 0, 0, 0, 0, 0, 0),
	(7, 41, 0, 0, 0, 0, 0, 0, 0, 0, 0, 0, 0, 0, 0, 0, 0),
	(7, 42, 0, 0, 0, 0, 0, 0, 0, 0, 0, 0, 0, 0, 0, 0, 0),
	(7, 43, 0, 0, 0, 0, 0, 0, 0, 0, 0, 0, 0, 0, 0, 0, 0),
	(7, 44, 0, 0, 0, 0, 0, 0, 0, 0, 0, 0, 0, 0, 0, 0, 0),
	(7, 45, 0, 0, 0, 0, 0, 0, 0, 0, 0, 0, 0, 0, 0, 0, 0),
	(7, 46, 0, 0, 0, 0, 0, 0, 0, 0, 0, 0, 0, 0, 0, 0, 0),
	(7, 47, 0, 0, 0, 0, 0, 0, 0, 0, 0, 0, 0, 0, 0, 0, 0),
	(7, 48, 0, 0, 0, 0, 0, 0, 0, 0, 0, 0, 0, 0, 0, 0, 0),
	(7, 49, 0, 0, 0, 0, 0, 0, 0, 0, 0, 0, 0, 0, 0, 0, 0),
	(7, 50, 0, 0, 0, 0, 0, 0, 0, 0, 0, 0, 0, 0, 0, 0, 0),
	(7, 51, 0, 0, 0, 0, 0, 0, 0, 0, 0, 0, 0, 0, 0, 0, 0),
	(7, 52, 0, 0, 0, 0, 0, 0, 0, 0, 0, 0, 0, 0, 0, 0, 0),
	(7, 53, 0, 0, 0, 0, 0, 0, 0, 0, 0, 0, 0, 0, 0, 0, 0),
	(8, 1, 0, 0, 0, 0, 0, 0, 0, 0, 0, 0, 0, 0, 0, 0, 0),
	(8, 4, 0, 0, 0, 0, 0, 0, 0, 0, 0, 0, 0, 0, 0, 0, 0),
	(8, 5, 0, 0, 0, 0, 0, 0, 0, 0, 0, 0, 0, 0, 0, 0, 0),
	(8, 6, 0, 0, 0, 0, 0, 0, 0, 0, 0, 0, 0, 0, 0, 0, 0),
	(8, 7, 0, 0, 0, 0, 0, 0, 0, 0, 0, 0, 0, 0, 0, 0, 0),
	(8, 8, 0, 0, 0, 0, 0, 0, 0, 0, 0, 0, 0, 0, 0, 0, 0),
	(8, 9, 0, 0, 0, 0, 0, 0, 0, 0, 0, 0, 0, 0, 0, 0, 0),
	(8, 10, 0, 0, 0, 0, 0, 0, 0, 0, 0, 0, 0, 0, 0, 0, 0),
	(8, 11, 0, 0, 0, 0, 0, 0, 0, 0, 0, 0, 0, 0, 0, 0, 0),
	(8, 12, 0, 0, 0, 0, 0, 0, 0, 0, 0, 0, 0, 0, 0, 0, 0),
	(8, 2, 0, 0, 0, 0, 0, 0, 0, 0, 0, 0, 0, 0, 0, 0, 0),
	(8, 3, 0, 0, 0, 0, 0, 0, 0, 0, 0, 0, 0, 0, 0, 0, 0),
	(8, 13, 0, 0, 0, 0, 0, 0, 0, 0, 0, 0, 0, 0, 0, 0, 0),
	(8, 14, 0, 0, 0, 0, 0, 0, 0, 0, 0, 0, 0, 0, 0, 0, 0),
	(8, 15, 0, 0, 0, 0, 0, 0, 0, 0, 0, 0, 0, 0, 0, 0, 0),
	(8, 16, 0, 0, 0, 0, 0, 0, 0, 0, 0, 0, 0, 0, 0, 0, 0),
	(8, 17, 0, 0, 0, 0, 0, 0, 0, 0, 0, 0, 0, 0, 0, 0, 0),
	(8, 18, 0, 0, 0, 0, 0, 0, 0, 0, 0, 0, 0, 0, 0, 0, 0),
	(8, 19, 0, 0, 0, 0, 0, 0, 0, 0, 0, 0, 0, 0, 0, 0, 0),
	(8, 20, 0, 0, 0, 0, 0, 0, 0, 0, 0, 0, 0, 0, 0, 0, 0),
	(8, 21, 0, 0, 0, 0, 0, 0, 0, 0, 0, 0, 0, 0, 0, 0, 0),
	(8, 22, 0, 0, 0, 0, 0, 0, 0, 0, 0, 0, 0, 0, 0, 0, 0),
	(8, 23, 0, 0, 0, 0, 0, 0, 0, 0, 0, 0, 0, 0, 0, 0, 0),
	(8, 24, 0, 0, 0, 0, 0, 0, 0, 0, 0, 0, 0, 0, 0, 0, 0),
	(8, 25, 0, 0, 0, 0, 0, 0, 0, 0, 0, 0, 0, 0, 0, 0, 0),
	(8, 26, 0, 0, 0, 0, 0, 0, 0, 0, 0, 0, 0, 0, 0, 0, 0),
	(8, 27, 0, 0, 0, 0, 0, 0, 0, 0, 0, 0, 0, 0, 0, 0, 0),
	(8, 28, 0, 0, 0, 0, 0, 0, 0, 0, 0, 0, 0, 0, 0, 0, 0),
	(8, 29, 0, 0, 0, 0, 0, 0, 0, 0, 0, 0, 0, 0, 0, 0, 0),
	(8, 30, 0, 0, 0, 0, 0, 0, 0, 0, 0, 0, 0, 0, 0, 0, 0),
	(8, 31, 0, 0, 0, 0, 0, 0, 0, 0, 0, 0, 0, 0, 0, 0, 0),
	(8, 32, 0, 0, 0, 0, 0, 0, 0, 0, 0, 0, 0, 0, 0, 0, 0),
	(8, 33, 0, 0, 0, 0, 0, 0, 0, 0, 0, 0, 0, 0, 0, 0, 0),
	(8, 34, 0, 0, 0, 0, 0, 0, 0, 0, 0, 0, 0, 0, 0, 0, 0),
	(8, 35, 0, 0, 0, 0, 0, 0, 0, 0, 0, 0, 0, 0, 0, 0, 0),
	(8, 36, 0, 0, 0, 0, 0, 0, 0, 0, 0, 0, 0, 0, 0, 0, 0),
	(8, 37, 0, 0, 0, 0, 0, 0, 0, 0, 0, 0, 0, 0, 0, 0, 0),
	(8, 38, 0, 0, 0, 0, 0, 0, 0, 0, 0, 0, 0, 0, 0, 0, 0),
	(8, 39, 0, 0, 0, 0, 0, 0, 0, 0, 0, 0, 0, 0, 0, 0, 0),
	(8, 40, 0, 0, 0, 0, 0, 0, 0, 0, 0, 0, 0, 0, 0, 0, 0),
	(8, 41, 0, 0, 0, 0, 0, 0, 0, 0, 0, 0, 0, 0, 0, 0, 0),
	(8, 42, 0, 0, 0, 0, 0, 0, 0, 0, 0, 0, 0, 0, 0, 0, 0),
	(8, 43, 0, 0, 0, 0, 0, 0, 0, 0, 0, 0, 0, 0, 0, 0, 0),
	(8, 44, 0, 0, 0, 0, 0, 0, 0, 0, 0, 0, 0, 0, 0, 0, 0),
	(8, 45, 0, 0, 0, 0, 0, 0, 0, 0, 0, 0, 0, 0, 0, 0, 0),
	(8, 46, 0, 0, 0, 0, 0, 0, 0, 0, 0, 0, 0, 0, 0, 0, 0),
	(8, 47, 0, 0, 0, 0, 0, 0, 0, 0, 0, 0, 0, 0, 0, 0, 0),
	(8, 48, 0, 0, 0, 0, 0, 0, 0, 0, 0, 0, 0, 0, 0, 0, 0),
	(8, 49, 0, 0, 0, 0, 0, 0, 0, 0, 0, 0, 0, 0, 0, 0, 0),
	(8, 50, 0, 0, 0, 0, 0, 0, 0, 0, 0, 0, 0, 0, 0, 0, 0),
	(8, 51, 0, 0, 0, 0, 0, 0, 0, 0, 0, 0, 0, 0, 0, 0, 0),
	(8, 52, 0, 0, 0, 0, 0, 0, 0, 0, 0, 0, 0, 0, 0, 0, 0),
	(8, 53, 0, 0, 0, 0, 0, 0, 0, 0, 0, 0, 0, 0, 0, 0, 0),
	(9, 1, 0, 0, 0, 0, 0, 0, 0, 0, 0, 0, 0, 0, 0, 0, 0),
	(9, 4, 0, 0, 0, 0, 0, 0, 0, 0, 0, 0, 0, 0, 0, 0, 0),
	(9, 5, 0, 0, 0, 0, 0, 0, 0, 0, 0, 0, 0, 0, 0, 0, 0),
	(9, 6, 0, 0, 0, 0, 0, 0, 0, 0, 0, 0, 0, 0, 0, 0, 0),
	(9, 7, 0, 0, 0, 0, 0, 0, 0, 0, 0, 0, 0, 0, 0, 0, 0),
	(9, 8, 0, 0, 0, 0, 0, 0, 0, 0, 0, 0, 0, 0, 0, 0, 0),
	(9, 9, 1, 0, 0, 0, 0, 0, 0, 0, 0, 0, 0, 0, 0, 0, 0),
	(9, 10, 0, 0, 0, 0, 0, 0, 0, 0, 0, 0, 0, 0, 0, 0, 0),
	(9, 11, 0, 0, 0, 0, 0, 0, 0, 0, 0, 0, 0, 0, 0, 0, 0),
	(9, 12, 0, 0, 0, 0, 0, 0, 0, 0, 0, 0, 0, 0, 0, 0, 0),
	(9, 2, 0, 0, 0, 0, 0, 0, 0, 0, 0, 0, 0, 0, 0, 0, 0),
	(9, 3, 0, 0, 0, 0, 0, 0, 0, 0, 0, 0, 0, 0, 0, 0, 0),
	(9, 13, 0, 0, 0, 0, 0, 0, 0, 0, 0, 0, 0, 0, 0, 0, 0),
	(9, 14, 0, 0, 0, 0, 0, 0, 0, 0, 0, 0, 0, 0, 0, 0, 0),
	(9, 15, 0, 0, 0, 0, 0, 0, 0, 0, 0, 0, 0, 0, 0, 0, 0),
	(9, 16, 0, 0, 0, 0, 0, 0, 0, 0, 0, 0, 0, 0, 0, 0, 0),
	(9, 17, 0, 0, 0, 0, 0, 0, 0, 0, 0, 0, 0, 0, 0, 0, 0),
	(9, 18, 0, 0, 0, 0, 0, 0, 0, 0, 0, 0, 0, 0, 0, 0, 0),
	(9, 19, 0, 0, 0, 0, 0, 0, 0, 0, 0, 0, 0, 0, 0, 0, 0),
	(9, 20, 0, 0, 0, 0, 0, 0, 0, 0, 0, 0, 0, 0, 0, 0, 0),
	(9, 21, 0, 0, 0, 0, 0, 0, 0, 0, 0, 0, 0, 0, 0, 0, 0),
	(9, 22, 0, 0, 0, 0, 0, 0, 0, 0, 0, 0, 0, 0, 0, 0, 0),
	(9, 23, 0, 0, 0, 0, 0, 0, 0, 0, 0, 0, 0, 0, 0, 0, 0),
	(9, 24, 0, 0, 0, 0, 0, 0, 0, 0, 0, 0, 0, 0, 0, 0, 0),
	(9, 25, 0, 0, 0, 0, 0, 0, 0, 0, 0, 0, 0, 0, 0, 0, 0),
	(9, 26, 0, 0, 0, 0, 0, 0, 0, 0, 0, 0, 0, 0, 0, 0, 0),
	(9, 27, 0, 0, 0, 0, 0, 0, 0, 0, 0, 0, 0, 0, 0, 0, 0),
	(9, 28, 0, 0, 0, 0, 0, 0, 0, 0, 0, 0, 0, 0, 0, 0, 0),
	(9, 29, 0, 0, 0, 0, 0, 0, 0, 0, 0, 0, 0, 0, 0, 0, 0),
	(9, 30, 0, 0, 0, 0, 0, 0, 0, 0, 0, 0, 0, 0, 0, 0, 0),
	(9, 31, 0, 0, 0, 0, 0, 0, 0, 0, 0, 0, 0, 0, 0, 0, 0),
	(9, 32, 0, 0, 0, 0, 0, 0, 0, 0, 0, 0, 0, 0, 0, 0, 0),
	(9, 33, 0, 0, 0, 0, 0, 0, 0, 0, 0, 0, 0, 0, 0, 0, 0),
	(9, 34, 0, 0, 0, 0, 0, 0, 0, 0, 0, 0, 0, 0, 0, 0, 0),
	(9, 35, 0, 0, 0, 0, 0, 0, 0, 0, 0, 0, 0, 0, 0, 0, 0),
	(9, 36, 0, 0, 0, 0, 0, 0, 0, 0, 0, 0, 0, 0, 0, 0, 0),
	(9, 37, 0, 0, 0, 0, 0, 0, 0, 0, 0, 0, 0, 0, 0, 0, 0),
	(9, 38, 0, 0, 0, 0, 0, 0, 0, 0, 0, 0, 0, 0, 0, 0, 0),
	(9, 39, 0, 0, 0, 0, 0, 0, 0, 0, 0, 0, 0, 0, 0, 0, 0),
	(9, 40, 0, 0, 0, 0, 0, 0, 0, 0, 0, 0, 0, 0, 0, 0, 0),
	(9, 41, 1, 1, 1, 1, 1, 0, 0, 1, 0, 0, 0, 0, 0, 0, 1),
	(9, 42, 0, 0, 0, 0, 0, 0, 0, 0, 0, 0, 0, 0, 0, 0, 0),
	(9, 43, 0, 0, 0, 0, 0, 0, 0, 0, 0, 0, 0, 0, 0, 0, 0),
	(9, 44, 0, 0, 0, 0, 0, 0, 0, 0, 0, 0, 0, 0, 0, 0, 0),
	(9, 45, 0, 0, 0, 0, 0, 0, 0, 0, 0, 0, 0, 0, 0, 0, 0),
	(9, 46, 0, 0, 0, 0, 0, 0, 0, 0, 0, 0, 0, 0, 0, 0, 0),
	(9, 47, 0, 0, 0, 0, 0, 0, 0, 0, 0, 0, 0, 0, 0, 0, 0),
	(9, 48, 0, 0, 0, 0, 0, 0, 0, 0, 0, 0, 0, 0, 0, 0, 0),
	(9, 49, 0, 0, 0, 0, 0, 0, 0, 0, 0, 0, 0, 0, 0, 0, 0),
	(9, 50, 0, 0, 0, 0, 0, 0, 0, 0, 0, 0, 0, 0, 0, 0, 0),
	(9, 51, 0, 0, 0, 0, 0, 0, 0, 0, 0, 0, 0, 0, 0, 0, 0),
	(9, 52, 0, 0, 0, 0, 0, 0, 0, 0, 0, 0, 0, 0, 0, 0, 0),
	(9, 53, 0, 0, 0, 0, 0, 0, 0, 0, 0, 0, 0, 0, 0, 0, 0),
	(10, 1, 0, 0, 0, 0, 0, 0, 0, 0, 0, 0, 0, 0, 0, 0, 0),
	(10, 4, 0, 0, 0, 0, 0, 0, 0, 0, 0, 0, 0, 0, 0, 0, 0),
	(10, 5, 0, 0, 0, 0, 0, 0, 0, 0, 0, 0, 0, 0, 0, 0, 0),
	(10, 6, 0, 0, 0, 0, 0, 0, 0, 0, 0, 0, 0, 0, 0, 0, 0),
	(10, 7, 0, 0, 0, 0, 0, 0, 0, 0, 0, 0, 0, 0, 0, 0, 0),
	(10, 8, 0, 0, 0, 0, 0, 0, 0, 0, 0, 0, 0, 0, 0, 0, 0),
	(10, 9, 0, 0, 0, 0, 0, 0, 0, 0, 0, 0, 0, 0, 0, 0, 0),
	(10, 10, 0, 0, 0, 0, 0, 0, 0, 0, 0, 0, 0, 0, 0, 0, 0),
	(10, 11, 0, 0, 0, 0, 0, 0, 0, 0, 0, 0, 0, 0, 0, 0, 0),
	(10, 12, 0, 0, 0, 0, 0, 0, 0, 0, 0, 0, 0, 0, 0, 0, 0),
	(10, 2, 0, 0, 0, 0, 0, 0, 0, 0, 0, 0, 0, 0, 0, 0, 0),
	(10, 3, 0, 0, 0, 0, 0, 0, 0, 0, 0, 0, 0, 0, 0, 0, 0),
	(10, 13, 0, 0, 0, 0, 0, 0, 0, 0, 0, 0, 0, 0, 0, 0, 0),
	(10, 14, 0, 0, 0, 0, 0, 0, 0, 0, 0, 0, 0, 0, 0, 0, 0),
	(10, 15, 0, 0, 0, 0, 0, 0, 0, 0, 0, 0, 0, 0, 0, 0, 0),
	(10, 16, 0, 0, 0, 0, 0, 0, 0, 0, 0, 0, 0, 0, 0, 0, 0),
	(10, 17, 0, 0, 0, 0, 0, 0, 0, 0, 0, 0, 0, 0, 0, 0, 0),
	(10, 18, 0, 0, 0, 0, 0, 0, 0, 0, 0, 0, 0, 0, 0, 0, 0),
	(10, 19, 0, 0, 0, 0, 0, 0, 0, 0, 0, 0, 0, 0, 0, 0, 0),
	(10, 20, 0, 0, 0, 0, 0, 0, 0, 0, 0, 0, 0, 0, 0, 0, 0),
	(10, 21, 0, 0, 0, 0, 0, 0, 0, 0, 0, 0, 0, 0, 0, 0, 0),
	(10, 22, 0, 0, 0, 0, 0, 0, 0, 0, 0, 0, 0, 0, 0, 0, 0),
	(10, 23, 0, 0, 0, 0, 0, 0, 0, 0, 0, 0, 0, 0, 0, 0, 0),
	(10, 24, 0, 0, 0, 0, 0, 0, 0, 0, 0, 0, 0, 0, 0, 0, 0),
	(10, 25, 0, 0, 0, 0, 0, 0, 0, 0, 0, 0, 0, 0, 0, 0, 0),
	(10, 26, 0, 0, 0, 0, 0, 0, 0, 0, 0, 0, 0, 0, 0, 0, 0),
	(10, 27, 0, 0, 0, 0, 0, 0, 0, 0, 0, 0, 0, 0, 0, 0, 0),
	(10, 28, 0, 0, 0, 0, 0, 0, 0, 0, 0, 0, 0, 0, 0, 0, 0),
	(10, 29, 0, 0, 0, 0, 0, 0, 0, 0, 0, 0, 0, 0, 0, 0, 0),
	(10, 30, 0, 0, 0, 0, 0, 0, 0, 0, 0, 0, 0, 0, 0, 0, 0),
	(10, 31, 0, 0, 0, 0, 0, 0, 0, 0, 0, 0, 0, 0, 0, 0, 0),
	(10, 32, 0, 0, 0, 0, 0, 0, 0, 0, 0, 0, 0, 0, 0, 0, 0),
	(10, 33, 0, 0, 0, 0, 0, 0, 0, 0, 0, 0, 0, 0, 0, 0, 0),
	(10, 34, 0, 0, 0, 0, 0, 0, 0, 0, 0, 0, 0, 0, 0, 0, 0),
	(10, 35, 0, 0, 0, 0, 0, 0, 0, 0, 0, 0, 0, 0, 0, 0, 0),
	(10, 36, 0, 0, 0, 0, 0, 0, 0, 0, 0, 0, 0, 0, 0, 0, 0),
	(10, 37, 0, 0, 0, 0, 0, 0, 0, 0, 0, 0, 0, 0, 0, 0, 0),
	(10, 38, 0, 0, 0, 0, 0, 0, 0, 0, 0, 0, 0, 0, 0, 0, 0),
	(10, 39, 0, 0, 0, 0, 0, 0, 0, 0, 0, 0, 0, 0, 0, 0, 0),
	(10, 40, 0, 0, 0, 0, 0, 0, 0, 0, 0, 0, 0, 0, 0, 0, 0),
	(10, 41, 0, 0, 0, 0, 0, 0, 0, 0, 0, 0, 0, 0, 0, 0, 0),
	(10, 42, 0, 0, 0, 0, 0, 0, 0, 0, 0, 0, 0, 0, 0, 0, 0),
	(10, 43, 0, 0, 0, 0, 0, 0, 0, 0, 0, 0, 0, 0, 0, 0, 0),
	(10, 44, 0, 0, 0, 0, 0, 0, 0, 0, 0, 0, 0, 0, 0, 0, 0),
	(10, 45, 0, 0, 0, 0, 0, 0, 0, 0, 0, 0, 0, 0, 0, 0, 0),
	(10, 46, 0, 0, 0, 0, 0, 0, 0, 0, 0, 0, 0, 0, 0, 0, 0),
	(10, 47, 0, 0, 0, 0, 0, 0, 0, 0, 0, 0, 0, 0, 0, 0, 0),
	(10, 48, 0, 0, 0, 0, 0, 0, 0, 0, 0, 0, 0, 0, 0, 0, 0),
	(10, 49, 0, 0, 0, 0, 0, 0, 0, 0, 0, 0, 0, 0, 0, 0, 0),
	(10, 50, 0, 0, 0, 0, 0, 0, 0, 0, 0, 0, 0, 0, 0, 0, 0),
	(10, 51, 0, 0, 0, 0, 0, 0, 0, 0, 0, 0, 0, 0, 0, 0, 0),
	(10, 52, 0, 0, 0, 0, 0, 0, 0, 0, 0, 0, 0, 0, 0, 0, 0),
	(10, 53, 0, 0, 0, 0, 0, 0, 0, 0, 0, 0, 0, 0, 0, 0, 0),
	(11, 1, 0, 0, 0, 0, 0, 0, 0, 0, 0, 0, 0, 0, 0, 0, 0),
	(11, 6, 0, 0, 0, 0, 0, 0, 0, 0, 0, 0, 0, 0, 0, 0, 0),
	(11, 7, 0, 0, 0, 0, 0, 0, 0, 0, 0, 0, 0, 0, 0, 0, 0),
	(11, 8, 0, 0, 0, 0, 0, 0, 0, 0, 0, 0, 0, 0, 0, 0, 0),
	(11, 9, 0, 0, 0, 0, 0, 0, 0, 0, 0, 0, 0, 0, 0, 0, 0),
	(11, 10, 1, 0, 0, 0, 0, 0, 0, 0, 0, 0, 0, 0, 0, 0, 0),
	(11, 11, 0, 0, 0, 0, 0, 0, 0, 0, 0, 0, 0, 0, 0, 0, 0),
	(11, 12, 0, 0, 0, 0, 0, 0, 0, 0, 0, 0, 0, 0, 0, 0, 0),
	(11, 2, 0, 0, 0, 0, 0, 0, 0, 0, 0, 0, 0, 0, 0, 0, 0),
	(11, 3, 0, 0, 0, 0, 0, 0, 0, 0, 0, 0, 0, 0, 0, 0, 0),
	(11, 4, 0, 0, 0, 0, 0, 0, 0, 0, 0, 0, 0, 0, 0, 0, 0),
	(11, 5, 0, 0, 0, 0, 0, 0, 0, 0, 0, 0, 0, 0, 0, 0, 0),
	(11, 13, 0, 0, 0, 0, 0, 0, 0, 0, 0, 0, 0, 0, 0, 0, 0),
	(11, 14, 0, 0, 0, 0, 0, 0, 0, 0, 0, 0, 0, 0, 0, 0, 0),
	(11, 15, 0, 0, 0, 0, 0, 0, 0, 0, 0, 0, 0, 0, 0, 0, 0),
	(11, 16, 0, 0, 0, 0, 0, 0, 0, 0, 0, 0, 0, 0, 0, 0, 0),
	(11, 17, 0, 0, 0, 0, 0, 0, 0, 0, 0, 0, 0, 0, 0, 0, 0),
	(11, 18, 0, 0, 0, 0, 0, 0, 0, 0, 0, 0, 0, 0, 0, 0, 0),
	(11, 19, 0, 0, 0, 0, 0, 0, 0, 0, 0, 0, 0, 0, 0, 0, 0),
	(11, 20, 0, 0, 0, 0, 0, 0, 0, 0, 0, 0, 0, 0, 0, 0, 0),
	(11, 21, 0, 0, 0, 0, 0, 0, 0, 0, 0, 0, 0, 0, 0, 0, 0),
	(11, 22, 0, 0, 0, 0, 0, 0, 0, 0, 0, 0, 0, 0, 0, 0, 0),
	(11, 23, 0, 0, 0, 0, 0, 0, 0, 0, 0, 0, 0, 0, 0, 0, 0),
	(11, 24, 0, 0, 0, 0, 0, 0, 0, 0, 0, 0, 0, 0, 0, 0, 0),
	(11, 25, 0, 0, 0, 0, 0, 0, 0, 0, 0, 0, 0, 0, 0, 0, 0),
	(11, 26, 0, 0, 0, 0, 0, 0, 0, 0, 0, 0, 0, 0, 0, 0, 0),
	(11, 27, 0, 0, 0, 0, 0, 0, 0, 0, 0, 0, 0, 0, 0, 0, 0),
	(11, 28, 0, 0, 0, 0, 0, 0, 0, 0, 0, 0, 0, 0, 0, 0, 0),
	(11, 29, 0, 0, 0, 0, 0, 0, 0, 0, 0, 0, 0, 0, 0, 0, 0),
	(11, 30, 0, 0, 0, 0, 0, 0, 0, 0, 0, 0, 0, 0, 0, 0, 0),
	(11, 31, 0, 0, 0, 0, 0, 0, 0, 0, 0, 0, 0, 0, 0, 0, 0),
	(11, 32, 0, 0, 0, 0, 0, 0, 0, 0, 0, 0, 0, 0, 0, 0, 0),
	(11, 33, 0, 0, 0, 0, 0, 0, 0, 0, 0, 0, 0, 0, 0, 0, 0),
	(11, 34, 0, 0, 0, 0, 0, 0, 0, 0, 0, 0, 0, 0, 0, 0, 0),
	(11, 35, 0, 0, 0, 0, 0, 0, 0, 0, 0, 0, 0, 0, 0, 0, 0),
	(11, 36, 0, 0, 0, 0, 0, 0, 0, 0, 0, 0, 0, 0, 0, 0, 0),
	(11, 37, 0, 0, 0, 0, 0, 0, 0, 0, 0, 0, 0, 0, 0, 0, 0),
	(11, 38, 0, 0, 0, 0, 0, 0, 0, 0, 0, 0, 0, 0, 0, 0, 0),
	(11, 39, 0, 0, 0, 0, 0, 0, 0, 0, 0, 0, 0, 0, 0, 0, 0),
	(11, 40, 0, 0, 0, 0, 0, 0, 0, 0, 0, 0, 0, 0, 0, 0, 0),
	(11, 41, 0, 0, 0, 0, 0, 0, 0, 0, 0, 0, 0, 0, 0, 0, 0),
	(11, 51, 0, 0, 0, 0, 0, 0, 0, 0, 0, 0, 0, 0, 0, 0, 0),
	(11, 52, 0, 0, 0, 0, 0, 0, 0, 0, 0, 0, 0, 0, 0, 0, 0),
	(11, 42, 1, 1, 1, 1, 1, 0, 0, 1, 0, 0, 0, 0, 0, 0, 1),
	(11, 43, 1, 1, 1, 1, 1, 0, 0, 1, 0, 0, 0, 0, 0, 0, 1),
	(11, 44, 1, 1, 1, 1, 1, 0, 0, 1, 0, 0, 0, 0, 0, 0, 1),
	(11, 45, 1, 1, 1, 1, 1, 0, 0, 1, 0, 0, 0, 0, 0, 0, 1),
	(11, 46, 1, 1, 1, 1, 1, 0, 0, 1, 0, 0, 0, 0, 0, 0, 1),
	(11, 47, 1, 1, 1, 1, 1, 0, 0, 1, 0, 0, 0, 0, 0, 0, 1),
	(11, 48, 1, 1, 1, 1, 1, 0, 0, 1, 0, 0, 0, 0, 0, 0, 1),
	(11, 49, 1, 1, 1, 1, 1, 0, 0, 1, 0, 0, 0, 0, 0, 0, 1),
	(11, 50, 1, 1, 1, 1, 1, 0, 0, 1, 0, 0, 0, 0, 0, 0, 1),
	(11, 53, 0, 0, 0, 0, 0, 0, 0, 0, 0, 0, 0, 0, 0, 0, 0),
	(12, 1, 0, 0, 0, 0, 0, 0, 0, 0, 0, 0, 0, 0, 0, 0, 0),
	(12, 4, 0, 0, 0, 0, 0, 0, 0, 0, 0, 0, 0, 0, 0, 0, 0),
	(12, 5, 0, 0, 0, 0, 0, 0, 0, 0, 0, 0, 0, 0, 0, 0, 0),
	(12, 6, 0, 0, 0, 0, 0, 0, 0, 0, 0, 0, 0, 0, 0, 0, 0),
	(12, 7, 0, 0, 0, 0, 0, 0, 0, 0, 0, 0, 0, 0, 0, 0, 0),
	(12, 8, 0, 0, 0, 0, 0, 0, 0, 0, 0, 0, 0, 0, 0, 0, 0),
	(12, 9, 0, 0, 0, 0, 0, 0, 0, 0, 0, 0, 0, 0, 0, 0, 0),
	(12, 10, 0, 0, 0, 0, 0, 0, 0, 0, 0, 0, 0, 0, 0, 0, 0),
	(12, 11, 0, 0, 0, 0, 0, 0, 0, 0, 0, 0, 0, 0, 0, 0, 0),
	(12, 12, 0, 0, 0, 0, 0, 0, 0, 0, 0, 0, 0, 0, 0, 0, 0),
	(12, 2, 0, 0, 0, 0, 0, 0, 0, 0, 0, 0, 0, 0, 0, 0, 0),
	(12, 3, 0, 0, 0, 0, 0, 0, 0, 0, 0, 0, 0, 0, 0, 0, 0),
	(12, 13, 0, 0, 0, 0, 0, 0, 0, 0, 0, 0, 0, 0, 0, 0, 0),
	(12, 14, 0, 0, 0, 0, 0, 0, 0, 0, 0, 0, 0, 0, 0, 0, 0),
	(12, 15, 0, 0, 0, 0, 0, 0, 0, 0, 0, 0, 0, 0, 0, 0, 0),
	(12, 16, 0, 0, 0, 0, 0, 0, 0, 0, 0, 0, 0, 0, 0, 0, 0),
	(12, 17, 0, 0, 0, 0, 0, 0, 0, 0, 0, 0, 0, 0, 0, 0, 0),
	(12, 18, 0, 0, 0, 0, 0, 0, 0, 0, 0, 0, 0, 0, 0, 0, 0),
	(12, 19, 0, 0, 0, 0, 0, 0, 0, 0, 0, 0, 0, 0, 0, 0, 0),
	(12, 20, 0, 0, 0, 0, 0, 0, 0, 0, 0, 0, 0, 0, 0, 0, 0),
	(12, 21, 0, 0, 0, 0, 0, 0, 0, 0, 0, 0, 0, 0, 0, 0, 0),
	(12, 22, 0, 0, 0, 0, 0, 0, 0, 0, 0, 0, 0, 0, 0, 0, 0),
	(12, 23, 0, 0, 0, 0, 0, 0, 0, 0, 0, 0, 0, 0, 0, 0, 0),
	(12, 24, 0, 0, 0, 0, 0, 0, 0, 0, 0, 0, 0, 0, 0, 0, 0),
	(12, 25, 0, 0, 0, 0, 0, 0, 0, 0, 0, 0, 0, 0, 0, 0, 0),
	(12, 26, 0, 0, 0, 0, 0, 0, 0, 0, 0, 0, 0, 0, 0, 0, 0),
	(12, 27, 0, 0, 0, 0, 0, 0, 0, 0, 0, 0, 0, 0, 0, 0, 0),
	(12, 28, 0, 0, 0, 0, 0, 0, 0, 0, 0, 0, 0, 0, 0, 0, 0),
	(12, 29, 0, 0, 0, 0, 0, 0, 0, 0, 0, 0, 0, 0, 0, 0, 0),
	(12, 30, 0, 0, 0, 0, 0, 0, 0, 0, 0, 0, 0, 0, 0, 0, 0),
	(12, 31, 0, 0, 0, 0, 0, 0, 0, 0, 0, 0, 0, 0, 0, 0, 0),
	(12, 32, 0, 0, 0, 0, 0, 0, 0, 0, 0, 0, 0, 0, 0, 0, 0),
	(12, 33, 0, 0, 0, 0, 0, 0, 0, 0, 0, 0, 0, 0, 0, 0, 0),
	(12, 34, 0, 0, 0, 0, 0, 0, 0, 0, 0, 0, 0, 0, 0, 0, 0),
	(12, 35, 0, 0, 0, 0, 0, 0, 0, 0, 0, 0, 0, 0, 0, 0, 0),
	(12, 36, 0, 0, 0, 0, 0, 0, 0, 0, 0, 0, 0, 0, 0, 0, 0),
	(12, 37, 0, 0, 0, 0, 0, 0, 0, 0, 0, 0, 0, 0, 0, 0, 0),
	(12, 38, 0, 0, 0, 0, 0, 0, 0, 0, 0, 0, 0, 0, 0, 0, 0),
	(12, 39, 0, 0, 0, 0, 0, 0, 0, 0, 0, 0, 0, 0, 0, 0, 0),
	(12, 40, 0, 0, 0, 0, 0, 0, 0, 0, 0, 0, 0, 0, 0, 0, 0),
	(12, 41, 0, 0, 0, 0, 0, 0, 0, 0, 0, 0, 0, 0, 0, 0, 0),
	(12, 42, 0, 0, 0, 0, 0, 0, 0, 0, 0, 0, 0, 0, 0, 0, 0),
	(12, 43, 0, 0, 0, 0, 0, 0, 0, 0, 0, 0, 0, 0, 0, 0, 0),
	(12, 44, 0, 0, 0, 0, 0, 0, 0, 0, 0, 0, 0, 0, 0, 0, 0),
	(12, 45, 0, 0, 0, 0, 0, 0, 0, 0, 0, 0, 0, 0, 0, 0, 0),
	(12, 46, 0, 0, 0, 0, 0, 0, 0, 0, 0, 0, 0, 0, 0, 0, 0),
	(12, 47, 0, 0, 0, 0, 0, 0, 0, 0, 0, 0, 0, 0, 0, 0, 0),
	(12, 48, 0, 0, 0, 0, 0, 0, 0, 0, 0, 0, 0, 0, 0, 0, 0),
	(12, 49, 0, 0, 0, 0, 0, 0, 0, 0, 0, 0, 0, 0, 0, 0, 0),
	(12, 50, 0, 0, 0, 0, 0, 0, 0, 0, 0, 0, 0, 0, 0, 0, 0),
	(12, 51, 0, 0, 0, 0, 0, 0, 0, 0, 0, 0, 0, 0, 0, 0, 0),
	(12, 52, 0, 0, 0, 0, 0, 0, 0, 0, 0, 0, 0, 0, 0, 0, 0),
	(12, 53, 0, 0, 0, 0, 0, 0, 0, 0, 0, 0, 0, 0, 0, 0, 0),
	(15, 1, 0, 0, 0, 0, 0, 0, 0, 0, 0, 0, 0, 0, 0, 0, 0),
	(15, 7, 0, 0, 0, 0, 0, 0, 0, 0, 0, 0, 0, 0, 0, 0, 0),
	(15, 8, 1, 0, 0, 0, 0, 0, 0, 0, 0, 0, 0, 0, 0, 0, 0),
	(15, 9, 0, 0, 0, 0, 0, 0, 0, 0, 0, 0, 0, 0, 0, 0, 0),
	(15, 10, 0, 0, 0, 0, 0, 0, 0, 0, 0, 0, 0, 0, 0, 0, 0),
	(15, 11, 0, 0, 0, 0, 0, 0, 0, 0, 0, 0, 0, 0, 0, 0, 0),
	(15, 12, 0, 0, 0, 0, 0, 0, 0, 0, 0, 0, 0, 0, 0, 0, 0),
	(15, 2, 0, 0, 0, 0, 0, 0, 0, 0, 0, 0, 0, 0, 0, 0, 0),
	(15, 3, 0, 0, 0, 0, 0, 0, 0, 0, 0, 0, 0, 0, 0, 0, 0),
	(15, 4, 0, 0, 0, 0, 0, 0, 0, 0, 0, 0, 0, 0, 0, 0, 0),
	(15, 5, 0, 0, 0, 0, 0, 0, 0, 0, 0, 0, 0, 0, 0, 0, 0),
	(15, 6, 0, 0, 0, 0, 0, 0, 0, 0, 0, 0, 0, 0, 0, 0, 0),
	(15, 13, 0, 0, 0, 0, 0, 0, 0, 0, 0, 0, 0, 0, 0, 0, 0),
	(15, 14, 0, 0, 0, 0, 0, 0, 0, 0, 0, 0, 0, 0, 0, 0, 0),
	(15, 15, 0, 0, 0, 0, 0, 0, 0, 0, 0, 0, 0, 0, 0, 0, 0),
	(15, 16, 0, 0, 0, 0, 0, 0, 0, 0, 0, 0, 0, 0, 0, 0, 0),
	(15, 17, 0, 0, 0, 0, 0, 0, 0, 0, 0, 0, 0, 0, 0, 0, 0),
	(15, 18, 0, 0, 0, 0, 0, 0, 0, 0, 0, 0, 0, 0, 0, 0, 0),
	(15, 19, 0, 0, 0, 0, 0, 0, 0, 0, 0, 0, 0, 0, 0, 0, 0),
	(15, 20, 0, 0, 0, 0, 0, 0, 0, 0, 0, 0, 0, 0, 0, 0, 0),
	(15, 21, 0, 0, 0, 0, 0, 0, 0, 0, 0, 0, 0, 0, 0, 0, 0),
	(15, 22, 0, 0, 0, 0, 0, 0, 0, 0, 0, 0, 0, 0, 0, 0, 0),
	(15, 23, 0, 0, 0, 0, 0, 0, 0, 0, 0, 0, 0, 0, 0, 0, 0),
	(15, 24, 0, 0, 0, 0, 0, 0, 0, 0, 0, 0, 0, 0, 0, 0, 0),
	(15, 25, 0, 0, 0, 0, 0, 0, 0, 0, 0, 0, 0, 0, 0, 0, 0),
	(15, 26, 0, 0, 0, 0, 0, 0, 0, 0, 0, 0, 0, 0, 0, 0, 0),
	(15, 27, 0, 0, 0, 0, 0, 0, 0, 0, 0, 0, 0, 0, 0, 0, 0),
	(15, 28, 0, 0, 0, 0, 0, 0, 0, 0, 0, 0, 0, 0, 0, 0, 0),
	(15, 29, 0, 0, 0, 0, 0, 0, 0, 0, 0, 0, 0, 0, 0, 0, 0),
	(15, 30, 0, 0, 0, 0, 0, 0, 0, 0, 0, 0, 0, 0, 0, 0, 0),
	(15, 31, 0, 0, 0, 0, 0, 0, 0, 0, 0, 0, 0, 0, 0, 0, 0),
	(15, 32, 0, 0, 0, 0, 0, 0, 0, 0, 0, 0, 0, 0, 0, 0, 0),
	(15, 33, 0, 0, 0, 0, 0, 0, 0, 0, 0, 0, 0, 0, 0, 0, 0),
	(15, 34, 0, 0, 0, 0, 0, 0, 0, 0, 0, 0, 0, 0, 0, 0, 0),
	(15, 35, 1, 1, 1, 1, 1, 0, 0, 1, 0, 0, 0, 0, 0, 0, 1),
	(15, 36, 0, 0, 0, 0, 0, 0, 0, 0, 0, 0, 0, 0, 0, 0, 0),
	(15, 37, 0, 0, 0, 0, 0, 0, 0, 0, 0, 0, 0, 0, 0, 0, 0),
	(15, 38, 0, 0, 0, 0, 0, 0, 0, 0, 0, 0, 0, 0, 0, 0, 0),
	(15, 39, 0, 0, 0, 0, 0, 0, 0, 0, 0, 0, 0, 0, 0, 0, 0),
	(15, 40, 0, 0, 0, 0, 0, 0, 0, 0, 0, 0, 0, 0, 0, 0, 0),
	(15, 41, 0, 0, 0, 0, 0, 0, 0, 0, 0, 0, 0, 0, 0, 0, 0),
	(15, 50, 0, 0, 0, 0, 0, 0, 0, 0, 0, 0, 0, 0, 0, 0, 0),
	(15, 51, 0, 0, 0, 0, 0, 0, 0, 0, 0, 0, 0, 0, 0, 0, 0),
	(15, 52, 0, 0, 0, 0, 0, 0, 0, 0, 0, 0, 0, 0, 0, 0, 0),
	(15, 42, 0, 0, 0, 0, 0, 0, 0, 0, 0, 0, 0, 0, 0, 0, 0),
	(15, 43, 0, 0, 0, 0, 0, 0, 0, 0, 0, 0, 0, 0, 0, 0, 0),
	(15, 44, 0, 0, 0, 0, 0, 0, 0, 0, 0, 0, 0, 0, 0, 0, 0),
	(15, 45, 0, 0, 0, 0, 0, 0, 0, 0, 0, 0, 0, 0, 0, 0, 0),
	(15, 46, 0, 0, 0, 0, 0, 0, 0, 0, 0, 0, 0, 0, 0, 0, 0),
	(15, 47, 0, 0, 0, 0, 0, 0, 0, 0, 0, 0, 0, 0, 0, 0, 0),
	(15, 48, 0, 0, 0, 0, 0, 0, 0, 0, 0, 0, 0, 0, 0, 0, 0),
	(15, 49, 0, 0, 0, 0, 0, 0, 0, 0, 0, 0, 0, 0, 0, 0, 0),
	(15, 53, 0, 0, 0, 0, 0, 0, 0, 0, 0, 0, 0, 0, 0, 0, 0);
/*!40000 ALTER TABLE `administrator_access` ENABLE KEYS */;

-- Dumping structure for table oceanjet1_db.administrator_log
CREATE TABLE IF NOT EXISTS `administrator_log` (
  `id_administrator_log` int(11) NOT NULL AUTO_INCREMENT,
  `administrator_id` int(11) NOT NULL,
  `administrator_profile_id` int(11) NOT NULL,
  `classname` varchar(128) NOT NULL,
  `action` varchar(128) NOT NULL,
  `reference_id` int(11) NOT NULL,
  `description` text NOT NULL,
  `date_added` datetime NOT NULL,
  PRIMARY KEY (`id_administrator_log`)
) ENGINE=InnoDB AUTO_INCREMENT=870 DEFAULT CHARSET=latin1;

-- Dumping data for table oceanjet1_db.administrator_log: ~848 rows (approximately)
/*!40000 ALTER TABLE `administrator_log` DISABLE KEYS */;
INSERT INTO `administrator_log` (`id_administrator_log`, `administrator_id`, `administrator_profile_id`, `classname`, `action`, `reference_id`, `description`, `date_added`) VALUES
	(1, 0, 0, 'login', 'index', 0, '', '2016-03-01 17:00:41'),
	(2, 1, 1, 'logout', 'index', 0, '', '2016-03-01 17:00:51'),
	(3, 0, 0, 'login', 'index', 0, '', '2016-03-01 17:01:00'),
	(4, 1, 1, 'logout', 'index', 0, '', '2016-03-01 17:00:49'),
	(5, 0, 0, 'login', 'index', 0, '', '2016-03-01 17:01:19'),
	(6, 1, 1, 'logout', 'index', 0, '', '2016-03-01 17:01:40'),
	(7, 0, 0, 'login', 'index', 0, '', '2016-03-01 17:01:46'),
	(8, 1, 1, 'discount', 'add', 1, 'Successfully added discount', '2016-03-01 17:03:33'),
	(9, 1, 1, 'discount', 'edit', 1, 'Successfully updated discount', '2016-03-01 17:04:10'),
	(10, 1, 1, 'discount', 'edit', 1, 'Successfully updated discount', '2016-03-01 17:06:29'),
	(11, 1, 1, 'discount', 'edit', 1, 'Successfully updated discount', '2016-03-01 17:06:41'),
	(12, 1, 1, 'discount', 'edit', 1, 'Successfully updated discount', '2016-03-01 17:07:50'),
	(13, 1, 1, 'discount', 'edit', 1, 'Successfully updated discount', '2016-03-01 17:09:28'),
	(14, 1, 1, 'discount', 'edit', 1, 'Successfully updated discount', '2016-03-01 17:09:48'),
	(15, 1, 1, 'discount', 'add', 2, 'Successfully added discount', '2016-03-01 17:11:35'),
	(16, 1, 1, 'discount', 'add', 3, 'Successfully added discount', '2016-03-01 17:11:58'),
	(17, 1, 1, 'discount', 'add', 4, 'Successfully added discount', '2016-03-01 17:12:07'),
	(18, 1, 1, 'discount', 'add', 5, 'Successfully added discount', '2016-03-01 17:12:02'),
	(19, 1, 1, 'port', 'add', 1, 'Successfully added Port', '2016-03-01 17:17:13'),
	(20, 1, 1, 'outlet', 'add', 1, 'Successfully added outlet', '2016-03-01 17:18:04'),
	(21, 1, 1, 'outlet', 'edit', 1, 'Successfully updated outlet', '2016-03-01 17:19:57'),
	(22, 1, 1, 'outlet', 'edit', 1, 'Successfully updated outlet', '2016-03-01 17:20:35'),
	(23, 1, 1, 'outlet', 'add', 2, 'Successfully added outlet', '2016-03-01 17:20:36'),
	(24, 1, 1, 'payment_account', 'add', 1, 'Successfully added payment account', '2016-03-01 17:21:54'),
	(25, 1, 1, 'payment_account', 'edit', 1, 'Successfully updated payment account', '2016-03-01 17:22:57'),
	(26, 1, 1, 'payment_account', 'add', 2, 'Successfully added payment account', '2016-03-01 17:24:13'),
	(27, 1, 1, 'payment_account', 'edit', 2, 'Successfully updated payment account', '2016-03-01 17:25:15'),
	(28, 1, 1, 'announcement', 'add', 1, 'Successfully added announcement', '2016-03-01 17:28:54'),
	(29, 1, 1, 'announcement', 'edit', 1, 'Successfully updated announcement', '2016-03-01 17:29:55'),
	(30, 1, 1, 'announcement', 'add', 2, 'Successfully added announcement', '2016-03-01 17:29:56'),
	(31, 1, 1, 'announcement', 'add', 3, 'Successfully added announcement', '2016-03-01 17:31:53'),
	(32, 1, 1, 'announcement', 'edit', 2, 'Successfully updated announcement', '2016-03-01 17:32:55'),
	(33, 1, 1, 'announcement', 'edit', 3, 'Successfully updated announcement', '2016-03-01 17:32:48'),
	(34, 1, 1, 'announcement', 'edit', 1, 'Successfully updated announcement', '2016-03-01 17:33:22'),
	(35, 1, 1, 'outlet', 'edit', 2, 'Successfully updated outlet', '2016-03-01 17:33:54'),
	(36, 1, 1, 'announcement', 'add', 4, 'Successfully added announcement', '2016-03-01 17:35:50'),
	(37, 1, 1, 'rule_set', 'add', 1, 'Successfully added rule set', '2016-03-01 17:39:19'),
	(38, 1, 1, 'accommodation', 'add', 1, 'Successfully added accommodation type', '2016-03-01 17:41:02'),
	(39, 1, 1, 'accommodation', 'add', 2, 'Successfully added accommodation type', '2016-03-01 17:41:03'),
	(40, 1, 1, 'accommodation', 'edit', 2, 'Successfully updated accommodation type', '2016-03-01 17:41:18'),
	(41, 1, 1, 'accommodation', 'add', 3, 'Successfully added accommodation type', '2016-03-01 17:41:26'),
	(42, 1, 1, 'announcement', 'add', 5, 'Successfully added announcement', '2016-03-01 17:41:35'),
	(43, 1, 1, 'accommodation', 'add', 4, 'Successfully added accommodation type', '2016-03-01 17:41:22'),
	(44, 1, 1, 'accommodation', 'edit', 2, 'Successfully updated accommodation type', '2016-03-01 17:41:49'),
	(45, 1, 1, 'accommodation', 'edit', 2, 'Successfully updated accommodation type', '2016-03-01 17:42:21'),
	(46, 1, 1, 'accommodation', 'edit', 2, 'Successfully updated accommodation type', '2016-03-01 17:44:12'),
	(47, 1, 1, 'accommodation', 'add', 5, 'Successfully added accommodation type', '2016-03-01 17:44:47'),
	(48, 1, 1, 'accommodation', 'edit', 3, 'Successfully updated accommodation type', '2016-03-01 17:46:23'),
	(49, 1, 1, 'accommodation', 'add', 6, 'Successfully added accommodation type', '2016-03-01 17:47:15'),
	(50, 1, 1, 'discount', 'add', 6, 'Successfully added discount', '2016-03-01 17:48:36'),
	(51, 1, 1, 'discount', 'add', 7, 'Successfully added discount', '2016-03-01 17:49:31'),
	(52, 1, 1, 'port', 'add', 2, 'Successfully added Port', '2016-03-01 17:50:13'),
	(53, 1, 1, 'discount', 'add', 8, 'Successfully added discount', '2016-03-01 17:50:15'),
	(54, 1, 1, 'attended_baggage', 'add', 1, 'Successfully added attended baggage rate', '2016-03-01 17:50:36'),
	(55, 1, 1, 'ticket_series', 'add', 1, 'Successfully added ticket series 100000000000-100000000100', '2016-03-01 17:52:13'),
	(56, 1, 1, 'attended_baggage', 'edit', 1, 'Successfully updated attended baggage rate', '2016-03-01 17:52:23'),
	(57, 1, 1, 'port', 'add', 3, 'Successfully added Port', '2016-03-01 17:52:55'),
	(58, 1, 1, 'port', 'add', 4, 'Successfully added Port', '2016-03-01 17:53:22'),
	(59, 1, 1, 'padala_cargo', 'add', 1, 'Successfully added padala cargo rate', '2016-03-01 17:54:01'),
	(60, 1, 1, 'padala_cargo', 'add', 2, 'Successfully added padala cargo rate', '2016-03-01 17:54:25'),
	(61, 1, 1, 'port', 'add', 5, 'Successfully added Port', '2016-03-01 17:55:32'),
	(62, 1, 1, 'port', 'add', 6, 'Successfully added Port', '2016-03-01 17:56:21'),
	(63, 1, 1, 'port', 'add', 7, 'Successfully added Port', '2016-03-01 17:58:44'),
	(64, 1, 1, 'vessel', 'add', 1, 'Successfully added vessel.', '2016-03-01 18:02:34'),
	(65, 1, 1, 'vessel', 'add', 2, 'Successfully added vessel.', '2016-03-01 18:27:52'),
	(66, 1, 1, 'vessel', 'add', 3, 'Successfully added vessel.', '2016-03-01 18:28:38'),
	(67, 0, 0, 'login', 'index', 0, '', '2016-03-01 18:29:49'),
	(68, 1, 1, 'attended_baggage', 'add', 2, 'Successfully added attended baggage rate', '2016-03-01 18:30:26'),
	(69, 1, 1, 'vessel', 'edit', 1, 'Successfully updated vessel.', '2016-03-01 18:30:53'),
	(70, 1, 1, 'attended_baggage', 'edit', 2, 'Successfully updated attended baggage rate', '2016-03-01 18:36:01'),
	(71, 0, 0, 'login', 'index', 0, '', '2016-03-01 18:43:29'),
	(72, 1, 1, 'voyage', 'add', 1, 'Successfully added Voyage', '2016-03-01 18:43:38'),
	(73, 1, 1, 'outlet', 'add', 3, 'Successfully added outlet', '2016-03-01 18:47:26'),
	(74, 1, 1, 'outlet', 'add', 4, 'Successfully added outlet', '2016-03-01 18:48:09'),
	(75, 1, 1, 'outlet', 'add', 5, 'Successfully added outlet', '2016-03-01 18:48:56'),
	(76, 1, 1, 'debtor_management', 'add', 1, 'Successfully added Debtor', '2016-03-01 18:49:26'),
	(77, 1, 1, 'debtor_management', 'edit', 1, 'Successfully updated Debtor', '2016-03-01 18:55:04'),
	(78, 1, 1, 'debtor_management', 'edit', 1, 'Successfully updated Debtor', '2016-03-01 18:56:05'),
	(79, 1, 1, 'debtor_management', 'edit', 1, 'Successfully updated Debtor', '2016-03-01 18:57:48'),
	(80, 1, 1, 'debtor_management', 'edit', 1, 'Successfully updated Debtor', '2016-03-01 18:59:11'),
	(81, 1, 1, 'debtor_management', 'edit', 1, 'Successfully updated Debtor', '2016-03-01 19:00:19'),
	(82, 1, 1, 'voyage', 'add', 2, 'Successfully added Voyage', '2016-03-01 19:02:05'),
	(83, 1, 1, 'outlet', 'add', 6, 'Successfully added outlet', '2016-03-01 19:06:34'),
	(84, 1, 1, 'voyage', 'add', 3, 'Successfully added Voyage', '2016-03-01 19:07:49'),
	(85, 1, 1, 'debtor_wallet', 'add', 1, 'Successfully added Debtor Wallet', '2016-03-01 19:08:21'),
	(86, 1, 1, 'voyage', 'add', 4, 'Successfully added Voyage', '2016-03-01 19:09:32'),
	(87, 1, 1, 'voyage', 'add', 5, 'Successfully added Voyage', '2016-03-01 19:12:35'),
	(88, 1, 1, 'debtor_management', 'add', 2, 'Successfully added Debtor', '2016-03-01 19:13:54'),
	(89, 1, 1, 'voyage_management', 'add', 1, 'Successfully added Voyage Management', '2016-03-01 19:24:24'),
	(90, 1, 1, 'voyage_management', 'add', 2, 'Successfully added Voyage Management', '2016-03-01 19:24:37'),
	(91, 1, 1, 'voyage_management', 'add', 3, 'Successfully added Voyage Management', '2016-03-01 19:27:06'),
	(92, 1, 1, 'voyage_management', 'add', 4, 'Successfully added Voyage Management', '2016-03-01 19:27:11'),
	(93, 1, 1, 'voyage_management', 'add', 5, 'Successfully added Voyage Management', '2016-03-01 19:27:21'),
	(94, 1, 1, 'debtor_wallet', 'add', 2, 'Successfully added Debtor Wallet', '2016-03-01 19:29:33'),
	(95, 1, 1, 'voyage_management', 'add', 6, 'Successfully added Voyage Management', '2016-03-01 19:29:52'),
	(96, 1, 1, 'debtor_wallet', 'add', 3, 'Successfully added Debtor Wallet', '2016-03-01 19:30:12'),
	(97, 1, 1, 'voyage_management', 'add', 7, 'Successfully added Voyage Management', '2016-03-01 19:33:13'),
	(98, 1, 1, 'voyage_management', 'add', 1, 'Successfully added Subvoyage Management', '2016-03-01 19:33:13'),
	(99, 1, 1, 'voyage_management', 'add', 2, 'Successfully added Subvoyage Management', '2016-03-01 19:33:14'),
	(100, 1, 1, 'voyage_management', 'add', 3, 'Successfully added Subvoyage Management', '2016-03-01 19:33:14'),
	(101, 1, 1, 'voyage_management', 'edit', 1, 'Successfully updated Subvoyage Management', '2016-03-01 19:33:57'),
	(102, 1, 1, 'voyage_management', 'edit', 2, 'Successfully updated Subvoyage Management', '2016-03-01 19:33:57'),
	(103, 1, 1, 'voyage_management', 'edit', 3, 'Successfully updated Subvoyage Management', '2016-03-01 19:33:57'),
	(104, 1, 1, 'debtor_management', 'add', 3, 'Successfully added Debtor', '2016-03-01 19:34:24'),
	(105, 1, 1, 'voyage_management', 'add', 8, 'Successfully added Voyage Management', '2016-03-01 19:37:49'),
	(106, 1, 1, 'voyage_management', 'add', 4, 'Successfully added Subvoyage Management', '2016-03-01 19:37:49'),
	(107, 1, 1, 'voyage_management', 'add', 5, 'Successfully added Subvoyage Management', '2016-03-01 19:37:49'),
	(108, 1, 1, 'voyage_management', 'edit', 4, 'Successfully updated Subvoyage Management', '2016-03-01 19:38:45'),
	(109, 1, 1, 'voyage_management', 'edit', 5, 'Successfully updated Subvoyage Management', '2016-03-01 19:38:45'),
	(110, 1, 1, 'voyage_management', 'edit', 1, 'Successfully updated Subvoyage Management', '2016-03-01 19:39:07'),
	(111, 1, 1, 'voyage_management', 'edit', 2, 'Successfully updated Subvoyage Management', '2016-03-01 19:39:07'),
	(112, 1, 1, 'voyage_management', 'edit', 3, 'Successfully updated Subvoyage Management', '2016-03-01 19:39:07'),
	(113, 1, 1, 'voyage_management', 'add', 9, 'Successfully added Voyage Management', '2016-03-01 19:39:31'),
	(114, 1, 1, 'voyage_management', 'add', 6, 'Successfully added Subvoyage Management', '2016-03-01 19:39:31'),
	(115, 1, 1, 'voyage_management', 'add', 7, 'Successfully added Subvoyage Management', '2016-03-01 19:39:32'),
	(116, 1, 1, 'voyage_management', 'add', 10, 'Successfully added Voyage Management', '2016-03-01 19:39:53'),
	(117, 1, 1, 'voyage_management', 'add', 8, 'Successfully added Subvoyage Management', '2016-03-01 19:39:53'),
	(118, 1, 1, 'voyage_management', 'add', 9, 'Successfully added Subvoyage Management', '2016-03-01 19:39:53'),
	(119, 1, 1, 'voyage_management', 'add', 11, 'Successfully added Voyage Management', '2016-03-01 19:41:40'),
	(120, 1, 1, 'voyage_management', 'add', 10, 'Successfully added Subvoyage Management', '2016-03-01 19:41:40'),
	(121, 1, 1, 'voyage_management', 'add', 11, 'Successfully added Subvoyage Management', '2016-03-01 19:41:40'),
	(122, 1, 1, 'voyage_management', 'add', 12, 'Successfully added Voyage Management', '2016-03-01 19:50:11'),
	(123, 1, 1, 'voyage_management', 'add', 12, 'Successfully added Subvoyage Management', '2016-03-01 19:50:11'),
	(124, 1, 1, 'voyage_management', 'add', 13, 'Successfully added Subvoyage Management', '2016-03-01 19:50:11'),
	(125, 1, 1, 'voyage', 'add', 6, 'Successfully added Voyage', '2016-03-01 19:59:27'),
	(126, 1, 1, 'voyage_management', 'add', 13, 'Successfully added Voyage Management', '2016-03-01 19:59:43'),
	(127, 1, 1, 'voyage_management', 'add', 14, 'Successfully added Subvoyage Management', '2016-03-01 19:59:43'),
	(128, 0, 0, 'login', 'index', 0, '', '2016-03-02 09:15:33'),
	(129, 0, 0, 'login', 'index', 0, '', '2016-03-02 09:33:29'),
	(130, 0, 0, 'login', 'index', 0, '', '2016-03-02 09:38:11'),
	(131, 0, 0, 'login', 'index', 0, '', '2016-03-02 09:39:06'),
	(132, 0, 0, 'login', 'index', 0, '', '2016-03-02 09:39:07'),
	(133, 0, 0, 'login', 'index', 0, '', '2016-03-02 09:57:38'),
	(134, 1, 1, 'voyage', 'edit', 2, 'Successfully updated voyage', '2016-03-02 09:57:39'),
	(135, 1, 1, 'voyage', 'edit', 2, 'Successfully updated voyage', '2016-03-02 09:58:07'),
	(136, 1, 1, 'ticket_series', 'add', 2, 'Successfully added ticket series 100000000100-100000000200', '2016-03-02 10:00:17'),
	(137, 1, 1, 'voyage', 'edit', 2, 'Successfully updated voyage', '2016-03-02 10:01:32'),
	(138, 1, 1, 'ticket_series', 'add', 3, 'Successfully added ticket series ', '2016-03-02 10:02:05'),
	(139, 1, 1, 'voyage', 'edit', 2, 'Successfully updated voyage', '2016-03-02 10:06:29'),
	(140, 1, 1, 'discount', 'edit', 6, 'Successfully updated discount', '2016-03-02 10:07:06'),
	(141, 1, 1, 'voyage', 'edit', 2, 'Successfully updated voyage', '2016-03-02 10:07:35'),
	(142, 1, 1, 'voyage', 'edit', 2, 'Successfully updated voyage', '2016-03-02 10:07:48'),
	(143, 1, 1, 'voyage', 'edit', 2, 'Successfully updated voyage', '2016-03-02 10:09:12'),
	(144, 1, 1, 'voyage', 'edit', 2, 'Successfully updated voyage', '2016-03-02 10:32:12'),
	(145, 1, 1, 'voyage', 'edit', 2, 'Successfully updated voyage', '2016-03-02 10:37:43'),
	(146, 1, 1, 'voyage', 'edit', 2, 'Successfully updated voyage', '2016-03-02 10:48:48'),
	(147, 1, 1, 'discount', 'edit', 8, 'Successfully updated discount', '2016-03-02 10:50:53'),
	(148, 1, 1, 'announcement', 'edit', 2, 'Successfully updated announcement', '2016-03-02 10:52:04'),
	(149, 1, 1, 'voyage', 'edit', 2, 'Successfully updated voyage', '2016-03-02 10:57:33'),
	(150, 1, 1, 'voyage', 'edit', 2, 'Successfully updated voyage', '2016-03-02 10:57:46'),
	(151, 1, 1, 'announcement', 'edit', 5, 'Successfully updated announcement', '2016-03-02 10:59:30'),
	(152, 1, 1, 'voyage', 'add', 7, 'Successfully added Voyage', '2016-03-02 10:59:51'),
	(153, 1, 1, 'vessel', 'edit', 1, 'Successfully updated vessel.', '2016-03-02 11:35:59'),
	(154, 1, 1, 'vessel', 'add', 4, 'Successfully added vessel.', '2016-03-02 11:39:31'),
	(155, 1, 1, 'vessel', 'edit', 4, 'Successfully updated vessel.', '2016-03-02 11:39:41'),
	(156, 1, 1, 'voyage_management', 'edit', 1, 'Successfully updated Subvoyage Management', '2016-03-02 11:45:01'),
	(157, 1, 1, 'voyage_management', 'edit', 2, 'Successfully updated Subvoyage Management', '2016-03-02 11:45:01'),
	(158, 1, 1, 'voyage_management', 'edit', 3, 'Successfully updated Subvoyage Management', '2016-03-02 11:45:01'),
	(159, 1, 1, 'rule_set', 'add', 2, 'Successfully added rule set', '2016-03-02 11:55:35'),
	(160, 1, 1, 'rule_set', 'add', 3, 'Successfully added rule set', '2016-03-02 11:55:57'),
	(161, 1, 1, 'rule_set', 'add', 4, 'Successfully added rule set', '2016-03-02 11:56:57'),
	(162, 1, 1, 'passenger_fare', 'add', 1, 'Successfully added Passenger Fare', '2016-03-02 11:57:40'),
	(163, 1, 1, 'voyage_management', 'add', 14, 'Successfully added Voyage Management', '2016-03-02 14:00:01'),
	(164, 1, 1, 'voyage_management', 'add', 15, 'Successfully added Subvoyage Management', '2016-03-02 14:00:01'),
	(165, 1, 1, 'voyage_management', 'add', 16, 'Successfully added Subvoyage Management', '2016-03-02 14:00:02'),
	(166, 1, 1, 'voyage_management', 'add', 17, 'Successfully added Subvoyage Management', '2016-03-02 14:00:02'),
	(167, 1, 1, 'debtor_management', 'edit', 1, 'Successfully updated Debtor', '2016-03-02 14:10:27'),
	(168, 1, 1, 'debtor_management', 'edit', 1, 'Successfully updated Debtor', '2016-03-02 14:12:45'),
	(169, 1, 1, 'debtor_management', 'edit', 1, 'Successfully updated Debtor', '2016-03-02 14:19:38'),
	(170, 1, 1, 'debtor_management', 'edit', 1, 'Successfully updated Debtor', '2016-03-02 14:20:31'),
	(171, 1, 1, 'debtor_management', 'edit', 1, 'Successfully updated Debtor', '2016-03-02 14:22:10'),
	(172, 1, 1, 'debtor_management', 'edit', 1, 'Successfully updated Debtor', '2016-03-02 14:25:59'),
	(173, 1, 1, 'debtor_management', 'edit', 1, 'Successfully updated Debtor', '2016-03-02 14:27:35'),
	(174, 1, 1, 'voyage_management', 'edit', 4, 'Successfully updated Subvoyage Management', '2016-03-02 14:31:56'),
	(175, 1, 1, 'voyage_management', 'edit', 5, 'Successfully updated Subvoyage Management', '2016-03-02 14:31:56'),
	(176, 1, 1, 'voyage_management', 'edit', 1, 'Successfully updated subvoyage management', '2016-03-02 14:39:49'),
	(177, 1, 1, 'voyage_management', 'edit', 2, 'Successfully updated subvoyage management', '2016-03-02 14:39:49'),
	(178, 1, 1, 'voyage_management', 'edit', 3, 'Successfully updated subvoyage management', '2016-03-02 14:39:49'),
	(179, 1, 1, 'announcement', 'add', 6, 'Successfully added announcement', '2016-03-02 15:17:20'),
	(180, 1, 1, 'logout', 'index', 0, '', '2016-03-02 15:17:23'),
	(181, 0, 0, 'login', 'index', 0, '', '2016-03-02 15:17:29'),
	(182, 1, 1, 'payment_account', 'add', 3, 'Successfully added payment account', '2016-03-02 15:20:02'),
	(183, 1, 1, 'payment_account', 'add', 4, 'Successfully added payment account', '2016-03-02 15:20:29'),
	(184, 1, 1, 'passenger_fare', 'add', 2, 'Successfully added Passenger Fare', '2016-03-02 15:22:00'),
	(185, 1, 1, 'padala_cargo', 'add', 3, 'Successfully added padala cargo rate', '2016-03-02 15:22:38'),
	(186, 1, 1, 'rolling_cargo', 'add', 1, 'Successfully added RORO rate.', '2016-03-02 15:23:40'),
	(187, 1, 1, 'voyage_management', 'edit', 1, 'Successfully updated subvoyage management', '2016-03-02 15:25:39'),
	(188, 1, 1, 'voyage_management', 'edit', 2, 'Successfully updated subvoyage management', '2016-03-02 15:25:39'),
	(189, 1, 1, 'voyage_management', 'edit', 3, 'Successfully updated subvoyage management', '2016-03-02 15:25:39'),
	(190, 1, 1, 'outlet', 'add', 7, 'Successfully added outlet', '2016-03-02 15:51:00'),
	(191, 1, 1, 'outlet', 'add', 8, 'Successfully added outlet', '2016-03-02 15:51:39'),
	(192, 1, 1, 'passenger_fare', 'edit', 1, 'Successfully updated Passenger Fare', '2016-03-02 15:55:28'),
	(193, 1, 1, 'voyage_management', 'edit', 1, 'Successfully updated subvoyage management', '2016-03-02 16:21:50'),
	(194, 1, 1, 'voyage_management', 'edit', 2, 'Successfully updated subvoyage management', '2016-03-02 16:21:50'),
	(195, 1, 1, 'voyage_management', 'edit', 3, 'Successfully updated subvoyage management', '2016-03-02 16:21:50'),
	(196, 1, 1, 'debtor_management', 'add', 4, 'Successfully added Debtor', '2016-03-02 18:06:52'),
	(197, 1, 1, 'debtor_management', 'add', 5, 'Successfully added Debtor', '2016-03-02 18:15:40'),
	(198, 1, 1, 'logout', 'index', 0, '', '2016-03-02 18:19:17'),
	(199, 0, 0, 'login', 'index', 0, '', '2016-03-03 09:29:08'),
	(200, 0, 0, 'login', 'index', 0, '', '2016-03-03 09:55:39'),
	(201, 1, 1, 'debtor_management', 'add', 6, 'Successfully added Debtor', '2016-03-03 10:16:35'),
	(202, 0, 0, 'logout', 'index', 0, '', '2016-03-03 14:11:49'),
	(203, 0, 0, 'login', 'index', 0, '', '2016-03-03 14:11:57'),
	(204, 1, 1, 'debtor_management', 'add', 7, 'Successfully added Debtor', '2016-03-03 15:13:02'),
	(205, 1, 1, 'debtor_management', 'add', 8, 'Successfully added Debtor', '2016-03-03 15:24:15'),
	(206, 1, 1, 'debtor_management', 'edit', 8, 'Successfully updated Debtor', '2016-03-03 15:40:29'),
	(207, 1, 1, 'debtor_management', 'edit', 8, 'Successfully updated Debtor', '2016-03-03 15:40:38'),
	(208, 1, 1, 'debtor_management', 'edit', 8, 'Successfully updated Debtor', '2016-03-03 15:40:48'),
	(209, 1, 1, 'debtor_management', 'edit', 8, 'Successfully updated Debtor', '2016-03-03 15:41:10'),
	(210, 1, 1, 'debtor_management', 'edit', 8, 'Successfully updated Debtor', '2016-03-03 15:41:36'),
	(211, 1, 1, 'debtor_management', 'edit', 8, 'Successfully updated Debtor', '2016-03-03 15:44:49'),
	(212, 0, 0, 'login', 'index', 0, '', '2016-03-03 15:59:49'),
	(213, 1, 1, 'debtor_management', 'edit', 8, 'Successfully updated Debtor', '2016-03-03 16:22:16'),
	(214, 1, 1, 'debtor_management', 'edit', 8, 'Successfully updated Debtor', '2016-03-03 16:22:34'),
	(215, 1, 1, 'debtor_management', 'edit', 8, 'Successfully updated Debtor', '2016-03-03 16:22:43'),
	(216, 0, 0, 'login', 'index', 0, '', '2016-03-03 16:24:04'),
	(217, 1, 1, 'debtor_management', 'edit', 8, 'Successfully updated Debtor', '2016-03-03 16:29:14'),
	(218, 1, 1, 'debtor_management', 'edit', 8, 'Successfully updated Debtor', '2016-03-03 16:29:21'),
	(219, 1, 1, 'outlet', 'add', 9, 'Successfully added outlet', '2016-03-03 16:34:51'),
	(220, 1, 1, 'debtor_management', 'edit', 8, 'Successfully updated Debtor', '2016-03-03 16:35:20'),
	(221, 1, 1, 'debtor_management', 'edit', 8, 'Successfully updated Debtor', '2016-03-03 16:35:27'),
	(222, 1, 1, 'debtor_management', 'edit', 8, 'Successfully updated Debtor', '2016-03-03 17:02:45'),
	(223, 1, 1, 'debtor_management', 'edit', 8, 'Successfully updated Debtor', '2016-03-03 17:02:53'),
	(224, 1, 1, 'debtor_management', 'edit', 8, 'Successfully updated Debtor', '2016-03-03 17:03:21'),
	(225, 1, 1, 'debtor_management', 'edit', 8, 'Successfully updated Debtor', '2016-03-03 17:04:23'),
	(226, 1, 1, 'debtor_management', 'edit', 8, 'Successfully updated Debtor', '2016-03-03 17:18:31'),
	(227, 1, 1, 'port', 'add', 8, 'Successfully added port', '2016-03-03 17:41:59'),
	(228, 1, 1, 'debtor_management', 'edit', 8, 'Successfully updated Debtor', '2016-03-03 17:42:33'),
	(229, 1, 1, 'debtor_management', 'edit', 8, 'Successfully updated Debtor', '2016-03-03 17:44:52'),
	(230, 1, 1, 'debtor_management', 'edit', 8, 'Successfully updated Debtor', '2016-03-03 17:46:40'),
	(231, 1, 1, 'debtor_management', 'edit', 8, 'Successfully updated Debtor', '2016-03-03 17:50:16'),
	(232, 1, 1, 'evoucher', 'add', 1, 'Successfully added e-voucher.', '2016-03-03 17:53:41'),
	(233, 1, 1, 'debtor_management', 'edit', 8, 'Successfully updated Debtor', '2016-03-03 18:08:13'),
	(234, 1, 1, 'debtor_management', 'edit', 8, 'Successfully updated Debtor', '2016-03-03 18:08:36'),
	(235, 1, 1, 'debtor_management', 'edit', 8, 'Successfully updated Debtor', '2016-03-03 18:12:07'),
	(236, 1, 1, 'debtor_management', 'edit', 8, 'Successfully updated Debtor', '2016-03-03 18:13:24'),
	(237, 1, 1, 'debtor_management', 'edit', 8, 'Successfully updated Debtor', '2016-03-03 18:21:41'),
	(238, 1, 1, 'debtor_management', 'edit', 8, 'Successfully updated Debtor', '2016-03-03 18:21:53'),
	(239, 1, 1, 'debtor_management', 'edit', 8, 'Successfully updated Debtor', '2016-03-03 18:22:10'),
	(240, 1, 1, 'debtor_management', 'edit', 8, 'Successfully updated Debtor', '2016-03-03 18:22:43'),
	(241, 1, 1, 'debtor_management', 'edit', 8, 'Successfully updated Debtor', '2016-03-03 18:23:38'),
	(242, 1, 1, 'debtor_management', 'edit', 8, 'Successfully updated Debtor', '2016-03-03 18:23:45'),
	(243, 1, 1, 'debtor_management', 'edit', 8, 'Successfully updated Debtor', '2016-03-03 18:24:02'),
	(244, 0, 0, 'login', 'index', 0, '', '2016-03-04 09:07:33'),
	(245, 0, 0, 'login', 'index', 0, '', '2016-03-04 10:03:07'),
	(246, 0, 0, 'login', 'index', 0, '', '2016-03-04 10:37:16'),
	(247, 0, 0, 'login', 'index', 0, '', '2016-03-04 10:57:25'),
	(248, 1, 1, 'voyage_management', 'edit', 1, 'Successfully updated subvoyage management', '2016-03-04 11:01:55'),
	(249, 1, 1, 'voyage_management', 'edit', 2, 'Successfully updated subvoyage management', '2016-03-04 11:01:56'),
	(250, 1, 1, 'voyage_management', 'edit', 3, 'Successfully updated subvoyage management', '2016-03-04 11:01:56'),
	(251, 0, 0, 'login', 'index', 0, '', '2016-03-04 11:08:59'),
	(252, 0, 0, 'login', 'index', 0, '', '2016-03-04 11:19:42'),
	(253, 1, 1, 'padala_cargo_checkin', 'index', 1, 'Successfully checked-in Padala Cargo', '2016-03-04 12:01:02'),
	(254, 1, 1, 'debtor_wallet', 'add', 4, 'Successfully added Debtor Wallet', '2016-03-04 12:42:19'),
	(255, 1, 1, 'debtor_wallet', 'add', 5, 'Successfully added Debtor Wallet', '2016-03-04 12:42:44'),
	(256, 1, 1, 'padala_cargo_checkin_payment', 'index', 1, 'Successfully saved padala cargo payment', '2016-03-04 12:53:04'),
	(257, 1, 1, 'padala_cargo_checkin_payment', 'index', 1, 'Successfully saved padala cargo payment', '2016-03-04 12:57:03'),
	(258, 1, 1, 'debtor_wallet', 'index', 6, 'Successfully added Debtor Wallet', '2016-03-04 13:00:03'),
	(259, 0, 0, 'login', 'index', 0, '', '2016-03-04 13:33:19'),
	(260, 1, 1, 'padala_cargo_checkin_payment', 'index', 1, 'Successfully saved padala cargo payment', '2016-03-04 13:56:33'),
	(261, 1, 1, 'padala_cargo_checkin_payment', 'index', 1, 'Successfully saved padala cargo payment', '2016-03-04 13:59:59'),
	(262, 0, 0, 'login', 'index', 0, '', '2016-03-04 14:03:18'),
	(263, 1, 1, 'padala_cargo_checkin_payment', 'index', 2, 'Successfully saved padala cargo payment', '2016-03-04 14:05:23'),
	(264, 1, 1, 'padala_cargo_checkin_payment', 'index', 3, 'Successfully saved padala cargo payment', '2016-03-04 14:07:15'),
	(265, 1, 1, 'padala_cargo_checkin_payment', 'index', 4, 'Successfully saved padala cargo payment', '2016-03-04 14:07:42'),
	(266, 1, 1, 'padala_cargo_checkin_payment', 'index', 5, 'Successfully saved padala cargo payment', '2016-03-04 14:10:23'),
	(267, 1, 1, 'padala_cargo_checkin_payment', 'index', 6, 'Successfully saved padala cargo payment', '2016-03-04 14:10:51'),
	(268, 1, 1, 'debtor_wallet', 'index', 7, 'Successfully added Debtor Wallet', '2016-03-04 14:18:11'),
	(269, 1, 1, 'padala_cargo_checkin_payment', 'index', 7, 'Successfully saved padala cargo payment', '2016-03-04 14:28:22'),
	(270, 1, 1, 'padala_cargo_checkin_payment', 'index', 8, 'Successfully saved padala cargo payment', '2016-03-04 14:31:30'),
	(271, 1, 1, 'padala_cargo_checkin_payment', 'index', 9, 'Successfully saved padala cargo payment', '2016-03-04 14:51:03'),
	(272, 1, 1, 'debtor_management', 'edit', 8, 'Successfully updated Debtor', '2016-03-04 16:20:22'),
	(273, 0, 0, 'login', 'index', 0, '', '2016-03-06 13:50:20'),
	(274, 0, 0, 'login', 'index', 0, '', '2016-03-07 09:58:13'),
	(275, 0, 0, 'login', 'index', 0, '', '2016-03-07 10:14:44'),
	(276, 0, 0, 'login', 'index', 0, '', '2016-03-07 14:28:13'),
	(277, 1, 1, 'eticket_passenger', 'index', 5, 'Successfully added E-ticket', '2016-03-07 16:18:19'),
	(278, 1, 1, 'eticket_passenger', 'index', 6, 'Successfully added E-ticket', '2016-03-07 16:18:19'),
	(279, 0, 0, 'login', 'index', 0, '', '2016-03-08 08:41:47'),
	(280, 1, 1, 'eticket_passenger', 'index', 1, 'Successfully added E-ticket', '2016-03-08 09:11:06'),
	(281, 1, 1, 'eticket_passenger', 'index', 2, 'Successfully added E-ticket', '2016-03-08 09:12:48'),
	(282, 1, 1, 'eticket_passenger', 'index', 3, 'Successfully added E-ticket', '2016-03-08 09:12:48'),
	(283, 0, 0, 'login', 'index', 0, '', '2016-03-08 10:02:35'),
	(284, 0, 0, 'login', 'index', 0, '', '2016-03-08 13:58:39'),
	(285, 1, 1, 'logout', 'index', 0, '', '2016-03-08 14:04:52'),
	(286, 0, 0, 'login', 'index', 0, '', '2016-03-08 14:04:59'),
	(287, 0, 0, 'login', 'index', 0, '', '2016-03-08 14:52:07'),
	(288, 1, 1, 'evoucher', 'generate', 1, 'Successfully added e-voucher series.', '2016-03-08 15:29:26'),
	(289, 1, 1, 'evoucher', 'generate', 2, 'Successfully added e-voucher series.', '2016-03-08 15:29:26'),
	(290, 1, 1, 'evoucher', 'generate', 3, 'Successfully added e-voucher series.', '2016-03-08 15:29:26'),
	(291, 1, 1, 'evoucher', 'generate', 4, 'Successfully added e-voucher series.', '2016-03-08 15:29:26'),
	(292, 1, 1, 'evoucher', 'generate', 5, 'Successfully added e-voucher series.', '2016-03-08 15:29:26'),
	(293, 1, 1, 'evoucher', 'generate', 6, 'Successfully added e-voucher series.', '2016-03-08 15:29:26'),
	(294, 1, 1, 'evoucher', 'generate', 7, 'Successfully added e-voucher series.', '2016-03-08 15:29:26'),
	(295, 1, 1, 'evoucher', 'generate', 8, 'Successfully added e-voucher series.', '2016-03-08 15:29:26'),
	(296, 1, 1, 'evoucher', 'generate', 9, 'Successfully added e-voucher series.', '2016-03-08 15:29:26'),
	(297, 1, 1, 'evoucher', 'generate', 10, 'Successfully added e-voucher series.', '2016-03-08 15:29:26'),
	(298, 1, 1, 'passenger_fare', 'add', 3, 'Successfully added Passenger Fare', '2016-03-08 19:12:24'),
	(299, 1, 1, 'passenger_fare', 'add', 4, 'Successfully added Passenger Fare', '2016-03-08 19:20:18'),
	(300, 1, 1, 'passenger_fare', 'edit', 4, 'Successfully updated Passenger Fare', '2016-03-08 19:21:00'),
	(301, 1, 1, 'passenger_fare', 'add', 5, 'Successfully added Passenger Fare', '2016-03-08 19:31:07'),
	(302, 1, 1, 'passenger_fare', 'add', 6, 'Successfully added Passenger Fare', '2016-03-08 19:34:31'),
	(303, 1, 1, 'passenger_fare', 'add', 7, 'Successfully added Passenger Fare', '2016-03-08 19:37:21'),
	(304, 1, 1, 'passenger_fare', 'edit', 6, 'Successfully updated Passenger Fare', '2016-03-08 19:38:36'),
	(305, 1, 1, 'passenger_fare', 'edit', 7, 'Successfully updated Passenger Fare', '2016-03-08 19:38:48'),
	(306, 1, 1, 'passenger_fare', 'edit', 5, 'Successfully updated Passenger Fare', '2016-03-08 19:39:04'),
	(307, 0, 0, 'login', 'index', 0, '', '2016-03-09 09:15:39'),
	(308, 0, 0, 'login', 'index', 0, '', '2016-03-09 09:37:16'),
	(309, 0, 0, 'login', 'index', 0, '', '2016-03-09 13:52:15'),
	(310, 0, 0, 'login', 'index', 0, '', '2016-03-09 14:43:12'),
	(311, 1, 1, 'passenger_fare', 'add', 8, 'Successfully added Passenger Fare', '2016-03-09 15:30:27'),
	(312, 1, 1, 'passenger_fare', 'edit', 8, 'Successfully updated Passenger Fare', '2016-03-09 15:31:25'),
	(313, 1, 1, 'passenger_fare', 'edit', 7, 'Successfully updated Passenger Fare', '2016-03-09 15:34:13'),
	(335, 0, 0, 'login', 'index', 0, '', '2016-03-10 09:37:48'),
	(336, 0, 0, 'login', 'index', 0, '', '2016-03-10 09:40:40'),
	(337, 1, 1, 'logout', 'index', 0, '', '2016-03-10 09:41:04'),
	(338, 1, 1, 'login', 'index', 0, '', '2016-03-10 09:48:45'),
	(339, 0, 0, 'login', 'ajax', 0, '', '2016-03-10 10:02:37'),
	(340, 1, 1, 'logout', 'index', 0, '', '2016-03-10 10:08:17'),
	(341, 1, 1, 'logout', 'index', 0, '', '2016-03-10 10:15:41'),
	(342, 0, 0, 'login', 'index', 0, '', '2016-03-10 10:16:45'),
	(343, 1, 1, 'logout', 'index', 0, '', '2016-03-10 10:18:08'),
	(344, 0, 0, 'login', 'index', 0, '', '2016-03-10 10:18:18'),
	(345, 0, 0, 'login', 'ajax', 0, '', '2016-03-10 10:24:43'),
	(346, 0, 0, 'login', 'ajax', 0, '', '2016-03-10 10:26:27'),
	(347, 0, 0, 'logout', 'index', 0, '', '2016-03-10 10:27:43'),
	(348, 0, 0, 'login', 'ajax', 0, '', '2016-03-10 10:29:46'),
	(349, 0, 0, 'login', 'index', 0, '', '2016-03-10 11:36:47'),
	(350, 0, 0, 'login', 'ajax', 0, '', '2016-03-10 12:51:25'),
	(351, 0, 0, 'login', 'ajax', 0, '', '2016-03-10 13:12:48'),
	(352, 0, 0, 'login', 'ajax', 0, '', '2016-03-10 13:13:21'),
	(353, 0, 0, 'login', 'ajax', 0, '', '2016-03-10 13:14:13'),
	(354, 0, 0, 'login', 'index', 0, '', '2016-03-10 14:01:34'),
	(355, 1, 1, 'logout', 'index', 0, '', '2016-03-10 14:03:08'),
	(356, 1, 1, 'logout', 'index', 0, '', '2016-03-10 14:03:58'),
	(357, 0, 0, 'login', 'ajax', 0, '', '2016-03-10 14:41:45'),
	(358, 0, 0, 'login', 'ajax', 0, '', '2016-03-10 14:50:27'),
	(359, 0, 0, 'login', 'ajax', 0, '', '2016-03-10 14:53:33'),
	(360, 0, 0, 'login', 'index', 0, '', '2016-03-10 16:15:34'),
	(361, 0, 0, 'login', 'ajax', 0, '', '2016-03-10 16:23:14'),
	(362, 0, 0, 'login', 'ajax', 0, '', '2016-03-10 16:28:25'),
	(363, 0, 0, 'login', 'index', 0, '', '2016-03-10 16:28:56'),
	(364, 1, 1, 'logout', 'index', 0, '', '2016-03-10 16:29:01'),
	(365, 0, 0, 'login', 'ajax', 0, '', '2016-03-10 17:01:38'),
	(366, 0, 0, 'login', 'ajax', 0, '', '2016-03-10 17:27:37'),
	(367, 0, 0, 'login', 'index', 0, '', '2016-03-11 08:09:58'),
	(368, 0, 0, 'login', 'ajax', 0, '', '2016-03-11 09:15:50'),
	(369, 0, 0, 'login', 'ajax', 0, '', '2016-03-11 09:16:46'),
	(370, 0, 0, 'login', 'ajax', 0, '', '2016-03-11 09:17:49'),
	(371, 0, 0, 'login', 'ajax', 0, '', '2016-03-11 09:18:45'),
	(372, 0, 0, 'login', 'index', 0, '', '2016-03-11 09:56:16'),
	(373, 0, 0, 'login', 'index', 0, '', '2016-03-11 13:26:32'),
	(374, 1, 1, 'logout', 'index', 0, '', '2016-03-11 14:14:55'),
	(375, 0, 0, 'login', 'index', 0, '', '2016-03-11 14:21:02'),
	(376, 0, 0, 'login', 'index', 0, '', '2016-03-11 14:21:42'),
	(377, 0, 0, 'login', 'index', 0, '', '2016-03-11 14:29:17'),
	(378, 0, 0, 'login', 'index', 0, '', '2016-03-11 16:18:56'),
	(379, 0, 0, 'login', 'index', 0, '', '2016-03-14 09:41:40'),
	(380, 0, 0, 'login', 'index', 0, '', '2016-03-14 10:00:03'),
	(381, 0, 0, 'login', 'index', 0, '', '2016-03-14 10:37:59'),
	(382, 1, 1, 'logout', 'index', 0, '', '2016-03-14 11:19:58'),
	(383, 0, 0, 'login', 'index', 0, '', '2016-03-14 11:36:59'),
	(384, 1, 1, 'passenger_fare', 'edit', 6, 'Successfully updated Passenger Fare', '2016-03-14 13:10:16'),
	(385, 0, 0, 'login', 'index', 0, '', '2016-03-14 13:26:17'),
	(386, 1, 1, 'roro_eticket', 'index', 2, 'Successfully added roro ticket', '2016-03-14 13:50:49'),
	(387, 1, 1, 'rolling_cargo_checkin', 'ajax', 2, 'Successfully added Rolling Cargo Check In', '2016-03-14 14:54:13'),
	(388, 0, 0, 'login', 'index', 0, '', '2016-03-14 15:19:13'),
	(389, 1, 1, 'rolling_cargo_checkin', 'ajax', 3, 'Successfully added Rolling Cargo Check In', '2016-03-14 15:19:44'),
	(390, 1, 1, 'rolling_cargo_checkin', 'ajax', 4, 'Successfully added Rolling Cargo Check In', '2016-03-14 15:20:27'),
	(391, 1, 1, 'rolling_cargo_checkin', 'ajax', 5, 'Successfully added Rolling Cargo Check In', '2016-03-14 15:21:12'),
	(392, 1, 1, 'rolling_cargo_checkin', 'ajax', 6, 'Successfully added Rolling Cargo Check In', '2016-03-14 15:23:14'),
	(393, 1, 1, 'rolling_cargo_checkin', 'ajax', 7, 'Successfully added Rolling Cargo Check In', '2016-03-14 15:35:59'),
	(394, 0, 0, 'login', 'index', 0, '', '2016-03-14 15:58:09'),
	(395, 0, 0, 'login', 'index', 0, '', '2016-03-15 09:02:17'),
	(396, 0, 0, 'login', 'index', 0, '', '2016-03-15 09:02:18'),
	(397, 0, 0, 'login', 'index', 0, '', '2016-03-15 09:09:33'),
	(398, 1, 1, 'rolling_cargo_checkin', 'ajax', 14, 'Successfully updated voyage status', '2016-03-15 10:17:44'),
	(399, 1, 1, 'rolling_cargo_checkin', 'ajax', 14, 'Successfully updated voyage status', '2016-03-15 10:23:04'),
	(400, 1, 1, 'rolling_cargo_checkin', 'ajax', 14, 'Successfully updated voyage status', '2016-03-15 10:27:49'),
	(401, 1, 1, 'rolling_cargo_checkin', 'ajax', 14, 'Successfully updated voyage status', '2016-03-15 10:29:16'),
	(402, 1, 1, 'rolling_cargo_checkin', 'ajax', 14, 'Successfully updated voyage status', '2016-03-15 10:47:26'),
	(403, 1, 1, 'rolling_cargo_checkin', 'ajax', 14, 'Successfully updated voyage status', '2016-03-15 10:49:20'),
	(404, 1, 1, 'rolling_cargo_checkin', 'ajax', 14, 'Successfully updated voyage status', '2016-03-15 10:49:46'),
	(405, 1, 1, 'rolling_cargo_checkin', 'ajax', 14, 'Successfully updated voyage status', '2016-03-15 11:00:32'),
	(406, 1, 1, 'rolling_cargo_checkin', 'ajax', 14, 'Successfully updated voyage status', '2016-03-15 11:01:38'),
	(407, 1, 1, 'rolling_cargo_checkin', 'ajax', 14, 'Successfully updated voyage status', '2016-03-15 11:01:51'),
	(408, 1, 1, 'rolling_cargo_checkin', 'ajax', 14, 'Successfully updated voyage status', '2016-03-15 11:02:45'),
	(409, 1, 1, 'rolling_cargo_checkin', 'ajax', 14, 'Successfully updated voyage status', '2016-03-15 11:02:51'),
	(410, 0, 0, 'login', 'index', 0, '', '2016-03-15 11:06:09'),
	(411, 1, 1, 'rolling_cargo_checkin', 'ajax', 15, 'Successfully updated voyage status', '2016-03-15 11:40:46'),
	(412, 0, 0, 'login', 'index', 0, '', '2016-03-15 14:23:47'),
	(413, 0, 0, 'login', 'index', 0, '', '2016-03-15 14:24:40'),
	(414, 0, 0, 'login', 'index', 0, '', '2016-03-15 14:41:11'),
	(415, 1, 1, 'user', 'edit', 7, 'Successfully updated user account!', '2016-03-15 14:57:07'),
	(416, 1, 1, 'announcement', 'edit', 6, 'Successfully updated announcement', '2016-03-15 15:05:47'),
	(417, 1, 1, 'eticket', 'index', 1, 'Successfully updated Eticket', '2016-03-15 15:46:20'),
	(418, 1, 1, 'announcement', 'edit', 6, 'Successfully updated announcement', '2016-03-15 15:47:21'),
	(419, 0, 0, 'login', 'index', 0, '', '2016-03-16 08:52:31'),
	(420, 0, 0, 'login', 'index', 0, '', '2016-03-16 09:21:54'),
	(421, 1, 1, 'roro_eticket', 'index', 3, 'Successfully added roro ticket', '2016-03-16 09:48:11'),
	(422, 0, 0, 'login', 'index', 0, '', '2016-03-16 10:19:12'),
	(423, 0, 0, 'login', 'index', 0, '', '2016-03-16 10:24:01'),
	(424, 1, 1, 'announcement', 'add', 7, 'Successfully added announcement', '2016-03-16 10:30:53'),
	(425, 1, 1, 'rolling_cargo_checkin', 'ajax', 1, 'Successfully updated voyage status', '2016-03-16 10:35:52'),
	(426, 1, 1, 'rolling_cargo_checkin', 'ajax', 1, 'Successfully updated voyage status', '2016-03-16 10:35:55'),
	(427, 1, 1, 'appearance', 'index', 0, 'Change Site Title', '2016-03-16 13:17:48'),
	(428, 1, 1, 'eticket', 'index', 1, 'Successfully updated Eticket', '2016-03-16 14:20:57'),
	(429, 1, 1, 'eticket', 'index', 1, 'Successfully updated Eticket', '2016-03-16 14:25:05'),
	(430, 1, 1, 'eticket', 'index', 1, 'Successfully updated Eticket', '2016-03-16 14:28:25'),
	(431, 1, 1, 'eticket', 'index', 1, 'Successfully updated Eticket', '2016-03-16 14:48:12'),
	(432, 1, 1, 'debtor_wallet', 'index', 8, 'Successfully added Debtor Wallet', '2016-03-16 15:22:56'),
	(433, 0, 0, 'login', 'index', 0, '', '2016-03-16 16:53:19'),
	(434, 0, 0, 'login', 'index', 0, '', '2016-03-16 17:54:45'),
	(435, 1, 1, 'rule_set', 'edit', 2, 'Successfully updated rule set', '2016-03-16 18:01:23'),
	(436, 0, 0, 'login', 'index', 0, '', '2016-03-17 08:41:47'),
	(437, 0, 0, 'login', 'index', 0, '', '2016-03-17 08:53:56'),
	(438, 0, 0, 'login', 'index', 0, '', '2016-03-17 09:47:28'),
	(439, 1, 1, 'eticket', 'index', 1, 'Successfully updated Eticket', '2016-03-17 11:35:01'),
	(440, 1, 1, 'eticket', 'index', 1, 'Successfully updated Eticket', '2016-03-17 11:35:14'),
	(441, 1, 1, 'eticket', 'index', 1, 'Successfully updated Eticket', '2016-03-17 11:38:47'),
	(442, 1, 1, 'eticket', 'index', 1, 'Successfully updated Eticket', '2016-03-17 11:41:11'),
	(443, 1, 1, 'eticket', 'index', 1, 'Successfully updated Eticket', '2016-03-17 11:43:02'),
	(444, 1, 1, 'eticket', 'index', 1, 'Successfully updated Eticket', '2016-03-17 11:45:29'),
	(445, 1, 1, 'eticket', 'index', 1, 'Successfully updated Eticket', '2016-03-17 11:46:07'),
	(446, 1, 1, 'eticket', 'index', 1, 'Successfully updated Eticket', '2016-03-17 11:46:46'),
	(447, 1, 1, 'eticket', 'index', 1, 'Successfully updated Eticket', '2016-03-17 11:47:05'),
	(448, 1, 1, 'eticket', 'index', 1, 'Successfully updated Eticket', '2016-03-17 11:47:28'),
	(449, 1, 1, 'eticket', 'index', 1, 'Successfully updated Eticket', '2016-03-17 13:21:30'),
	(450, 1, 1, 'eticket', 'index', 1, 'Successfully updated Eticket', '2016-03-17 13:24:35'),
	(451, 1, 1, 'eticket', 'index', 1, 'Successfully updated Eticket', '2016-03-17 13:24:53'),
	(452, 1, 1, 'eticket', 'index', 1, 'Successfully updated Eticket', '2016-03-17 13:25:02'),
	(453, 1, 1, 'eticket', 'index', 1, 'Successfully updated Eticket', '2016-03-17 13:25:14'),
	(454, 1, 1, 'eticket', 'index', 1, 'Successfully updated Eticket', '2016-03-17 13:25:22'),
	(455, 1, 1, 'eticket', 'index', 1, 'Successfully updated Eticket', '2016-03-17 13:25:30'),
	(456, 1, 1, 'eticket', 'index', 1, 'Successfully updated Eticket', '2016-03-17 13:25:39'),
	(457, 1, 1, 'eticket', 'index', 1, 'Successfully updated Eticket', '2016-03-17 13:26:02'),
	(458, 1, 1, 'eticket', 'index', 1, 'Successfully updated Eticket', '2016-03-17 13:26:14'),
	(459, 1, 1, 'eticket', 'index', 1, 'Successfully updated Eticket', '2016-03-17 13:26:20'),
	(460, 1, 1, 'eticket', 'index', 1, 'Successfully updated Eticket', '2016-03-17 13:28:21'),
	(461, 1, 1, 'eticket', 'index', 1, 'Successfully updated Eticket', '2016-03-17 13:28:42'),
	(462, 1, 1, 'eticket', 'index', 1, 'Successfully updated Eticket', '2016-03-17 13:29:37'),
	(463, 1, 1, 'eticket', 'index', 1, 'Successfully updated Eticket', '2016-03-17 13:33:05'),
	(464, 1, 1, 'eticket', 'index', 1, 'Successfully updated Eticket', '2016-03-17 13:36:16'),
	(465, 1, 1, 'eticket', 'index', 1, 'Successfully updated Eticket', '2016-03-17 13:39:24'),
	(466, 0, 0, 'login', 'index', 0, '', '2016-03-17 13:45:23'),
	(467, 1, 1, 'rolling_cargo_checkin', 'ajax', 14, 'Successfully updated voyage status', '2016-03-17 14:00:49'),
	(468, 1, 1, 'passenger_fare', 'add', 9, 'Successfully added Passenger Fare', '2016-03-17 14:18:49'),
	(469, 1, 1, 'passenger_fare', 'add', 10, 'Successfully added Passenger Fare', '2016-03-17 14:24:12'),
	(470, 1, 1, 'logout', 'index', 0, '', '2016-03-17 15:36:26'),
	(471, 0, 0, 'login', 'index', 0, '', '2016-03-17 15:42:50'),
	(472, 1, 1, 'rolling_cargo_checkin', 'ajax', 14, 'Successfully updated voyage status', '2016-03-17 16:19:07'),
	(473, 1, 1, 'rolling_cargo_checkin', 'ajax', 14, 'Successfully updated voyage status', '2016-03-17 16:19:10'),
	(474, 1, 1, 'rolling_cargo_checkin', 'ajax', 8, 'Successfully added Rolling Cargo Check In', '2016-03-17 16:19:14'),
	(475, 1, 1, 'rolling_cargo_checkin', 'ajax', 9, 'Successfully added Rolling Cargo Check In', '2016-03-17 16:19:42'),
	(476, 1, 1, 'rolling_cargo_checkin', 'ajax', 14, 'Successfully updated voyage status', '2016-03-17 16:23:38'),
	(477, 1, 1, 'rolling_cargo_checkin', 'ajax', 14, 'Successfully updated voyage status', '2016-03-17 16:23:41'),
	(478, 1, 1, 'rolling_cargo_checkin', 'ajax', 14, 'Successfully updated voyage status', '2016-03-17 16:23:47'),
	(479, 0, 0, 'login', 'index', 0, '', '2016-03-18 08:16:47'),
	(480, 0, 0, 'login', 'index', 0, '', '2016-03-18 08:48:11'),
	(481, 0, 0, 'login', 'index', 0, '', '2016-03-18 01:38:45'),
	(482, 1, 1, 'logout', 'index', 0, '', '2016-03-18 09:34:23'),
	(483, 1, 1, 'logout', 'index', 0, '', '2016-03-18 01:39:13'),
	(484, 0, 0, 'login', 'index', 0, '', '2016-03-18 01:42:41'),
	(485, 1, 1, 'logout', 'index', 0, '', '2016-03-18 01:47:33'),
	(486, 0, 0, 'login', 'index', 0, '', '2016-03-18 01:47:52'),
	(487, 0, 0, 'login', 'index', 0, '', '2016-03-18 01:54:18'),
	(488, 1, 1, 'logout', 'index', 0, '', '2016-03-18 02:14:39'),
	(489, 0, 0, 'login', 'index', 0, '', '2016-03-18 02:14:46'),
	(490, 0, 0, 'login', 'index', 0, '', '2016-03-18 02:16:42'),
	(491, 0, 0, 'login', 'index', 0, '', '2016-03-18 02:22:26'),
	(492, 0, 0, 'login', 'index', 0, '', '2016-03-18 10:21:19'),
	(493, 1, 1, 'logout', 'index', 0, '', '2016-03-18 10:22:21'),
	(494, 1, 1, 'voyage', 'add', 8, 'Successfully added voyage code', '2016-03-18 03:17:51'),
	(495, 1, 1, 'voyage', 'edit', 6, 'Successfully updated voyage', '2016-03-18 03:18:06'),
	(496, 1, 1, 'voyage', 'add', 9, 'Successfully added voyage code', '2016-03-18 03:18:29'),
	(497, 1, 1, 'vessel', 'add', 5, 'Successfully added vessel.', '2016-03-18 03:20:24'),
	(498, 0, 0, 'login', 'index', 0, '', '2016-03-18 13:16:26'),
	(499, 0, 0, 'login', 'index', 0, '', '2016-03-18 05:34:53'),
	(500, 0, 0, 'login', 'index', 0, '', '2016-03-18 05:50:37'),
	(501, 1, 1, 'logout', 'index', 0, '', '2016-03-18 05:53:24'),
	(502, 0, 0, 'login', 'index', 0, '', '2016-03-18 14:03:50'),
	(503, 1, 1, 'voyage', 'add', 10, 'Successfully added voyage code', '2016-03-18 16:20:14'),
	(504, 1, 1, 'voyage_management', 'add', 15, 'Successfully added voyage management', '2016-03-18 16:20:28'),
	(505, 1, 1, 'voyage_management', 'add', 18, 'Successfully added subvoyage management', '2016-03-18 16:20:28'),
	(506, 0, 0, 'login', 'index', 0, '', '2016-03-21 09:00:01'),
	(507, 0, 0, 'login', 'index', 0, '', '2016-03-21 10:08:01'),
	(508, 0, 0, 'login', 'index', 0, '', '2016-03-21 02:25:58'),
	(509, 1, 1, 'rolling_cargo_checkin', 'ajax', 12, 'Successfully updated voyage status', '2016-03-21 10:31:10'),
	(510, 1, 1, 'rolling_cargo_checkin', 'ajax', 12, 'Successfully updated voyage status', '2016-03-21 10:31:12'),
	(511, 1, 1, 'rolling_cargo_checkin', 'ajax', 12, 'Successfully updated voyage status', '2016-03-21 10:31:14'),
	(512, 1, 1, 'rolling_cargo_checkin', 'ajax', 12, 'Successfully updated voyage status', '2016-03-21 10:31:16'),
	(513, 1, 1, 'rolling_cargo_checkin', 'ajax', 12, 'Successfully updated voyage status', '2016-03-21 10:31:19'),
	(514, 1, 1, 'rolling_cargo_checkin', 'ajax', 12, 'Successfully updated voyage status', '2016-03-21 10:31:22'),
	(515, 1, 1, 'rolling_cargo_checkin', 'ajax', 12, 'Successfully updated voyage status', '2016-03-21 10:31:24'),
	(516, 1, 1, 'rolling_cargo_checkin', 'ajax', 12, 'Successfully updated voyage status', '2016-03-21 10:31:26'),
	(517, 1, 1, 'rolling_cargo_checkin', 'ajax', 12, 'Successfully updated voyage status', '2016-03-21 10:31:28'),
	(518, 1, 1, 'rolling_cargo_checkin', 'ajax', 14, 'Successfully updated voyage status', '2016-03-21 10:36:01'),
	(519, 1, 1, 'rolling_cargo_checkin', 'ajax', 14, 'Successfully updated voyage status', '2016-03-21 10:36:04'),
	(520, 1, 1, 'rolling_cargo_checkin', 'ajax', 14, 'Successfully updated voyage status', '2016-03-21 10:42:04'),
	(521, 1, 1, 'rolling_cargo_checkin', 'ajax', 14, 'Successfully updated voyage status', '2016-03-21 10:42:10'),
	(522, 1, 1, 'rolling_cargo_checkin', 'ajax', 14, 'Successfully updated voyage status', '2016-03-21 10:42:13'),
	(523, 1, 1, 'rolling_cargo_checkin', 'ajax', 14, 'Successfully updated voyage status', '2016-03-21 10:42:18'),
	(524, 1, 1, 'rolling_cargo_checkin', 'ajax', 14, 'Successfully updated voyage status', '2016-03-21 10:42:21'),
	(525, 1, 1, 'rolling_cargo_checkin', 'ajax', 14, 'Successfully updated voyage status', '2016-03-21 10:42:32'),
	(526, 1, 1, 'rolling_cargo_checkin', 'ajax', 1, 'Successfully updated voyage status', '2016-03-21 10:57:47'),
	(527, 1, 1, 'rolling_cargo_checkin', 'ajax', 1, 'Successfully updated voyage status', '2016-03-21 10:57:52'),
	(528, 1, 1, 'rolling_cargo_checkin', 'ajax', 1, 'Successfully updated voyage status', '2016-03-21 10:57:54'),
	(529, 1, 1, 'rolling_cargo_checkin', 'ajax', 1, 'Successfully updated voyage status', '2016-03-21 10:58:02'),
	(530, 1, 1, 'rolling_cargo_checkin', 'ajax', 1, 'Successfully updated voyage status', '2016-03-21 10:58:06'),
	(531, 1, 1, 'rolling_cargo_checkin', 'ajax', 1, 'Successfully updated voyage status', '2016-03-21 10:58:09'),
	(532, 1, 1, 'rolling_cargo_checkin', 'ajax', 14, 'Successfully updated voyage status', '2016-03-21 11:23:14'),
	(533, 1, 1, 'rolling_cargo_checkin', 'ajax', 1, 'Successfully updated voyage status', '2016-03-21 11:33:07'),
	(534, 0, 0, 'login', 'index', 0, '', '2016-03-21 13:27:39'),
	(535, 1, 1, 'rolling_cargo_checkin', 'ajax', 14, 'Successfully updated voyage status', '2016-03-21 14:18:49'),
	(536, 1, 1, 'rolling_cargo_checkin', 'ajax', 14, 'Successfully updated voyage status', '2016-03-21 14:28:21'),
	(537, 1, 1, 'rolling_cargo_checkin', 'ajax', 14, 'Successfully updated voyage status', '2016-03-21 14:29:29'),
	(538, 1, 1, 'rolling_cargo_checkin', 'ajax', 14, 'Successfully updated voyage status', '2016-03-21 14:32:42'),
	(539, 1, 1, 'rolling_cargo_checkin', 'ajax', 14, 'Successfully updated voyage status', '2016-03-21 14:33:45'),
	(540, 1, 1, 'rolling_cargo_checkin', 'ajax', 14, 'Successfully updated voyage status', '2016-03-21 14:33:49'),
	(541, 1, 1, 'rolling_cargo_checkin', 'ajax', 14, 'Successfully updated voyage status', '2016-03-21 14:33:52'),
	(542, 1, 1, 'rolling_cargo_checkin', 'ajax', 14, 'Successfully updated voyage status', '2016-03-21 14:33:59'),
	(543, 1, 1, 'rolling_cargo_checkin', 'ajax', 14, 'Successfully updated voyage status', '2016-03-21 14:34:57'),
	(544, 1, 1, 'rolling_cargo_checkin', 'ajax', 14, 'Successfully updated voyage status', '2016-03-21 14:35:02'),
	(545, 1, 1, 'eticket_passenger', 'index', 4, 'Successfully added E-ticket', '2016-03-21 14:42:51'),
	(546, 1, 1, 'rolling_cargo_checkin', 'ajax', 14, 'Successfully updated voyage status', '2016-03-21 14:51:58'),
	(547, 1, 1, 'rolling_cargo_checkin', 'ajax', 14, 'Successfully updated voyage status', '2016-03-21 14:57:16'),
	(548, 1, 1, 'rolling_cargo_checkin', 'ajax', 14, 'Successfully updated voyage status', '2016-03-21 14:57:23'),
	(549, 1, 1, 'rolling_cargo_checkin', 'ajax', 14, 'Successfully updated voyage status', '2016-03-21 14:57:27'),
	(550, 1, 1, 'rolling_cargo_checkin', 'ajax', 14, 'Successfully updated voyage status', '2016-03-21 14:59:08'),
	(551, 1, 1, 'rolling_cargo_checkin', 'ajax', 14, 'Successfully updated voyage status', '2016-03-21 14:59:12'),
	(552, 1, 1, 'rolling_cargo_checkin', 'ajax', 14, 'Successfully updated voyage status', '2016-03-21 14:59:34'),
	(553, 1, 1, 'rolling_cargo_checkin', 'ajax', 14, 'Successfully updated voyage status', '2016-03-21 14:59:52'),
	(554, 1, 1, 'rolling_cargo_checkin', 'ajax', 14, 'Successfully updated voyage status', '2016-03-21 15:00:00'),
	(555, 1, 1, 'rolling_cargo_checkin', 'ajax', 14, 'Successfully updated voyage status', '2016-03-21 15:00:08'),
	(556, 1, 1, 'rolling_cargo_checkin', 'ajax', 14, 'Successfully updated voyage status', '2016-03-21 15:01:53'),
	(557, 1, 1, 'rolling_cargo_checkin', 'ajax', 14, 'Successfully updated voyage status', '2016-03-21 15:02:08'),
	(558, 1, 1, 'rolling_cargo_checkin', 'ajax', 14, 'Successfully updated voyage status', '2016-03-21 15:02:10'),
	(559, 1, 1, 'rolling_cargo_checkin', 'ajax', 14, 'Successfully updated voyage status', '2016-03-21 15:02:24'),
	(560, 1, 1, 'rolling_cargo_checkin', 'ajax', 14, 'Successfully updated voyage status', '2016-03-21 15:02:38'),
	(561, 1, 1, 'rolling_cargo_checkin', 'ajax', 14, 'Successfully updated voyage status', '2016-03-21 15:02:45'),
	(562, 1, 1, 'eticket_passenger', 'index', 5, 'Successfully added E-ticket', '2016-03-21 15:19:13'),
	(563, 1, 1, 'rolling_cargo_checkin', 'ajax', 14, 'Successfully updated voyage status', '2016-03-21 15:21:22'),
	(564, 1, 1, 'rolling_cargo_checkin', 'ajax', 14, 'Successfully updated voyage status', '2016-03-21 15:21:27'),
	(565, 1, 1, 'rolling_cargo_checkin', 'ajax', 14, 'Successfully updated voyage status', '2016-03-21 15:26:30'),
	(566, 1, 1, 'rolling_cargo_checkin', 'ajax', 14, 'Successfully updated voyage status', '2016-03-21 15:26:35'),
	(567, 1, 1, 'rolling_cargo_checkin', 'ajax', 14, 'Successfully updated voyage status', '2016-03-21 15:26:39'),
	(568, 1, 1, 'rolling_cargo_checkin', 'ajax', 14, 'Successfully updated voyage status', '2016-03-21 15:26:56'),
	(569, 1, 1, 'rolling_cargo_checkin', 'ajax', 14, 'Successfully updated voyage status', '2016-03-21 15:27:09'),
	(570, 1, 1, 'rolling_cargo_checkin', 'ajax', 14, 'Successfully updated voyage status', '2016-03-21 15:28:56'),
	(571, 1, 1, 'rolling_cargo_checkin', 'ajax', 14, 'Successfully updated voyage status', '2016-03-21 15:30:35'),
	(572, 1, 1, 'rolling_cargo_checkin', 'ajax', 14, 'Successfully updated voyage status', '2016-03-21 15:30:48'),
	(573, 1, 1, 'rolling_cargo_checkin', 'ajax', 14, 'Successfully updated voyage status', '2016-03-21 15:31:01'),
	(574, 1, 1, 'rolling_cargo_checkin', 'ajax', 14, 'Successfully updated voyage status', '2016-03-21 15:39:18'),
	(575, 1, 1, 'rolling_cargo_checkin', 'ajax', 14, 'Successfully updated voyage status', '2016-03-21 15:39:43'),
	(576, 1, 1, 'rolling_cargo_checkin', 'ajax', 14, 'Successfully updated voyage status', '2016-03-21 15:39:56'),
	(577, 1, 1, 'rolling_cargo_checkin', 'ajax', 14, 'Successfully updated voyage status', '2016-03-21 15:40:12'),
	(578, 1, 1, 'rolling_cargo_checkin', 'ajax', 14, 'Successfully updated voyage status', '2016-03-21 15:40:24'),
	(579, 1, 1, 'rolling_cargo_checkin', 'ajax', 14, 'Successfully updated voyage status', '2016-03-21 15:47:26'),
	(580, 1, 1, 'rolling_cargo_checkin', 'ajax', 14, 'Successfully updated voyage status', '2016-03-21 15:47:42'),
	(581, 1, 1, 'rolling_cargo_checkin', 'ajax', 14, 'Successfully updated voyage status', '2016-03-21 15:49:46'),
	(582, 1, 1, 'rolling_cargo_checkin', 'ajax', 14, 'Successfully updated voyage status', '2016-03-21 15:49:56'),
	(583, 1, 1, 'rolling_cargo_checkin', 'ajax', 14, 'Successfully updated voyage status', '2016-03-21 15:50:08'),
	(584, 1, 1, 'rolling_cargo_checkin', 'ajax', 14, 'Successfully updated voyage status', '2016-03-21 15:56:33'),
	(585, 1, 1, 'rolling_cargo_checkin', 'ajax', 14, 'Successfully updated voyage status', '2016-03-21 15:56:54'),
	(586, 1, 1, 'rolling_cargo_checkin', 'ajax', 14, 'Successfully updated voyage status', '2016-03-21 15:56:58'),
	(587, 1, 1, 'rolling_cargo_checkin', 'ajax', 14, 'Successfully updated voyage status', '2016-03-21 15:57:02'),
	(588, 1, 1, 'rolling_cargo_checkin', 'ajax', 14, 'Successfully updated voyage status', '2016-03-21 15:57:04'),
	(589, 1, 1, 'rolling_cargo_checkin', 'ajax', 14, 'Successfully updated voyage status', '2016-03-21 15:57:42'),
	(590, 1, 1, 'rolling_cargo_checkin', 'ajax', 14, 'Successfully updated voyage status', '2016-03-21 16:00:00'),
	(591, 1, 1, 'rolling_cargo_checkin', 'ajax', 14, 'Please fill up required field', '2016-03-21 16:00:04'),
	(592, 1, 1, 'rolling_cargo_checkin', 'ajax', 14, 'Please fill up required field', '2016-03-21 16:00:09'),
	(593, 1, 1, 'rolling_cargo_checkin', 'ajax', 14, 'Please fill up required field', '2016-03-21 16:00:13'),
	(594, 1, 1, 'rolling_cargo_checkin', 'ajax', 14, 'Please fill up required field', '2016-03-21 16:01:30'),
	(595, 1, 1, 'rolling_cargo_checkin', 'ajax', 14, 'Successfully updated voyage status', '2016-03-21 16:01:47'),
	(596, 1, 1, 'rolling_cargo_checkin', 'ajax', 14, 'Successfully updated voyage status', '2016-03-21 16:10:55'),
	(597, 1, 1, 'rolling_cargo_checkin', 'ajax', 14, 'Successfully updated voyage status', '2016-03-21 16:10:58'),
	(598, 1, 1, 'rolling_cargo_checkin', 'ajax', 14, 'Successfully updated voyage status', '2016-03-21 16:11:01'),
	(599, 1, 1, 'rolling_cargo_checkin', 'ajax', 14, 'Successfully updated voyage status', '2016-03-21 16:11:07'),
	(600, 1, 1, 'rolling_cargo_checkin', 'ajax', 14, 'Successfully updated voyage status', '2016-03-21 16:15:31'),
	(601, 1, 1, 'rolling_cargo_checkin', 'ajax', 14, 'Successfully updated voyage status', '2016-03-21 16:15:37'),
	(602, 1, 1, 'rolling_cargo_checkin', 'ajax', 14, 'Successfully updated voyage status', '2016-03-21 16:16:01'),
	(603, 1, 1, 'rolling_cargo_checkin', 'ajax', 14, 'Successfully updated voyage status', '2016-03-21 16:16:21'),
	(604, 1, 1, 'rolling_cargo_checkin', 'ajax', 14, 'Successfully updated voyage status', '2016-03-21 16:19:08'),
	(605, 1, 1, 'rolling_cargo_checkin', 'ajax', 14, 'Successfully updated voyage status', '2016-03-21 16:19:10'),
	(606, 1, 1, 'rolling_cargo_checkin', 'ajax', 14, 'Successfully updated voyage status', '2016-03-21 16:19:13'),
	(607, 1, 1, 'rolling_cargo_checkin', 'ajax', 14, 'Please fill up required field', '2016-03-21 16:19:20'),
	(608, 1, 1, 'rolling_cargo_checkin', 'ajax', 14, 'Please fill up required field', '2016-03-21 16:19:23'),
	(609, 1, 1, 'rolling_cargo_checkin', 'ajax', 14, 'Successfully updated voyage status', '2016-03-21 16:19:26'),
	(610, 1, 1, 'rolling_cargo_checkin', 'ajax', 14, 'Please fill up required field', '2016-03-21 16:19:35'),
	(611, 1, 1, 'rolling_cargo_checkin', 'ajax', 14, 'Successfully updated voyage status', '2016-03-21 16:19:39'),
	(612, 1, 1, 'rolling_cargo_checkin', 'ajax', 14, 'Successfully updated voyage status', '2016-03-21 16:20:05'),
	(613, 1, 1, 'rolling_cargo_checkin', 'ajax', 14, 'Successfully updated voyage status', '2016-03-21 16:20:07'),
	(614, 1, 1, 'rolling_cargo_checkin', 'ajax', 14, 'Successfully updated voyage status', '2016-03-21 16:21:29'),
	(615, 1, 1, 'rolling_cargo_checkin', 'ajax', 14, 'Please fill up required field', '2016-03-21 16:21:29'),
	(616, 1, 1, 'rolling_cargo_checkin', 'ajax', 14, 'Successfully updated voyage status', '2016-03-21 16:21:32'),
	(617, 1, 1, 'rolling_cargo_checkin', 'ajax', 14, 'Please fill up required field', '2016-03-21 16:21:42'),
	(618, 1, 1, 'rolling_cargo_checkin', 'ajax', 14, 'Please fill up required field', '2016-03-21 16:21:43'),
	(619, 1, 1, 'rolling_cargo_checkin', 'ajax', 14, 'Successfully updated voyage status', '2016-03-21 16:21:47'),
	(620, 1, 1, 'rolling_cargo_checkin', 'ajax', 14, 'Please fill up required field', '2016-03-21 16:23:30'),
	(621, 1, 1, 'rolling_cargo_checkin', 'ajax', 14, 'Successfully updated voyage status', '2016-03-21 16:23:36'),
	(622, 1, 1, 'rolling_cargo_checkin', 'ajax', 14, 'Please fill up required field', '2016-03-21 16:23:44'),
	(623, 1, 1, 'rolling_cargo_checkin', 'ajax', 14, 'Please fill up required field', '2016-03-21 16:36:58'),
	(624, 1, 1, 'rolling_cargo_checkin', 'ajax', 14, 'Please fill up required field', '2016-03-21 16:37:29'),
	(625, 1, 1, 'rolling_cargo_checkin', 'ajax', 14, 'Successfully updated voyage status', '2016-03-21 16:37:40'),
	(626, 1, 1, 'rolling_cargo_checkin', 'ajax', 14, 'Please fill up required field', '2016-03-21 16:37:46'),
	(627, 1, 1, 'rolling_cargo_checkin', 'ajax', 14, 'Please fill up required field', '2016-03-21 16:40:00'),
	(628, 1, 1, 'rolling_cargo_checkin', 'ajax', 14, 'Please fill up required field', '2016-03-21 16:40:02'),
	(629, 1, 1, 'rolling_cargo_checkin', 'ajax', 14, 'Please fill up required field', '2016-03-21 16:43:30'),
	(630, 1, 1, 'rolling_cargo_checkin', 'ajax', 14, 'Please fill up required field', '2016-03-21 16:43:32'),
	(631, 1, 1, 'rolling_cargo_checkin', 'ajax', 14, 'Successfully updated voyage status', '2016-03-21 16:43:56'),
	(632, 1, 1, 'rolling_cargo_checkin', 'ajax', 14, 'Successfully updated voyage status', '2016-03-21 16:45:01'),
	(633, 1, 1, 'logout', 'index', 0, '', '2016-03-21 17:20:52'),
	(634, 0, 0, 'login', 'ajax', 0, '', '2016-03-21 17:22:41'),
	(635, 0, 0, 'login', 'index', 0, '', '2016-03-22 09:10:49'),
	(636, 0, 0, 'login', 'index', 0, '', '2016-03-22 09:49:09'),
	(637, 0, 0, 'login', 'ajax', 0, '', '2016-03-22 14:27:22'),
	(638, 0, 0, 'login', 'index', 0, '', '2016-03-22 14:38:19'),
	(639, 0, 0, 'login', 'index', 0, '', '2016-03-22 14:38:39'),
	(640, 1, 1, 'rolling_cargo_checkin', 'ajax', 14, 'Successfully updated voyage status', '2016-03-22 14:45:22'),
	(641, 1, 1, 'eticket', 'index', 1, 'Successfully updated Eticket', '2016-03-22 14:48:57'),
	(642, 0, 0, 'login', 'index', 0, '', '2016-03-22 07:46:07'),
	(643, 0, 0, 'login', 'index', 0, '', '2016-03-22 17:37:35'),
	(644, 0, 0, 'login', 'index', 0, '', '2016-03-22 23:22:53'),
	(645, 0, 0, 'login', 'index', 0, '', '2016-03-23 09:04:09'),
	(646, 0, 0, 'login', 'index', 0, '', '2016-03-23 03:09:01'),
	(647, 0, 0, 'login', 'index', 0, '', '2016-03-23 13:37:38'),
	(648, 0, 0, 'login', 'index', 0, '', '2016-03-23 13:46:49'),
	(649, 0, 0, 'login', 'index', 0, '', '2016-03-23 15:40:06'),
	(650, 0, 0, 'login', 'index', 0, '', '2016-03-23 08:17:29'),
	(651, 1, 1, 'voyage_management', 'add', 16, 'Successfully added voyage management', '2016-03-23 16:41:01'),
	(652, 1, 1, 'voyage_management', 'add', 19, 'Successfully added subvoyage management', '2016-03-23 16:41:01'),
	(653, 0, 0, 'login', 'index', 0, '', '2016-03-23 09:35:26'),
	(654, 0, 0, 'login', 'index', 0, '', '2016-03-28 08:45:30'),
	(655, 0, 0, 'login', 'index', 0, '', '2016-03-28 10:16:38'),
	(656, 0, 0, 'login', 'index', 0, '', '2016-03-28 02:35:44'),
	(657, 0, 0, 'login', 'index', 0, '', '2016-03-28 14:07:08'),
	(658, 1, 1, 'voyage_management', 'edit', 1, 'Successfully updated subvoyage management', '2016-03-28 16:18:25'),
	(659, 1, 1, 'voyage_management', 'edit', 2, 'Successfully updated subvoyage management', '2016-03-28 16:18:25'),
	(660, 1, 1, 'voyage_management', 'edit', 3, 'Successfully updated subvoyage management', '2016-03-28 16:18:25'),
	(661, 1, 1, 'voyage_management', 'edit', 15, 'Successfully updated subvoyage management', '2016-03-28 16:18:34'),
	(662, 1, 1, 'voyage_management', 'edit', 16, 'Successfully updated subvoyage management', '2016-03-28 16:18:34'),
	(663, 1, 1, 'voyage_management', 'edit', 17, 'Successfully updated subvoyage management', '2016-03-28 16:18:34'),
	(664, 0, 0, 'login', 'index', 0, '', '2016-03-28 08:50:53'),
	(665, 1, 1, 'voyage_management', 'edit', 14, 'Successfully updated subvoyage management', '2016-03-28 17:08:22'),
	(666, 1, 1, 'voyage_management', 'add', 17, 'Successfully added voyage management', '2016-03-28 19:25:11'),
	(667, 1, 1, 'voyage_management', 'add', 20, 'Successfully added subvoyage management', '2016-03-28 19:25:11'),
	(668, 1, 1, 'voyage_management', 'add', 18, 'Successfully added voyage management', '2016-03-28 19:26:06'),
	(669, 1, 1, 'voyage_management', 'add', 21, 'Successfully added subvoyage management', '2016-03-28 19:26:06'),
	(670, 1, 1, 'voyage_management', 'add', 22, 'Successfully added subvoyage management', '2016-03-28 19:26:06'),
	(671, 1, 1, 'voyage_management', 'add', 23, 'Successfully added subvoyage management', '2016-03-28 19:26:06'),
	(672, 0, 0, 'login', 'index', 0, '', '2016-03-29 09:01:44'),
	(673, 0, 0, 'login', 'index', 0, '', '2016-03-29 09:02:17'),
	(674, 0, 0, 'login', 'index', 0, '', '2016-03-29 09:39:37'),
	(675, 0, 0, 'login', 'index', 0, '', '2016-03-29 02:22:49'),
	(676, 0, 0, 'login', 'index', 0, '', '2016-03-29 11:13:10'),
	(677, 1, 1, 'voyage_management', 'add', 19, 'Successfully added voyage management', '2016-03-29 11:36:27'),
	(678, 1, 1, 'voyage_management', 'add', 24, 'Successfully added subvoyage management', '2016-03-29 11:36:27'),
	(679, 1, 1, 'voyage_management', 'add', 25, 'Successfully added subvoyage management', '2016-03-29 11:36:27'),
	(680, 1, 1, 'voyage_management', 'add', 26, 'Successfully added subvoyage management', '2016-03-29 11:36:27'),
	(681, 0, 0, 'login', 'index', 0, '', '2016-03-29 13:49:12'),
	(682, 0, 0, 'login', 'index', 0, '', '2016-03-29 14:21:57'),
	(683, 1, 1, 'evoucher', 'edit', 1, 'E-voucher successfully updated.', '2016-03-29 14:27:44'),
	(684, 1, 1, 'evoucher', 'generate', 11, 'Successfully added e-voucher series.', '2016-03-29 14:30:05'),
	(685, 1, 1, 'evoucher', 'generate', 12, 'Successfully added e-voucher series.', '2016-03-29 14:30:05'),
	(686, 1, 1, 'evoucher', 'generate', 13, 'Successfully added e-voucher series.', '2016-03-29 14:30:05'),
	(687, 1, 1, 'evoucher', 'generate', 14, 'Successfully added e-voucher series.', '2016-03-29 14:30:05'),
	(688, 1, 1, 'evoucher', 'generate', 15, 'Successfully added e-voucher series.', '2016-03-29 14:30:05'),
	(689, 1, 1, 'evoucher', 'generate', 16, 'Successfully added e-voucher series.', '2016-03-29 14:30:05'),
	(690, 1, 1, 'evoucher', 'generate', 17, 'Successfully added e-voucher series.', '2016-03-29 14:30:05'),
	(691, 1, 1, 'evoucher', 'generate', 18, 'Successfully added e-voucher series.', '2016-03-29 14:30:05'),
	(692, 1, 1, 'evoucher', 'generate', 19, 'Successfully added e-voucher series.', '2016-03-29 14:30:05'),
	(693, 1, 1, 'evoucher', 'generate', 20, 'Successfully added e-voucher series.', '2016-03-29 14:30:05'),
	(694, 1, 1, 'evoucher', 'generate', 21, 'Successfully added e-voucher series.', '2016-03-29 14:30:05'),
	(695, 1, 1, 'evoucher', 'generate', 22, 'Successfully added e-voucher series.', '2016-03-29 14:30:05'),
	(696, 1, 1, 'evoucher', 'generate', 23, 'Successfully added e-voucher series.', '2016-03-29 14:30:05'),
	(697, 1, 1, 'evoucher', 'generate', 24, 'Successfully added e-voucher series.', '2016-03-29 14:30:05'),
	(698, 1, 1, 'evoucher', 'generate', 25, 'Successfully added e-voucher series.', '2016-03-29 14:30:06'),
	(699, 1, 1, 'evoucher', 'generate', 26, 'Successfully added e-voucher series.', '2016-03-29 14:30:06'),
	(700, 1, 1, 'evoucher', 'generate', 27, 'Successfully added e-voucher series.', '2016-03-29 14:30:06'),
	(701, 1, 1, 'evoucher', 'generate', 28, 'Successfully added e-voucher series.', '2016-03-29 14:30:06'),
	(702, 1, 1, 'evoucher', 'generate', 29, 'Successfully added e-voucher series.', '2016-03-29 14:30:06'),
	(703, 1, 1, 'evoucher', 'generate', 30, 'Successfully added e-voucher series.', '2016-03-29 14:30:06'),
	(704, 0, 0, 'login', 'index', 0, '', '2016-03-29 07:45:55'),
	(705, 1, 1, 'voyage_management', 'add', 20, 'Successfully added voyage management', '2016-03-29 15:53:25'),
	(706, 1, 1, 'voyage_management', 'add', 27, 'Successfully added subvoyage management', '2016-03-29 15:53:25'),
	(707, 1, 1, 'voyage_management', 'add', 28, 'Successfully added subvoyage management', '2016-03-29 15:53:25'),
	(708, 1, 1, 'voyage_management', 'add', 29, 'Successfully added subvoyage management', '2016-03-29 15:53:25'),
	(709, 0, 0, 'login', 'index', 0, '', '2016-03-30 09:56:16'),
	(710, 1, 1, 'passenger_fare', 'edit', 7, 'Successfully updated Passenger Fare', '2016-03-30 09:58:19'),
	(711, 0, 0, 'login', 'index', 0, '', '2016-03-30 10:00:26'),
	(712, 0, 0, 'login', 'index', 0, '', '2016-03-30 10:19:42'),
	(713, 2, 11, 'logout', 'index', 0, '', '2016-03-30 10:23:39'),
	(714, 0, 0, 'login', 'index', 0, '', '2016-03-30 10:23:46'),
	(715, 1, 1, 'logout', 'index', 0, '', '2016-03-30 10:24:23'),
	(716, 0, 0, 'login', 'index', 0, '', '2016-03-30 10:24:45'),
	(717, 1, 1, 'logout', 'index', 0, '', '2016-03-30 10:27:29'),
	(718, 0, 0, 'login', 'index', 0, '', '2016-03-30 10:30:55'),
	(719, 0, 0, 'login', 'index', 0, '', '2016-03-30 10:31:18'),
	(720, 4, 4, 'logout', 'index', 0, '', '2016-03-30 10:31:21'),
	(721, 0, 0, 'login', 'index', 0, '', '2016-03-30 10:43:19'),
	(722, 1, 1, 'logout', 'index', 0, '', '2016-03-30 10:47:03'),
	(723, 0, 0, 'login', 'index', 0, '', '2016-03-30 10:47:11'),
	(724, 4, 4, 'logout', 'index', 0, '', '2016-03-30 10:47:23'),
	(725, 0, 0, 'login', 'index', 0, '', '2016-03-30 10:47:30'),
	(726, 1, 1, 'user_profile', 'edit', 4, 'Successfully updated user role!', '2016-03-30 10:49:50'),
	(727, 1, 1, 'logout', 'index', 0, '', '2016-03-30 10:49:55'),
	(728, 0, 0, 'login', 'index', 0, '', '2016-03-30 10:50:03'),
	(729, 4, 4, 'logout', 'index', 0, '', '2016-03-30 10:50:17'),
	(730, 0, 0, 'login', 'index', 0, '', '2016-03-30 10:50:25'),
	(731, 1, 1, 'user_profile', 'edit', 4, 'Successfully updated user role!', '2016-03-30 10:51:36'),
	(732, 1, 1, 'logout', 'index', 0, '', '2016-03-30 10:51:41'),
	(733, 0, 0, 'login', 'index', 0, '', '2016-03-30 10:51:59'),
	(734, 1, 1, 'outlet', 'edit', 3, 'Successfully updated outlet', '2016-03-30 10:56:58'),
	(735, 1, 1, 'outlet', 'edit', 7, 'Successfully updated outlet', '2016-03-30 10:57:10'),
	(736, 1, 1, 'outlet', 'edit', 7, 'Successfully updated outlet', '2016-03-30 10:57:53'),
	(737, 1, 1, 'outlet', 'edit', 4, 'Successfully updated outlet', '2016-03-30 10:58:12'),
	(738, 1, 1, 'announcement', 'edit', 6, 'Successfully updated announcement', '2016-03-30 11:01:33'),
	(739, 1, 1, 'announcement', 'edit', 6, 'Successfully updated announcement', '2016-03-30 11:02:08'),
	(740, 1, 1, 'announcement', 'edit', 6, 'Successfully updated announcement', '2016-03-30 11:02:32'),
	(741, 0, 0, 'login', 'index', 0, '', '2016-03-30 14:04:16'),
	(742, 0, 0, 'login', 'index', 0, '', '2016-03-30 14:05:32'),
	(743, 1, 1, 'voyage', 'add', 11, 'Successfully added voyage code', '2016-03-30 15:19:58'),
	(744, 0, 0, 'login', 'index', 0, '', '2016-03-30 16:15:43'),
	(745, 0, 0, 'login', 'index', 0, '', '2016-03-30 16:38:10'),
	(746, 1, 1, 'voyage', 'edit', 11, 'Successfully updated voyage', '2016-03-30 16:42:06'),
	(747, 1, 1, 'voyage', 'edit', 11, 'Successfully updated voyage', '2016-03-30 16:44:03'),
	(748, 1, 1, 'voyage', 'edit', 11, 'Successfully updated voyage', '2016-03-30 16:44:56'),
	(749, 1, 1, 'voyage', 'edit', 11, 'Successfully updated voyage', '2016-03-30 16:45:44'),
	(750, 1, 1, 'voyage', 'edit', 11, 'Successfully updated voyage', '2016-03-30 16:47:15'),
	(751, 1, 1, 'voyage', 'edit', 11, 'Successfully updated voyage', '2016-03-30 16:49:10'),
	(752, 1, 1, 'voyage', 'edit', 11, 'Successfully updated voyage', '2016-03-30 17:39:40'),
	(753, 0, 0, 'login', 'index', 0, '', '2016-03-31 08:06:57'),
	(754, 0, 0, 'login', 'index', 0, '', '2016-03-31 09:58:28'),
	(755, 0, 0, 'login', 'index', 0, '', '2016-03-31 10:01:22'),
	(756, 1, 1, 'voyage', 'edit', 11, 'Successfully updated voyage', '2016-03-31 10:02:22'),
	(757, 1, 1, 'voyage', 'edit', 2, 'Successfully updated voyage', '2016-03-31 10:02:44'),
	(758, 1, 1, 'voyage', 'edit', 10, 'Successfully updated voyage', '2016-03-31 10:02:50'),
	(759, 1, 1, 'voyage', 'edit', 3, 'Successfully updated voyage', '2016-03-31 10:02:56'),
	(760, 1, 1, 'voyage_management', 'add', 21, 'Successfully added voyage management', '2016-03-31 10:27:52'),
	(761, 1, 1, 'voyage_management', 'add', 30, 'Successfully added subvoyage management', '2016-03-31 10:27:52'),
	(762, 1, 1, 'voyage_management', 'add', 31, 'Successfully added subvoyage management', '2016-03-31 10:27:53'),
	(763, 1, 1, 'voyage_management', 'edit', 12, 'Successfully updated subvoyage management', '2016-03-31 10:28:44'),
	(764, 1, 1, 'voyage_management', 'edit', 13, 'Successfully updated subvoyage management', '2016-03-31 10:28:44'),
	(765, 0, 0, 'login', 'index', 0, '', '2016-03-31 11:12:41'),
	(766, 0, 0, 'login', 'index', 0, '', '2016-03-31 14:19:33'),
	(767, 0, 0, 'login', 'index', 0, '', '2016-03-31 14:20:44'),
	(768, 0, 0, 'login', 'index', 0, '', '2016-03-31 14:21:08'),
	(769, 0, 0, 'login', 'index', 0, '', '2016-03-31 14:24:05'),
	(770, 0, 0, 'login', 'index', 0, '', '2016-04-01 09:18:12'),
	(771, 0, 0, 'login', 'index', 0, '', '2016-04-01 09:38:46'),
	(772, 0, 0, 'login', 'index', 0, '', '2016-04-01 09:42:25'),
	(773, 0, 0, 'login', 'index', 0, '', '2016-04-04 09:59:21'),
	(774, 0, 0, 'login', 'index', 0, '', '2016-04-04 10:36:16'),
	(775, 1, 1, 'user_profile', 'add', 15, 'Successfully added user role!', '2016-04-04 16:37:03'),
	(776, 0, 0, 'login', 'index', 0, '', '2016-04-05 08:09:59'),
	(777, 0, 0, 'login', 'index', 0, '', '2016-04-05 09:38:11'),
	(778, 1, 1, 'evoucher', 'add', 2, 'Successfully added e-voucher.', '2016-04-05 10:36:29'),
	(779, 1, 1, 'evoucher', 'edit', 1, 'E-voucher successfully updated.', '2016-04-05 10:37:25'),
	(780, 1, 1, 'evoucher', 'edit', 2, 'E-voucher successfully updated.', '2016-04-05 10:47:50'),
	(781, 1, 1, 'evoucher', 'add', 3, 'Successfully added e-voucher.', '2016-04-05 10:48:36'),
	(782, 0, 0, 'login', 'index', 0, '', '2016-04-05 12:57:17'),
	(783, 1, 1, 'user_profile', 'edit', 15, 'Successfully updated user role!', '2016-04-05 14:04:13'),
	(784, 1, 1, 'user_profile', 'edit', 15, 'Successfully updated user role!', '2016-04-05 14:04:47'),
	(785, 1, 1, 'user_profile', 'edit', 15, 'Successfully updated user role!', '2016-04-05 14:05:11'),
	(786, 1, 1, 'user_profile', 'edit', 15, 'Successfully updated user role!', '2016-04-05 14:15:40'),
	(787, 1, 1, 'user_profile', 'edit', 15, 'Successfully updated user role!', '2016-04-05 14:46:01'),
	(788, 1, 1, 'user_profile', 'edit', 15, 'Successfully updated user role!', '2016-04-05 14:46:19'),
	(789, 1, 1, 'user_profile', 'edit', 15, 'Successfully updated user role!', '2016-04-05 14:46:41'),
	(790, 1, 1, 'user_profile', 'edit', 15, 'Successfully updated user role!', '2016-04-05 14:50:03'),
	(791, 1, 1, 'user_profile', 'edit', 15, 'Successfully updated user role!', '2016-04-05 14:53:21'),
	(792, 1, 1, 'user_profile', 'edit', 15, 'Successfully updated user role!', '2016-04-05 14:54:08'),
	(793, 1, 1, 'ticket_series', 'add', 4, 'Successfully added ticket series ', '2016-04-05 15:47:47'),
	(794, 0, 0, 'login', 'index', 0, '', '2016-04-06 09:11:05'),
	(795, 0, 0, 'login', 'index', 0, '', '2016-04-06 09:51:34'),
	(796, 1, 1, 'user_profile', 'edit', 1, 'Successfully updated user role!', '2016-04-06 10:26:39'),
	(797, 1, 1, 'user_profile', 'edit', 1, 'Successfully updated user role!', '2016-04-06 10:27:12'),
	(798, 0, 0, 'login', 'index', 0, '', '2016-04-06 13:08:34'),
	(799, 1, 1, 'evoucher', 'generate', 31, 'Successfully added e-voucher series.', '2016-04-06 15:26:35'),
	(800, 1, 1, 'evoucher', 'generate', 32, 'Successfully added e-voucher series.', '2016-04-06 15:26:35'),
	(801, 1, 1, 'evoucher', 'generate', 33, 'Successfully added e-voucher series.', '2016-04-06 15:26:35'),
	(802, 1, 1, 'evoucher', 'generate', 34, 'Successfully added e-voucher series.', '2016-04-06 15:26:35'),
	(803, 1, 1, 'evoucher', 'generate', 35, 'Successfully added e-voucher series.', '2016-04-06 15:26:35'),
	(804, 1, 1, 'evoucher', 'generate', 36, 'Successfully added e-voucher series.', '2016-04-06 15:26:35'),
	(805, 1, 1, 'evoucher', 'generate', 37, 'Successfully added e-voucher series.', '2016-04-06 15:26:35'),
	(806, 1, 1, 'evoucher', 'generate', 38, 'Successfully added e-voucher series.', '2016-04-06 15:26:35'),
	(807, 1, 1, 'evoucher', 'generate', 39, 'Successfully added e-voucher series.', '2016-04-06 15:26:35'),
	(808, 1, 1, 'evoucher', 'generate', 40, 'Successfully added e-voucher series.', '2016-04-06 15:26:35'),
	(809, 1, 1, 'evoucher', 'generate', 41, 'Successfully added e-voucher series.', '2016-04-06 15:26:36'),
	(810, 1, 1, 'evoucher', 'generate', 42, 'Successfully added e-voucher series.', '2016-04-06 15:26:36'),
	(811, 1, 1, 'evoucher', 'generate', 43, 'Successfully added e-voucher series.', '2016-04-06 15:26:36'),
	(812, 1, 1, 'evoucher', 'generate', 44, 'Successfully added e-voucher series.', '2016-04-06 15:26:36'),
	(813, 1, 1, 'evoucher', 'generate', 45, 'Successfully added e-voucher series.', '2016-04-06 15:26:36'),
	(814, 1, 1, 'evoucher', 'generate', 46, 'Successfully added e-voucher series.', '2016-04-06 15:26:36'),
	(815, 1, 1, 'evoucher', 'generate', 47, 'Successfully added e-voucher series.', '2016-04-06 15:26:36'),
	(816, 1, 1, 'evoucher', 'generate', 48, 'Successfully added e-voucher series.', '2016-04-06 15:26:36'),
	(817, 1, 1, 'evoucher', 'generate', 49, 'Successfully added e-voucher series.', '2016-04-06 15:26:36'),
	(818, 1, 1, 'evoucher', 'generate', 50, 'Successfully added e-voucher series.', '2016-04-06 15:26:36'),
	(819, 1, 1, 'evoucher', 'generate', 51, 'Successfully added e-voucher series.', '2016-04-06 15:26:36'),
	(820, 1, 1, 'evoucher', 'generate', 52, 'Successfully added e-voucher series.', '2016-04-06 15:26:37'),
	(821, 1, 1, 'evoucher', 'generate', 53, 'Successfully added e-voucher series.', '2016-04-06 15:26:37'),
	(822, 1, 1, 'evoucher', 'generate', 54, 'Successfully added e-voucher series.', '2016-04-06 15:26:37'),
	(823, 1, 1, 'evoucher', 'generate', 55, 'Successfully added e-voucher series.', '2016-04-06 15:26:37'),
	(824, 1, 1, 'evoucher', 'generate', 56, 'Successfully added e-voucher series.', '2016-04-06 15:26:37'),
	(825, 1, 1, 'evoucher', 'generate', 57, 'Successfully added e-voucher series.', '2016-04-06 15:26:37'),
	(826, 1, 1, 'evoucher', 'generate', 58, 'Successfully added e-voucher series.', '2016-04-06 15:26:37'),
	(827, 1, 1, 'evoucher', 'generate', 59, 'Successfully added e-voucher series.', '2016-04-06 15:26:37'),
	(828, 1, 1, 'evoucher', 'generate', 60, 'Successfully added e-voucher series.', '2016-04-06 15:26:37'),
	(829, 1, 1, 'evoucher', 'generate', 61, 'Successfully added e-voucher series.', '2016-04-06 15:26:37'),
	(830, 1, 1, 'evoucher', 'generate', 62, 'Successfully added e-voucher series.', '2016-04-06 15:26:37'),
	(831, 1, 1, 'evoucher', 'generate', 63, 'Successfully added e-voucher series.', '2016-04-06 15:26:38'),
	(832, 1, 1, 'evoucher', 'generate', 64, 'Successfully added e-voucher series.', '2016-04-06 15:26:38'),
	(833, 1, 1, 'evoucher', 'generate', 65, 'Successfully added e-voucher series.', '2016-04-06 15:26:38'),
	(834, 1, 1, 'evoucher', 'generate', 66, 'Successfully added e-voucher series.', '2016-04-06 15:26:38'),
	(835, 1, 1, 'evoucher', 'generate', 67, 'Successfully added e-voucher series.', '2016-04-06 15:26:38'),
	(836, 1, 1, 'evoucher', 'generate', 68, 'Successfully added e-voucher series.', '2016-04-06 15:26:38'),
	(837, 1, 1, 'evoucher', 'generate', 69, 'Successfully added e-voucher series.', '2016-04-06 15:26:38'),
	(838, 1, 1, 'evoucher', 'generate', 70, 'Successfully added e-voucher series.', '2016-04-06 15:26:38'),
	(839, 1, 1, 'evoucher', 'generate', 71, 'Successfully added e-voucher series.', '2016-04-06 15:26:38'),
	(840, 1, 1, 'evoucher', 'generate', 72, 'Successfully added e-voucher series.', '2016-04-06 15:26:38'),
	(841, 1, 1, 'evoucher', 'generate', 73, 'Successfully added e-voucher series.', '2016-04-06 15:26:38'),
	(842, 1, 1, 'evoucher', 'generate', 74, 'Successfully added e-voucher series.', '2016-04-06 15:26:38'),
	(843, 1, 1, 'evoucher', 'generate', 75, 'Successfully added e-voucher series.', '2016-04-06 15:26:38'),
	(844, 1, 1, 'evoucher', 'generate', 76, 'Successfully added e-voucher series.', '2016-04-06 15:26:38'),
	(845, 1, 1, 'evoucher', 'generate', 77, 'Successfully added e-voucher series.', '2016-04-06 15:26:38'),
	(846, 1, 1, 'evoucher', 'generate', 78, 'Successfully added e-voucher series.', '2016-04-06 15:26:39'),
	(847, 1, 1, 'evoucher', 'generate', 79, 'Successfully added e-voucher series.', '2016-04-06 15:26:39'),
	(848, 1, 1, 'evoucher', 'generate', 80, 'Successfully added e-voucher series.', '2016-04-06 15:26:39'),
	(849, 0, 0, 'login', 'index', 0, '', '2016-04-06 15:56:30'),
	(850, 0, 0, 'login', 'index', 0, '', '2016-04-07 09:31:28'),
	(851, 0, 0, 'login', 'index', 0, '', '2016-04-07 13:27:30'),
	(852, 0, 0, 'login', 'index', 0, '', '2016-04-07 06:44:41'),
	(853, 0, 0, 'login', 'index', 0, '', '2016-04-07 15:22:10'),
	(854, 0, 0, 'login', 'index', 0, '', '2016-04-07 16:06:16'),
	(855, 1, 1, 'logout', 'index', 0, '', '2016-04-07 08:37:27'),
	(856, 0, 0, 'login', 'index', 0, '', '2016-04-08 09:17:42'),
	(857, 0, 0, 'login', 'index', 0, '', '2016-04-08 10:08:37'),
	(858, 0, 0, 'login', 'index', 0, '', '2016-04-08 14:16:08'),
	(859, 0, 0, 'login', 'index', 0, '', '2016-04-08 16:57:37'),
	(860, 0, 0, 'login', 'index', 0, '', '2016-04-11 09:45:35'),
	(861, 0, 0, 'logout', 'index', 0, '', '2016-04-11 11:23:21'),
	(862, 0, 0, 'login', 'index', 0, '', '2016-04-11 11:23:28'),
	(863, 0, 0, 'login', 'index', 0, '', '2016-04-12 09:04:08'),
	(864, 0, 0, 'login', 'index', 0, '', '2016-04-12 13:35:37'),
	(865, 0, 0, 'login', 'index', 0, '', '2016-04-13 09:09:54'),
	(866, 1, 1, 'logout', 'index', 0, '', '2016-04-13 10:04:26'),
	(867, 0, 0, 'login', 'index', 0, '', '2016-04-13 12:24:16'),
	(868, 0, 0, 'logout', 'index', 0, '', '2016-04-13 14:57:38'),
	(869, 0, 0, 'login', 'index', 0, '', '2016-04-14 14:43:45'),
	(870, 0, 0, 'login', 'index', 0, '', '2016-04-14 14:47:43'),
	(871, 1, 1, 'ticket_series', 'add', 1, 'Successfully added ticket series ', '2016-04-14 14:48:26'),
	(872, 0, 0, 'login', 'index', 0, '', '2016-04-14 14:57:04'),
	(873, 1, 1, 'logout', 'index', 0, '', '2016-04-14 17:25:14'),
	(874, 0, 0, 'login', 'index', 0, '', '2016-04-14 17:35:33'),
	(875, 0, 0, 'login', 'index', 0, '', '2016-04-15 09:18:10'),
	(876, 1, 1, 'logout', 'index', 0, '', '2016-04-15 09:19:11'),
	(877, 1, 1, 'logout', 'index', 0, '', '2016-04-15 15:35:36');
/*!40000 ALTER TABLE `administrator_log` ENABLE KEYS */;

-- Dumping structure for table oceanjet1_db.administrator_page
CREATE TABLE IF NOT EXISTS `administrator_page` (
  `id_administrator_page` int(11) NOT NULL AUTO_INCREMENT,
  `parent_administrator_page_id` int(11) NOT NULL,
  `administrator_page` varchar(128) NOT NULL,
  `classname` varchar(128) NOT NULL,
  `img` varchar(64) NOT NULL,
  `page_order` int(11) NOT NULL,
  `enabled` tinyint(1) NOT NULL,
  PRIMARY KEY (`id_administrator_page`)
) ENGINE=InnoDB AUTO_INCREMENT=57 DEFAULT CHARSET=latin1;

-- Dumping data for table oceanjet1_db.administrator_page: ~53 rows (approximately)
/*!40000 ALTER TABLE `administrator_page` DISABLE KEYS */;
INSERT INTO `administrator_page` (`id_administrator_page`, `parent_administrator_page_id`, `administrator_page`, `classname`, `img`, `page_order`, `enabled`) VALUES
	(1, 0, 'User Management', '', 'fa fa-users', 1, 1),
	(2, 1, 'User Masterlist', 'user', 'fa fa-users', 1, 1),
	(3, 1, 'User Matrix', 'user_profile', 'fa fa-users', 2, 1),
	(4, 0, 'CMS', '', 'fa fa-clipboard', 2, 1),
	(5, 0, 'Fares', '', 'fa fa-calculator', 3, 1),
	(6, 0, 'Voyage', '', 'fa fa-anchor', 4, 1),
	(7, 0, 'Check-in', '', 'fa fa-check-square-o', 5, 1),
	(8, 0, 'Ticketing', '', 'fa fa-ticket', 6, 1),
	(9, 0, 'Reservation', '', 'fa fa-clock-o', 7, 1),
	(10, 0, 'Agent Management', '', 'fa fa-briefcase', 8, 1),
	(11, 0, 'Reports', '', 'fa fa-area-chart', 9, 1),
	(12, 0, 'Preferences', '', 'fa fa-gear', 10, 1),
	(13, 4, 'Voyage  Code', 'voyage', 'fa fa-clipboard', 1, 1),
	(14, 4, 'Port', 'port', 'fa fa-clipboard', 2, 1),
	(15, 4, 'Vessel', 'vessel', 'fa fa-clipboard', 3, 1),
	(16, 4, 'Accommodation Type', 'accommodation', 'fa fa-clipboard', 4, 1),
	(17, 4, 'Outlet', 'outlet', 'fa fa-clipboard', 5, 1),
	(18, 4, 'Announcement', 'announcement', 'fa fa-clipboard', 6, 1),
	(19, 4, 'E-Ticket/ Itinerary Details', 'eticket', 'fa fa-clipboard', 7, 1),
	(20, 4, 'Payment Account', 'payment_account', 'fa fa-clipboard', 8, 1),
	(21, 5, 'Passenger Fare', 'passenger_fare', 'fa fa-calculator', 1, 1),
	(22, 5, 'Attended Baggage Fare', 'attended_baggage', 'fa fa-calculator', 2, 1),
	(23, 5, 'Padala Cargo rate', 'padala_cargo', 'fa fa-calculator', 3, 1),
	(24, 5, 'RORO Rate', 'rolling_cargo', 'fa fa-calculator', 4, 1),
	(25, 5, 'Discounts', 'discount', 'fa fa-calculator', 5, 1),
	(26, 5, 'Rule Sets', 'rule_set', 'fa fa-calculator', 6, 1),
	(27, 5, 'E-voucher', 'evoucher', 'fa fa-calculator', 7, 1),
	(28, 6, 'Voyage Management', 'voyage_management', 'fa fa-anchor', 1, 1),
	(29, 7, 'Passenger Check-In', 'passenger_checkin', 'fa fa-check-square-o', 1, 1),
	(30, 7, 'Passenger Baggage Check-In ', 'passenger_baggage_checkin', 'fa fa-check-square-o', 2, 1),
	(31, 7, 'Passenger Baggage Check-In Payment', 'passenger_baggage_checkin_payment', 'fa fa-check-square-o', 3, 1),
	(32, 7, 'Padala Cargo Check-In', 'padala_cargo_checkin', 'fa fa-check-square-o', 4, 1),
	(33, 7, 'Padala Cargo Check-In Payment', 'padala_cargo_checkin_payment', 'fa fa-check-square-o', 5, 1),
	(34, 7, 'RORO Check-In', 'rolling_cargo_checkin', 'fa fa-check-square-o', 6, 1),
	(35, 8, 'Ticket Series Assignment', 'ticket_series', 'fa fa-ticket', 1, 1),
	(36, 8, 'Passenger Ticket Issuance', 'issue_passenger_ticket', 'fa fa-ticket', 2, 1),
	(37, 8, 'RORO Ticket Issuance', 'issue_rolling_cargo_ticket', 'fa fa-ticket', 3, 1),
	(38, 8, 'Void Ticket', 'void_ticket', 'fa fa-ticket', 4, 1),
	(39, 8, 'Refund Ticket', 'refund_ticket', 'fa fa-ticket', 5, 1),
	(40, 8, 'Revalidate Ticket', 'revalidate_ticket', 'fa fa-ticket', 6, 1),
	(41, 9, 'Reservation Management', 'reservation', 'fa fa-clock-o', 1, 1),
	(42, 10, 'Debtor Management', 'debtor_management', 'fa fa-briefcase', 1, 1),
	(43, 10, 'Load Debtor Wallet', 'debtor_wallet', 'fa fa-briefcase', 2, 1),
	(44, 10, 'Passenger E-Ticket Issuance', 'eticket_passenger', 'fa fa-briefcase', 3, 1),
	(45, 10, 'RORO E-Ticket Issuance', 'roro_eticket', 'fa fa-briefcase', 4, 1),
	(46, 10, 'Void E-Ticket', 'void_eticket', 'fa fa-briefcase', 5, 1),
	(47, 10, 'Refund E-ticket', 'refund_eticket', 'fa fa-briefcase', 6, 1),
	(48, 10, 'Refund E-Ticket Request for Approval', 'approval_refund_eticket', 'fa fa-briefcase', 7, 1),
	(49, 10, 'Approved E-Ticket Refund Requests', 'approved_refund_eticket', 'fa fa-briefcase', 8, 1),
	(50, 10, 'Revalidate E-Ticket', 'revalidate_eticket', 'fa fa-briefcase', 9, 1),
	(51, 11, 'Report', 'report', 'fa fa-area-chart', 1, 0),
	(52, 12, 'Appearance', 'appearance', 'fa fa-gear', 1, 1),
	(53, 12, 'User Account Control', 'account_control', 'fa fa-gear', 2, 1);
/*!40000 ALTER TABLE `administrator_page` ENABLE KEYS */;

-- Dumping structure for table oceanjet1_db.announcement
CREATE TABLE IF NOT EXISTS `announcement` (
  `id_announcement` int(11) unsigned NOT NULL AUTO_INCREMENT,
  `announcement_code` varchar(50) NOT NULL,
  `announcement` varchar(255) NOT NULL,
  `announcement_content` longtext NOT NULL,
  `enabled` tinyint(1) NOT NULL,
  `date_added` datetime NOT NULL,
  `date_update` datetime NOT NULL,
  PRIMARY KEY (`id_announcement`)
) ENGINE=InnoDB AUTO_INCREMENT=8 DEFAULT CHARSET=utf8;

-- Dumping data for table oceanjet1_db.announcement: ~2 rows (approximately)
/*!40000 ALTER TABLE `announcement` DISABLE KEYS */;
INSERT INTO `announcement` (`id_announcement`, `announcement_code`, `announcement`, `announcement_content`, `enabled`, `date_added`, `date_update`) VALUES
	(6, 'ANNOUNCEMENT1', 'Ocean Jet Voyage Management System', '<p>The Voyage Management System &#40;VMS&#41; intends to automate most of the manual processes to provide more efficiency in the business. This document will define the functional requirements of VMS.</p>\r\n<table>\r\n<tbody>\r\n<tr>\r\n<td><img src="/oceanjet/uploads/favicon.png" alt="" /></td>\r\n<td>\r\n<h3><strong>The History of Lorem Ipsum and its Standardizations</strong></h3>\r\n<p><strong>Lorem Ipsum</strong> is simply dummy text of the printing and typesetting industry. Lorem Ipsum has been the industry\'s standard dummy text ever since the 1500s, when an unknown printer took a galley of type and scrambled it to make a type specimen book. It has survived not only five centuries, but also the leap into electronic typesetting, remaining essentially unchanged. It was popularised in the 1960s with the release of Letraset sheets containing Lorem Ipsum passages, and more recently with desktop publishing software like Aldus PageMaker including versions of Lorem Ipsum.</p>\r\n<p><strong>Lorem Ipsum</strong> is simply dummy text of the printing and typesetting industry. Lorem Ipsum has been the industry\'s standard dummy text ever since the 1500s, when an unknown printer took a galley of type and scrambled it to make a type specimen book. It has survived not only five centuries, but also the leap into electronic typesetting, remaining essentially unchanged. It was popularised in the 1960s with the release of Letraset sheets containing Lorem Ipsum passages, and more recently with desktop publishing software like Aldus PageMaker including versions of Lorem Ipsum.</p>\r\n</td>\r\n</tr>\r\n<tr>\r\n<td> </td>\r\n<td>\r\n<p><strong>Lorem Ipsum</strong> is simply dummy text of the printing and typesetting industry. Lorem Ipsum has been the industry\'s standard dummy text ever since the 1500s, when an unknown printer took a galley of type and scrambled it to make a type specimen book. It has survived not only five centuries, but also the leap into electronic typesetting, remaining essentially unchanged. It was popularised in the 1960s with the release of Letraset sheets containing Lorem Ipsum passages, and more recently with desktop publishing software like Aldus PageMaker including versions of Lorem Ipsum.</p>\r\n<p><strong>Lorem Ipsum</strong> is simply dummy text of the printing and typesetting industry. Lorem Ipsum has been the industry\'s standard dummy text ever since the 1500s, when an unknown printer took a galley of type and scrambled it to make a type specimen book. It has survived not only five centuries, but also the leap into electronic typesetting, remaining essentially unchanged. It was popularised in the 1960s with the release of Letraset sheets containing Lorem Ipsum passages, and more recently with desktop publishing software like Aldus PageMaker including versions of Lorem Ipsum.</p>\r\n</td>\r\n</tr>\r\n</tbody>\r\n</table>\r\n<p> </p>\r\n<p> </p>', 1, '2016-03-02 15:17:20', '2016-03-30 11:02:29'),
	(7, 'ANNOUNCEMENT2', 'Terms and Conditions', '<h3>Terms and conditions template for website usage</h3>\r\n<p>Welcome to our website. If you continue to browse and use this website, you are agreeing to comply with and be bound by the following terms and conditions of use, which together with our privacy policy govern [business name]\'s relationship with you in relation to this website. If you disagree with any part of these terms and conditions, please do not use our website.</p>\r\n<p>The term \'[business name]\' or \'us\' or \'we\' refers to the owner of the website whose registered office is [address]. Our company registration number is [company registration number and place of registration]. The term \'you\' refers to the user or viewer of our website.</p>\r\n<p>The use of this website is subject to the following terms of use:</p>\r\n<ul>\r\n<li>The content of the pages of this website is for your general information and use only. It is subject to change without notice.</li>\r\n<li>This website uses cookies to monitor browsing preferences. If you do allow cookies to be used, the following personal information may be stored by us for use by third parties: [insert list of information].</li>\r\n<li>Neither we nor any third parties provide any warranty or guarantee as to the accuracy, timeliness, performance, completeness or suitability of the information and materials found or offered on this website for any particular purpose. You acknowledge that such information and materials may contain inaccuracies or errors and we expressly exclude liability for any such inaccuracies or errors to the fullest extent permitted by law.</li>\r\n<li>Your use of any information or materials on this website is entirely at your own risk, for which we shall not be liable. It shall be your own responsibility to ensure that any products, services or information available through this website meet your specific requirements.</li>\r\n<li>This website contains material which is owned by or licensed to us. This material includes, but is not limited to, the design, layout, look, appearance and graphics. Reproduction is prohibited other than in accordance with the copyright notice, which forms part of these terms and conditions.</li>\r\n<li>All trade marks reproduced in this website which are not the property of, or licensed to, the operator are acknowledged on the website.</li>\r\n<li>Unauthorised use of this website may give rise to a claim for damages and/or be a criminal offence.</li>\r\n<li>From time to time this website may also include links to other websites. These links are provided for your convenience to provide further information. They do not signify that we endorse the website(s). We have no responsibility for the content of the linked website(s).</li>\r\n<li>Your use of this website and any dispute arising out of such use of the website is subject to the laws of England, Northern Ireland, Scotland and Wales.</li>\r\n</ul>', 1, '2016-03-16 10:30:52', '2016-03-16 10:30:52');
/*!40000 ALTER TABLE `announcement` ENABLE KEYS */;

-- Dumping structure for table oceanjet1_db.announcement_visibility
CREATE TABLE IF NOT EXISTS `announcement_visibility` (
  `id_announcement_visibility` int(11) unsigned NOT NULL AUTO_INCREMENT,
  `announcement_id` int(11) unsigned NOT NULL,
  `user_profile_id` int(11) unsigned NOT NULL,
  PRIMARY KEY (`id_announcement_visibility`)
) ENGINE=InnoDB AUTO_INCREMENT=112 DEFAULT CHARSET=utf8;

-- Dumping data for table oceanjet1_db.announcement_visibility: ~8 rows (approximately)
/*!40000 ALTER TABLE `announcement_visibility` DISABLE KEYS */;
INSERT INTO `announcement_visibility` (`id_announcement_visibility`, `announcement_id`, `user_profile_id`) VALUES
	(92, 7, 1),
	(93, 7, 4),
	(106, 6, 1),
	(107, 6, 4),
	(108, 6, 7),
	(109, 6, 9),
	(110, 6, 10),
	(111, 6, 12);
/*!40000 ALTER TABLE `announcement_visibility` ENABLE KEYS */;

-- Dumping structure for table oceanjet1_db.attended_baggage
CREATE TABLE IF NOT EXISTS `attended_baggage` (
  `id_attended_baggage` int(11) NOT NULL AUTO_INCREMENT,
  `attended_baggage` varchar(36) NOT NULL,
  `description` text NOT NULL,
  `origin_id` int(11) NOT NULL,
  `destination_id` int(11) NOT NULL,
  `amount` decimal(6,2) NOT NULL,
  `unit_of_measurement` varchar(8) NOT NULL,
  `enabled` tinyint(1) NOT NULL,
  PRIMARY KEY (`id_attended_baggage`)
) ENGINE=InnoDB AUTO_INCREMENT=3 DEFAULT CHARSET=latin1;

-- Dumping data for table oceanjet1_db.attended_baggage: ~1 rows (approximately)
/*!40000 ALTER TABLE `attended_baggage` DISABLE KEYS */;
INSERT INTO `attended_baggage` (`id_attended_baggage`, `attended_baggage`, `description`, `origin_id`, `destination_id`, `amount`, `unit_of_measurement`, `enabled`) VALUES
	(2, 'ABC1', 'Walk-in', 3, 5, 2000.00, 'kl', 1);
/*!40000 ALTER TABLE `attended_baggage` ENABLE KEYS */;

-- Dumping structure for table oceanjet1_db.booking
CREATE TABLE IF NOT EXISTS `booking` (
  `id_booking` int(11) NOT NULL AUTO_INCREMENT,
  `user_id` int(11) NOT NULL,
  `ticket_series_info_id` int(11) NOT NULL,
  `passenger_id` int(11) NOT NULL,
  `passenger_fare_id` int(11) NOT NULL,
  `booking_source_id` int(11) NOT NULL,
  `booking_status_id` int(11) NOT NULL,
  `discount_id` int(11) unsigned NOT NULL,
  `subvoyage_management_id` int(11) NOT NULL,
  `transaction_ref` varchar(32) NOT NULL,
  `points` decimal(13,2) NOT NULL,
  `jetter_no` varchar(32) DEFAULT NULL,
  `payment` varchar(32) NOT NULL,
  `fare_price` decimal(13,2) NOT NULL,
  `return_fare_price` decimal(13,2) NOT NULL,
  `total_discount` decimal(13,2) NOT NULL,
  `terminal_fee` decimal(13,2) NOT NULL,
  `port_charge` decimal(13,2) NOT NULL,
  `total_amount` decimal(13,2) NOT NULL,
  `payment_method_id` int(11) DEFAULT NULL,
  `reference_id` int(11) unsigned NOT NULL,
  `is_return` tinyint(1) DEFAULT NULL,
  `passenger_valid_id_number` varchar(64) DEFAULT NULL,
  `date_added` datetime NOT NULL,
  `date_update` datetime NOT NULL,
  PRIMARY KEY (`id_booking`)
) ENGINE=InnoDB AUTO_INCREMENT=6 DEFAULT CHARSET=latin1;

-- Dumping data for table oceanjet1_db.booking: ~5 rows (approximately)
/*!40000 ALTER TABLE `booking` DISABLE KEYS */;
INSERT INTO `booking` (`id_booking`, `user_id`, `ticket_series_info_id`, `passenger_id`, `passenger_fare_id`, `booking_source_id`, `booking_status_id`, `discount_id`, `subvoyage_management_id`, `transaction_ref`, `points`, `jetter_no`, `payment`, `fare_price`, `return_fare_price`, `total_discount`, `terminal_fee`, `port_charge`, `total_amount`, `payment_method_id`, `reference_id`, `is_return`, `passenger_valid_id_number`, `date_added`, `date_update`) VALUES
	(1, 1, 415, 1, 5, 3, 3, 0, 14, '89456', 0.00, '0', '0', 0.00, 0.00, 0.00, 0.00, 0.00, 15000.00, NULL, 89456, NULL, NULL, '2016-03-08 09:11:06', '0000-00-00 00:00:00'),
	(2, 1, 416, 2, 0, 3, 1, 0, 15, '93392', 0.00, '0', '0', 0.00, 0.00, 0.00, 0.00, 0.00, 0.00, NULL, 93392, NULL, NULL, '2016-03-08 09:12:47', '0000-00-00 00:00:00'),
	(3, 1, 417, 2, 0, 3, 1, 0, 16, '89456', 0.00, '0', '0', 0.00, 0.00, 0.00, 0.00, 0.00, 0.00, NULL, 89456, NULL, NULL, '2016-03-08 09:12:48', '0000-00-00 00:00:00'),
	(4, 1, 422, 3, 0, 3, 1, 0, 1, '12399', 0.00, '0', '0', 0.00, 0.00, 0.00, 0.00, 0.00, 0.00, NULL, 12399, NULL, NULL, '2016-03-21 14:42:51', '0000-00-00 00:00:00'),
	(5, 1, 423, 4, 0, 3, 1, 0, 1, '49185', 0.00, '0', '0', 0.00, 0.00, 0.00, 0.00, 0.00, 0.00, NULL, 49185, NULL, NULL, '2016-03-21 15:19:13', '0000-00-00 00:00:00');
/*!40000 ALTER TABLE `booking` ENABLE KEYS */;

-- Dumping structure for table oceanjet1_db.booking_account
CREATE TABLE IF NOT EXISTS `booking_account` (
  `id_user_account` int(11) NOT NULL AUTO_INCREMENT,
  `user_id` int(11) unsigned NOT NULL,
  `email_address` varchar(128) CHARACTER SET latin1 NOT NULL,
  `firstname` varchar(64) CHARACTER SET latin1 NOT NULL,
  `middlename` varchar(64) CHARACTER SET latin1 DEFAULT NULL,
  `lastname` varchar(64) CHARACTER SET latin1 NOT NULL,
  `profile_pic` varchar(255) CHARACTER SET latin1 DEFAULT NULL,
  PRIMARY KEY (`id_user_account`)
) ENGINE=InnoDB AUTO_INCREMENT=8 DEFAULT CHARSET=utf8;

-- Dumping data for table oceanjet1_db.booking_account: ~7 rows (approximately)
/*!40000 ALTER TABLE `booking_account` DISABLE KEYS */;
INSERT INTO `booking_account` (`id_user_account`, `user_id`, `email_address`, `firstname`, `middlename`, `lastname`, `profile_pic`) VALUES
	(1, 1, 'superadmin@yondu.com', 'Super Admin', 'Super Admin', 'Super Admin', '06446441eabe5e90fd9842f59f059e98.PNG'),
	(2, 2, 'debtor@mailinator.com', 'Debtor', 'Debtor', 'Debtor', NULL),
	(3, 3, 'gasuncion@yondu.com', 'Gian', 'Zapatero', 'Asuncion', NULL),
	(4, 4, 'asunciongiancarlo@gmail.com', 'Carlo', 'Zapatero', 'Asuncion', '4a969efd79d8de5cf29c93cbbfffa0a4.PNG'),
	(5, 5, 'test@yondu.com', 'Client', 'Client', 'Client', '31e844a017a09ac783a98d0535aed0dc.PNG'),
	(6, 6, 'kbahia@yondu.com', 'Clerk', 'B', 'Baggage', ''),
	(7, 7, 'rmeran@yondu.com', 'Ronald', 'Marzonia', 'Meran', 'd5d30094077c3acb0a7b6ea7745ff412.jpg');
/*!40000 ALTER TABLE `booking_account` ENABLE KEYS */;

-- Dumping structure for table oceanjet1_db.booking_roro
CREATE TABLE IF NOT EXISTS `booking_roro` (
  `id_booking_roro` int(11) unsigned NOT NULL AUTO_INCREMENT,
  `origin_id` int(11) DEFAULT NULL,
  `destination_id` int(11) DEFAULT NULL,
  `rolling_cargo_id` int(11) unsigned NOT NULL,
  `discount_id` int(11) unsigned NOT NULL,
  `ticket_series_info_id` int(11) unsigned NOT NULL,
  `booking_source_id` int(11) unsigned NOT NULL,
  `booking_status_id` int(11) unsigned NOT NULL,
  `rolling_cargo_description` text,
  `reference_no` varchar(255) NOT NULL,
  `sender_first_name` varchar(64) NOT NULL,
  `sender_middle_name` varchar(64) NOT NULL,
  `sender_last_name` varchar(64) NOT NULL,
  `sender_contact_no` varchar(45) NOT NULL,
  `sender_birthdate` date NOT NULL,
  `driver_first_name` varchar(64) NOT NULL,
  `driver_middle_name` varchar(64) NOT NULL,
  `driver_last_name` varchar(64) NOT NULL,
  `driver_contact_no` varchar(45) NOT NULL,
  `driver_birthdate` date NOT NULL,
  `enabled` tinyint(1) unsigned NOT NULL,
  `date_added` datetime NOT NULL,
  `date_update` datetime NOT NULL,
  PRIMARY KEY (`id_booking_roro`)
) ENGINE=InnoDB AUTO_INCREMENT=4 DEFAULT CHARSET=utf8;

-- Dumping data for table oceanjet1_db.booking_roro: ~3 rows (approximately)
/*!40000 ALTER TABLE `booking_roro` DISABLE KEYS */;
INSERT INTO `booking_roro` (`id_booking_roro`, `origin_id`, `destination_id`, `rolling_cargo_id`, `discount_id`, `ticket_series_info_id`, `booking_source_id`, `booking_status_id`, `rolling_cargo_description`, `reference_no`, `sender_first_name`, `sender_middle_name`, `sender_last_name`, `sender_contact_no`, `sender_birthdate`, `driver_first_name`, `driver_middle_name`, `driver_last_name`, `driver_contact_no`, `driver_birthdate`, `enabled`, `date_added`, `date_update`) VALUES
	(1, NULL, NULL, 1, 0, 400, 0, 0, '', '5FF44JKELGSS', 'Arnold', 'C', 'Balderama', '09133948573', '0000-00-00', 'Arnie', 'G', 'Baldorado', '09382828449', '0000-00-00', 1, '0000-00-00 00:00:00', '0000-00-00 00:00:00'),
	(2, NULL, NULL, 1, 0, 419, 3, 1, NULL, '', 'ewq', 'ewq', 'ewq', '12312312', '0000-00-00', 'qwe', 'ws', 'qwe', '123123123', '0000-00-00', 0, '0000-00-00 00:00:00', '0000-00-00 00:00:00'),
	(3, NULL, NULL, 1, 0, 421, 3, 1, NULL, '', 'test', 'test', 'test', 'test', '0000-00-00', 'qwe', 'qwe', 'qwe', 'qwe', '0000-00-00', 0, '0000-00-00 00:00:00', '0000-00-00 00:00:00');
/*!40000 ALTER TABLE `booking_roro` ENABLE KEYS */;

-- Dumping structure for table oceanjet1_db.booking_source
CREATE TABLE IF NOT EXISTS `booking_source` (
  `id_booking_source` int(11) NOT NULL AUTO_INCREMENT,
  `booking_source` varchar(64) NOT NULL,
  PRIMARY KEY (`id_booking_source`)
) ENGINE=InnoDB AUTO_INCREMENT=5 DEFAULT CHARSET=latin1;

-- Dumping data for table oceanjet1_db.booking_source: ~4 rows (approximately)
/*!40000 ALTER TABLE `booking_source` DISABLE KEYS */;
INSERT INTO `booking_source` (`id_booking_source`, `booking_source`) VALUES
	(1, 'Online'),
	(2, 'Reservation'),
	(3, 'E-ticket'),
	(4, 'Pre-Printed');
/*!40000 ALTER TABLE `booking_source` ENABLE KEYS */;

-- Dumping structure for table oceanjet1_db.booking_status
CREATE TABLE IF NOT EXISTS `booking_status` (
  `id_booking_status` int(11) NOT NULL AUTO_INCREMENT,
  `booking_status` varchar(64) NOT NULL,
  PRIMARY KEY (`id_booking_status`)
) ENGINE=InnoDB AUTO_INCREMENT=6 DEFAULT CHARSET=latin1;

-- Dumping data for table oceanjet1_db.booking_status: ~5 rows (approximately)
/*!40000 ALTER TABLE `booking_status` DISABLE KEYS */;
INSERT INTO `booking_status` (`id_booking_status`, `booking_status`) VALUES
	(1, 'Issued'),
	(2, 'Void'),
	(3, 'Refund'),
	(4, 'Revalidate'),
	(5, 'Check-in');
/*!40000 ALTER TABLE `booking_status` ENABLE KEYS */;

-- Dumping structure for table oceanjet1_db.cargo_description
CREATE TABLE IF NOT EXISTS `cargo_description` (
  `id_cargo_description` int(11) NOT NULL AUTO_INCREMENT,
  `padala_cargo_checkin_id` int(11) NOT NULL,
  `particular` varchar(128) NOT NULL,
  `padala_cargo_id` int(11) NOT NULL,
  `amount` decimal(9,2) NOT NULL,
  `unit_of_measurement` varchar(16) NOT NULL,
  `quantity` int(4) NOT NULL,
  PRIMARY KEY (`id_cargo_description`)
) ENGINE=InnoDB AUTO_INCREMENT=2 DEFAULT CHARSET=latin1;

-- Dumping data for table oceanjet1_db.cargo_description: ~1 rows (approximately)
/*!40000 ALTER TABLE `cargo_description` DISABLE KEYS */;
INSERT INTO `cargo_description` (`id_cargo_description`, `padala_cargo_checkin_id`, `particular`, `padala_cargo_id`, `amount`, `unit_of_measurement`, `quantity`) VALUES
	(1, 1, 'Bag', 3, 55.90, 'kg', 1);
/*!40000 ALTER TABLE `cargo_description` ENABLE KEYS */;

-- Dumping structure for table oceanjet1_db.checkin_type
CREATE TABLE IF NOT EXISTS `checkin_type` (
  `id_checkin_type` int(11) NOT NULL AUTO_INCREMENT,
  `checkin_type` varchar(16) NOT NULL,
  PRIMARY KEY (`id_checkin_type`)
) ENGINE=InnoDB AUTO_INCREMENT=5 DEFAULT CHARSET=latin1;

-- Dumping data for table oceanjet1_db.checkin_type: ~4 rows (approximately)
/*!40000 ALTER TABLE `checkin_type` DISABLE KEYS */;
INSERT INTO `checkin_type` (`id_checkin_type`, `checkin_type`) VALUES
	(1, 'Passenger'),
	(2, 'Baggage'),
	(3, 'Padala Cargo'),
	(4, 'Rolling Cargo');
/*!40000 ALTER TABLE `checkin_type` ENABLE KEYS */;

-- Dumping structure for table oceanjet1_db.civil_status
CREATE TABLE IF NOT EXISTS `civil_status` (
  `id_civil_status` int(11) NOT NULL AUTO_INCREMENT,
  `civil_status_iso_code` varchar(3) NOT NULL,
  `civil_status_code` varchar(15) NOT NULL,
  `civil_status_status` tinyint(4) NOT NULL,
  PRIMARY KEY (`id_civil_status`)
) ENGINE=InnoDB AUTO_INCREMENT=5 DEFAULT CHARSET=latin1;

-- Dumping data for table oceanjet1_db.civil_status: ~4 rows (approximately)
/*!40000 ALTER TABLE `civil_status` DISABLE KEYS */;
INSERT INTO `civil_status` (`id_civil_status`, `civil_status_iso_code`, `civil_status_code`, `civil_status_status`) VALUES
	(1, 'S', 'Single', 1),
	(2, 'M', 'Married', 1),
	(3, 'D', 'Divorced', 1),
	(4, 'W', 'Widow/er', 1);
/*!40000 ALTER TABLE `civil_status` ENABLE KEYS */;

-- Dumping structure for table oceanjet1_db.conditions
CREATE TABLE IF NOT EXISTS `conditions` (
  `id_conditions` int(11) unsigned NOT NULL AUTO_INCREMENT,
  `conditions` varchar(255) NOT NULL,
  PRIMARY KEY (`id_conditions`)
) ENGINE=InnoDB AUTO_INCREMENT=13 DEFAULT CHARSET=utf8;

-- Dumping data for table oceanjet1_db.conditions: ~7 rows (approximately)
/*!40000 ALTER TABLE `conditions` DISABLE KEYS */;
INSERT INTO `conditions` (`id_conditions`, `conditions`) VALUES
	(1, 'Age Bracket'),
	(2, 'Selling Source'),
	(3, 'Require Advance Booking'),
	(4, 'Booking Period'),
	(5, 'Travel Period'),
	(6, 'Travel Days'),
	(7, 'Maximum Leg Interval');
/*!40000 ALTER TABLE `conditions` ENABLE KEYS */;

-- Dumping structure for table oceanjet1_db.configuration
CREATE TABLE IF NOT EXISTS `configuration` (
  `id_configuration` int(11) NOT NULL AUTO_INCREMENT,
  `configuration` varchar(128) NOT NULL,
  `value` text NOT NULL,
  `config_type` tinyint(1) unsigned NOT NULL,
  PRIMARY KEY (`id_configuration`)
) ENGINE=InnoDB AUTO_INCREMENT=40 DEFAULT CHARSET=latin1;

-- Dumping data for table oceanjet1_db.configuration: ~39 rows (approximately)
/*!40000 ALTER TABLE `configuration` DISABLE KEYS */;
INSERT INTO `configuration` (`id_configuration`, `configuration`, `value`, `config_type`) VALUES
	(1, 'EMAIL_PROTOCOL', 'mail', 1),
	(2, 'SMTP_DOMAIN', '', 1),
	(3, 'SMTP_HOST', '', 1),
	(4, 'SMTP_USER', '', 1),
	(5, 'SMTP_PASS', '', 1),
	(6, 'SMTP_PORT', '25', 1),
	(7, 'EMAIL_TYPE', 'html', 1),
	(8, 'DEBUG_MODE', '0', 1),
	(9, 'THEME', 'default', 1),
	(10, 'SITE_TITLE', 'Ocean Jet', 1),
	(11, 'CACHE_MODE', '0', 1),
	(12, 'CACHE_TIMEOUT', '2', 1),
	(13, 'DEFAULT_LANGUAGE', '1', 1),
	(14, 'ADMIN_PAGE_LOGO', '1', 1),
	(15, 'ADMIN_ITEMS', '100', 1),
	(16, 'SMTP_CC', '', 1),
	(17, 'COMP_LOGO', '', 1),
	(18, 'COMP_ADDR1', '', 1),
	(19, 'COMP_ADDR2', '', 1),
	(20, 'COMP_EMAIL', '', 1),
	(21, 'COMP_HEADER', '', 1),
	(22, 'COMP_FOOTER', '', 1),
	(23, 'COMP_HEADER', '', 1),
	(24, 'DEFAULT_COUNTRY', '', 1),
	(25, 'DEFAULT_TIME_ZONE', 'Asia/Manila', 1),
	(26, 'SMTP_BCC', '', 1),
	(27, 'UPLOAD_DIR', 'e:\\titanium', 1),
	(28, 'NUM_PASSWORD_CHANGE', '4', 1),
	(29, 'REQ_PASSWORD_CHANGE', '90', 1),
	(30, 'PASSWORD_REQ_UPPERCASE', '0', 1),
	(31, 'PASSWORD_REQ_NUMBER', '0', 1),
	(32, 'PASSWORD_REQ_SPL_CHAR', '1', 1),
	(33, 'LOGIN_ATTEMPT', '5', 1),
	(34, 'ENABLE_LOCKED_ACCT', '10', 1),
	(35, 'RE_AUTHENTICATE_ACCT', '60', 1),
	(36, 'INACTIVE_ACCT', '90', 1),
	(37, 'MIN_PASSWORD_CHAR', '5', 1),
	(38, 'MAX_PASSWORD_CHAR', '10', 1),
	(39, 'PASSWORD_REQ_LOWERCASE', '0', 1);
/*!40000 ALTER TABLE `configuration` ENABLE KEYS */;

-- Dumping structure for table oceanjet1_db.debtor
CREATE TABLE IF NOT EXISTS `debtor` (
  `id_debtor` int(11) NOT NULL AUTO_INCREMENT,
  `debtor_code` varchar(100) NOT NULL,
  `user_id` int(11) NOT NULL,
  `amount` decimal(12,2) DEFAULT NULL,
  `enabled` int(11) NOT NULL,
  PRIMARY KEY (`id_debtor`)
) ENGINE=InnoDB AUTO_INCREMENT=9 DEFAULT CHARSET=latin1;

-- Dumping data for table oceanjet1_db.debtor: ~1 rows (approximately)
/*!40000 ALTER TABLE `debtor` DISABLE KEYS */;
INSERT INTO `debtor` (`id_debtor`, `debtor_code`, `user_id`, `amount`, `enabled`) VALUES
	(8, 'DC123', 2, 109384.00, 1);
/*!40000 ALTER TABLE `debtor` ENABLE KEYS */;

-- Dumping structure for table oceanjet1_db.debtor_outlet
CREATE TABLE IF NOT EXISTS `debtor_outlet` (
  `id_debtor_outlet` int(11) NOT NULL AUTO_INCREMENT,
  `debtor_id` int(11) DEFAULT NULL,
  `outlet_id` int(11) DEFAULT NULL,
  PRIMARY KEY (`id_debtor_outlet`)
) ENGINE=InnoDB AUTO_INCREMENT=26 DEFAULT CHARSET=latin1;

-- Dumping data for table oceanjet1_db.debtor_outlet: ~1 rows (approximately)
/*!40000 ALTER TABLE `debtor_outlet` DISABLE KEYS */;
INSERT INTO `debtor_outlet` (`id_debtor_outlet`, `debtor_id`, `outlet_id`) VALUES
	(25, 8, 3);
/*!40000 ALTER TABLE `debtor_outlet` ENABLE KEYS */;

-- Dumping structure for table oceanjet1_db.debtor_transaction_history
CREATE TABLE IF NOT EXISTS `debtor_transaction_history` (
  `id_debtor_transaction_history` int(11) NOT NULL AUTO_INCREMENT,
  `debtor_id` int(11) DEFAULT NULL,
  `transaction_date` date DEFAULT NULL,
  `transaction_details` text,
  `transaction_debit` decimal(12,2) DEFAULT NULL,
  `tranasaction_credit` decimal(12,2) DEFAULT NULL,
  PRIMARY KEY (`id_debtor_transaction_history`)
) ENGINE=InnoDB DEFAULT CHARSET=latin1;

-- Dumping data for table oceanjet1_db.debtor_transaction_history: ~0 rows (approximately)
/*!40000 ALTER TABLE `debtor_transaction_history` DISABLE KEYS */;
/*!40000 ALTER TABLE `debtor_transaction_history` ENABLE KEYS */;

-- Dumping structure for table oceanjet1_db.debtor_wallet
CREATE TABLE IF NOT EXISTS `debtor_wallet` (
  `id_debtor_wallet` int(11) NOT NULL AUTO_INCREMENT,
  `debtor_id` int(11) NOT NULL,
  `wallet_amount` decimal(12,2) NOT NULL,
  `payment_account_id` int(11) NOT NULL,
  `deposit_date` date NOT NULL,
  `reference` text NOT NULL,
  `type` int(11) DEFAULT NULL,
  PRIMARY KEY (`id_debtor_wallet`)
) ENGINE=InnoDB AUTO_INCREMENT=9 DEFAULT CHARSET=latin1;

-- Dumping data for table oceanjet1_db.debtor_wallet: ~5 rows (approximately)
/*!40000 ALTER TABLE `debtor_wallet` DISABLE KEYS */;
INSERT INTO `debtor_wallet` (`id_debtor_wallet`, `debtor_id`, `wallet_amount`, `payment_account_id`, `deposit_date`, `reference`, `type`) VALUES
	(4, 8, 123456.00, 3, '2016-03-04', 'test', 1),
	(5, 8, 12345.00, 3, '2016-03-04', 'test', 0),
	(6, 8, 1234.00, 3, '2016-03-04', 'test', 0),
	(7, 8, 500.00, 4, '2016-03-10', '3423432dada', 0),
	(8, 8, 7.00, 3, '2016-03-16', 'Test', 1);
/*!40000 ALTER TABLE `debtor_wallet` ENABLE KEYS */;

-- Dumping structure for table oceanjet1_db.discounts
CREATE TABLE IF NOT EXISTS `discounts` (
  `id_discount` int(11) unsigned NOT NULL AUTO_INCREMENT,
  `discount_code` varchar(100) NOT NULL,
  `discount` varchar(100) NOT NULL,
  `discount_type` varchar(20) NOT NULL,
  `discount_amount` decimal(13,2) unsigned NOT NULL,
  `with_age` tinyint(1) unsigned NOT NULL,
  `age_from` int(11) unsigned NOT NULL,
  `age_to` int(11) unsigned NOT NULL,
  `vat_exempt` tinyint(1) unsigned NOT NULL,
  `require_id` tinyint(1) unsigned NOT NULL,
  `enabled` tinyint(1) unsigned NOT NULL,
  `date_added` datetime NOT NULL,
  `date_update` datetime NOT NULL,
  PRIMARY KEY (`id_discount`)
) ENGINE=InnoDB AUTO_INCREMENT=9 DEFAULT CHARSET=latin1;

-- Dumping data for table oceanjet1_db.discounts: ~3 rows (approximately)
/*!40000 ALTER TABLE `discounts` DISABLE KEYS */;
INSERT INTO `discounts` (`id_discount`, `discount_code`, `discount`, `discount_type`, `discount_amount`, `with_age`, `age_from`, `age_to`, `vat_exempt`, `require_id`, `enabled`, `date_added`, `date_update`) VALUES
	(6, 'DSC-000-01', 'Senior Citizen Discount', 'percentage', 20.00, 1, 60, 69, 0, 0, 1, '2016-03-01 17:48:36', '2016-03-02 10:07:06'),
	(7, 'DSC-000-02', 'VIDP Discount', 'percentage', 10.00, 0, 0, 0, 1, 1, 1, '2016-03-01 17:49:31', '2016-03-01 17:49:31'),
	(8, 'DSC-000-03', 'Student Discount', 'percentage', 20.00, 1, 5, 30, 0, 1, 1, '2016-03-01 17:50:15', '2016-03-02 10:50:53');
/*!40000 ALTER TABLE `discounts` ENABLE KEYS */;

-- Dumping structure for table oceanjet1_db.eticket
CREATE TABLE IF NOT EXISTS `eticket` (
  `id_eticket` int(11) NOT NULL AUTO_INCREMENT,
  `eticket_details` varchar(128) NOT NULL,
  `eticket_terms` varchar(3000) NOT NULL,
  `eticket_reminders` varchar(3000) NOT NULL,
  `eticket_full` varchar(3000) NOT NULL,
  `img_path` longtext NOT NULL,
  `date_added` datetime NOT NULL,
  `date_update` datetime NOT NULL,
  PRIMARY KEY (`id_eticket`)
) ENGINE=InnoDB AUTO_INCREMENT=2 DEFAULT CHARSET=latin1;

-- Dumping data for table oceanjet1_db.eticket: ~1 rows (approximately)
/*!40000 ALTER TABLE `eticket` DISABLE KEYS */;
INSERT INTO `eticket` (`id_eticket`, `eticket_details`, `eticket_terms`, `eticket_reminders`, `eticket_full`, `img_path`, `date_added`, `date_update`) VALUES
	(1, '<table  border="#EEEEEE" width="759"><caption> </caption>\r\n<tbody>\r\n <tr >\r\n <td >Route</td>\r\n <td >Vessel</td>\r\n <td >Voyage</t', '<h3>Terms and conditions template for website usage</h3>\r\n<p>Welcome to our website. If you continue to browse and use this website, you are agreeing to comply with and be bound by the following terms and conditions of use, which together with our privacy policy govern [business name]\'s relationship with you in relation to this website. If you disagree with any part of these terms and conditions, please do not use our website.</p>\r\n<p>The term \'[business name]\' or \'us\' or \'we\' refers to the owner of the website whose registered office is [address]. Our company registration number is [company registration number and place of registration]. The term \'you\' refers to the user or viewer of our website.</p>\r\n<p>The use of this website is subject to the following terms of use:</p>\r\n<ul>\r\n<li>The content of the pages of this website is for your general information and use only. It is subject to change without notice.</li>\r\n<li>This website uses cookies to monitor browsing preferences. If you do allow cookies to be used, the following personal information may be stored by us for use by third parties: [insert list of information].</li>\r\n<li>Neither we nor any third parties provide any warranty or guarantee as to the accuracy, timeliness, performance, completeness or suitability of the information and materials found or offered on this website for any particular purpose. You acknowledge that such information and materials may contain inaccuracies or errors and we expressly exclude liability for any such inaccuracies or errors to the fullest extent permitted by law.</li>\r\n<li>Your use of any information or materials on this website is entirely at your own risk, for which we shall not be liable. It shall be your own responsibility to ensure that any products, services or information available through this website meet your specific requirements.</li>\r\n<li>This website contains material which is owned by or licensed to us. This material includes, but is not limited to, the design, layout, look, appearance and graphics. Reproduction is prohibited other than in accordance with the copyright notice, which forms part of these terms and conditions.</li>\r\n<li>All trade marks reproduced in this website which are not the property of, or licensed to, the operator are acknowledged on the website.</li>\r\n<li>Unauthorised use of this website may give rise to a claim for damages and/or be a criminal offence.</li>\r\n<li>From time to time this website may also include links to other websites. These links are provided for your convenience to provide further information. They do not signify that we endorse the website(s). We have no responsibility for the content of the linked website(s).</li>\r\n<li>Your use of this website and any dispute arising out of such use of the website is subject to the laws of England, Northern Ireland, Scotland and Wales.</li>\r\n</ul>', '<p><strong>Reminders</strong></p>\r\n<p><strong>Lorem Ipsum</strong> is simply dummy text of the printing and typesetting industry. Lorem Ipsum has been the industry\'s standard dummy text ever since the 1500s, when an unknown printer took a galley of type and scrambled it to make a type specimen book. It has survived not only five centuries, but also the leap into electronic typesetting, remaining essentially unchanged. It was popularised in the 1960s with the release of Letraset sheets containing Lorem Ipsum passages, and more recently with desktop publishing software like Aldus PageMaker including versions of Lorem Ipsum.</p>\r\n<p>Contrary to popular belief, Lorem Ipsum is not simply random text. It has roots in a piece of classical Latin literature from 45 BC, making it over 2000 years old. Richard McClintock, a Latin professor at Hampden-Sydney College in Virginia, looked up one of the more obscure Latin words, consectetur, from a Lorem Ipsum passage, and going through the cites of the word in classical literature, discovered the undoubtable source. Lorem Ipsum comes from sections 1.10.32 and 1.10.33 of "de Finibus Bonorum et Malorum" (The Extremes of Good and Evil) by Cicero, written in 45 BC. This book is a treatise on the theory of ethics, very popular during the Renaissance. The first line of Lorem Ipsum, "Lorem ipsum dolor sit amet..", comes from a line in section 1.10.32.</p>', '<p><img alt="" /></p>\r\n<table border="#EEEEEE" width="759"><caption> </caption>\r\n<tbody>\r\n<tr>\r\n<td>Route</td>\r\n<td>Vessel</td>\r\n<td>Voyage</td>\r\n<td>Departure</td>\r\n<td>Arrival</td>\r\n</tr>\r\n<tr>\r\n<td>Cebu - Tagbilaran</td>\r\n<td>VS001</td>\r\n<td>V003</td>\r\n<td>Saturday, 07 May, 2016, 1225H </td>\r\n<td>Saturday, 07 May, 2016, 1425H</td>\r\n</tr>\r\n<tr>\r\n<td>Tagbilaran - Cebu</td>\r\n<td>VS005</td>\r\n<td>V004</td>\r\n<td>Sunday, 08 May, 2016 0800H</td>\r\n<td>Sunday, 08 May, 2016 1225H</td>\r\n</tr>\r\n</tbody>\r\n</table>\r\n<h3>Terms and conditions template for website usage</h3>\r\n<p>Welcome to our website. If you continue to browse and use this website, you are agreeing to comply with and be bound by the following terms and conditions of use, which together with our privacy policy govern [business name]\'s relationship with you in relation to this website. If you disagree with any part of these terms and conditions, please do not use our website.</p>\r\n<p>The term \'[business name]\' or \'us\' or \'we\' refers to the owner of the website whose registered office is [address]. Our company registration number is [company registration number and place of registration]. The term \'you\' refers to the user or viewer of our website.</p>\r\n<p>The use of this website is subject to the following terms of use:</p>\r\n<ul>\r\n<li>The content of the pages of this website is for your general information and use only. It is subject to change without notice.</li>\r\n<li>This website uses cookies to monitor browsing preferences. If you do allow cookies to be used, the following personal information may be stored by us for use by third parties: [insert list of information].</li>\r\n<li>Neither we nor any third parties provide any warranty or guarantee as to the accuracy, timeliness, performance, completeness or suitability of the information and materials found or offered on this website for any particular purpose. You acknowledge that such information and materials may contain inaccuracies or errors and we expressly exclude liability for any such inaccuracies or errors to the fullest extent permitted by law.</li>\r\n<li>Your use of any information or materials on this website is entirely at your own risk, for which we shall not be liable. It shall be your own responsibility to ensure that any products, services or information available through this website meet your specific requirements.</li>\r\n<li>This website contains material which is owned by or licensed to us. This material includes, but is not limited to, the design, layout, look, appearance and graphics. Reproduction is prohibited other than in accordance with the copyright notice, which forms part of these terms and conditions.</li>\r\n<li>All trade marks reproduced in this website which are not the property of, or licensed to, the operator are acknowledged on the website.</li>\r\n<li>Unauthorised use of this website may give rise to a claim for damages and/or be a criminal offence.</li>\r\n<li>From time to ti</li>\r\n</ul>', 'http://localhost/oceanjet/assets/img/eticket/oj-ticket-header2.png', '2016-03-01 18:40:48', '2016-03-22 14:48:57');
/*!40000 ALTER TABLE `eticket` ENABLE KEYS */;

-- Dumping structure for table oceanjet1_db.evoucher
CREATE TABLE IF NOT EXISTS `evoucher` (
  `id_evoucher` int(11) NOT NULL AUTO_INCREMENT,
  `evoucher` varchar(128) NOT NULL,
  `origin_id` int(11) NOT NULL,
  `destination_id` int(11) NOT NULL,
  `accommodation_id` int(11) NOT NULL,
  `quantity` int(11) NOT NULL,
  `alloted_evoucher` int(10) unsigned NOT NULL,
  `generated_evoucher` int(10) unsigned NOT NULL,
  `cancelled_evoucher` int(10) unsigned NOT NULL,
  `evoucher_type` tinyint(1) NOT NULL,
  `evoucher_amount` decimal(13,2) NOT NULL,
  `validity` int(11) NOT NULL,
  `outlet_id` int(11) NOT NULL,
  `status` varchar(8) NOT NULL,
  PRIMARY KEY (`id_evoucher`)
) ENGINE=InnoDB AUTO_INCREMENT=4 DEFAULT CHARSET=latin1;

-- Dumping data for table oceanjet1_db.evoucher: ~3 rows (approximately)
/*!40000 ALTER TABLE `evoucher` DISABLE KEYS */;
INSERT INTO `evoucher` (`id_evoucher`, `evoucher`, `origin_id`, `destination_id`, `accommodation_id`, `quantity`, `alloted_evoucher`, `generated_evoucher`, `cancelled_evoucher`, `evoucher_type`, `evoucher_amount`, `validity`, `outlet_id`, `status`) VALUES
	(1, 'Voucher 001', 3, 7, 1, 50, 0, 30, 0, 1, 100.00, 40, 3, 'New'),
	(2, 'Voucher 0023', 3, 7, 3, 100, 0, 50, 0, 3, 50.00, 30, 4, 'New'),
	(3, 'Voucher 0024', 7, 3, 3, 100, 0, 0, 0, 2, 500.00, 30, 3, 'New');
/*!40000 ALTER TABLE `evoucher` ENABLE KEYS */;

-- Dumping structure for table oceanjet1_db.evoucher_series
CREATE TABLE IF NOT EXISTS `evoucher_series` (
  `id_evoucher_series` int(11) NOT NULL AUTO_INCREMENT,
  `evoucher_id` int(11) NOT NULL,
  `evoucher_code` varchar(32) NOT NULL,
  `amount` decimal(13,2) NOT NULL,
  `estatus` varchar(16) NOT NULL,
  `date_generated` date DEFAULT NULL,
  `expiration_date` date DEFAULT NULL,
  `date_used` date DEFAULT NULL,
  PRIMARY KEY (`id_evoucher_series`)
) ENGINE=InnoDB AUTO_INCREMENT=81 DEFAULT CHARSET=latin1;

-- Dumping data for table oceanjet1_db.evoucher_series: ~80 rows (approximately)
/*!40000 ALTER TABLE `evoucher_series` DISABLE KEYS */;
INSERT INTO `evoucher_series` (`id_evoucher_series`, `evoucher_id`, `evoucher_code`, `amount`, `estatus`, `date_generated`, `expiration_date`, `date_used`) VALUES
	(1, 1, 'FZVZIXF', 100.00, 'Unused', '2016-03-08', '2016-03-18', '0000-00-00'),
	(2, 1, '206B5GP', 100.00, 'Unused', '2016-03-08', '2016-03-18', '0000-00-00'),
	(3, 1, 'LDP8IBJ', 100.00, 'Unused', '2016-03-08', '2016-03-18', '0000-00-00'),
	(4, 1, 'FPPWALP', 100.00, 'Unused', '2016-03-08', '2016-03-18', '0000-00-00'),
	(5, 1, 'CLLK2MY', 100.00, 'Unused', '2016-03-08', '2016-03-18', '0000-00-00'),
	(6, 1, '5ADIWEE', 100.00, 'Unused', '2016-03-08', '2016-03-18', '0000-00-00'),
	(7, 1, 'B5SW1P3', 100.00, 'Unused', '2016-03-08', '2016-03-18', '0000-00-00'),
	(8, 1, 'FFCSZ6Z', 100.00, 'Unused', '2016-03-08', '2016-03-18', '0000-00-00'),
	(9, 1, 'Q7KXALE', 100.00, 'Unused', '2016-03-08', '2016-03-18', '0000-00-00'),
	(10, 1, 'HNH9GP8', 100.00, 'Unused', '2016-03-08', '2016-03-18', '0000-00-00'),
	(11, 1, 'IO7JAFW', 100.00, 'Unused', '2016-03-29', '2016-04-08', '0000-00-00'),
	(12, 1, 'BWJAJSF', 100.00, 'Unused', '2016-03-29', '2016-04-08', '0000-00-00'),
	(13, 1, 'GXOEGBR', 100.00, 'Unused', '2016-03-29', '2016-04-08', '0000-00-00'),
	(14, 1, 'MYE6J0U', 100.00, 'Unused', '2016-03-29', '2016-04-08', '0000-00-00'),
	(15, 1, '8H99VC3', 100.00, 'Unused', '2016-03-29', '2016-04-08', '0000-00-00'),
	(16, 1, 'L6AESF0', 100.00, 'Unused', '2016-03-29', '2016-04-08', '0000-00-00'),
	(17, 1, 'IFB9OND', 100.00, 'Unused', '2016-03-29', '2016-04-08', '0000-00-00'),
	(18, 1, '53RCW4K', 100.00, 'Unused', '2016-03-29', '2016-04-08', '0000-00-00'),
	(19, 1, '833AL0J', 100.00, 'Unused', '2016-03-29', '2016-04-08', '0000-00-00'),
	(20, 1, 'GV1W1RV', 100.00, 'Unused', '2016-03-29', '2016-04-08', '0000-00-00'),
	(21, 1, 'JY8B77C', 100.00, 'Unused', '2016-03-29', '2016-04-08', '0000-00-00'),
	(22, 1, '6O32E36', 100.00, 'Unused', '2016-03-29', '2016-04-08', '0000-00-00'),
	(23, 1, 'RCHCKCF', 100.00, 'Unused', '2016-03-29', '2016-04-08', '0000-00-00'),
	(24, 1, 'C2LGRL7', 100.00, 'Unused', '2016-03-29', '2016-04-08', '0000-00-00'),
	(25, 1, 'UEQXRUA', 100.00, 'Unused', '2016-03-29', '2016-04-08', '0000-00-00'),
	(26, 1, 'PKFVPAO', 100.00, 'Unused', '2016-03-29', '2016-04-08', '0000-00-00'),
	(27, 1, 'YCMMLDC', 100.00, 'Unused', '2016-03-29', '2016-04-08', '0000-00-00'),
	(28, 1, 'SF541O1', 100.00, 'Unused', '2016-03-29', '2016-04-08', '0000-00-00'),
	(29, 1, 'ZNI6B2L', 100.00, 'Unused', '2016-03-29', '2016-04-08', '0000-00-00'),
	(30, 1, 'MU84UBG', 100.00, 'Unused', '2016-03-29', '2016-04-08', '0000-00-00'),
	(31, 2, 'QJVEHA1', 50.00, 'Unused', '2016-04-06', '2016-05-06', '0000-00-00'),
	(32, 2, 'ERQQM8Y', 50.00, 'Unused', '2016-04-06', '2016-05-06', '0000-00-00'),
	(33, 2, 'WQ6FYKM', 50.00, 'Unused', '2016-04-06', '2016-05-06', '0000-00-00'),
	(34, 2, 'T2G5BTR', 50.00, 'Unused', '2016-04-06', '2016-05-06', '0000-00-00'),
	(35, 2, 'WH6L90P', 50.00, 'Unused', '2016-04-06', '2016-05-06', '0000-00-00'),
	(36, 2, '528YNLZ', 50.00, 'Unused', '2016-04-06', '2016-05-06', '0000-00-00'),
	(37, 2, '8TVIJH6', 50.00, 'Unused', '2016-04-06', '2016-05-06', '0000-00-00'),
	(38, 2, 'U5485G7', 50.00, 'Unused', '2016-04-06', '2016-05-06', '0000-00-00'),
	(39, 2, 'LPR9JDA', 50.00, 'Unused', '2016-04-06', '2016-05-06', '0000-00-00'),
	(40, 2, 'FEZKCXH', 50.00, 'Unused', '2016-04-06', '2016-05-06', '0000-00-00'),
	(41, 2, 'VYESOYK', 50.00, 'Unused', '2016-04-06', '2016-05-06', '0000-00-00'),
	(42, 2, 'RQZMW48', 50.00, 'Unused', '2016-04-06', '2016-05-06', '0000-00-00'),
	(43, 2, 'OL1C7UH', 50.00, 'Unused', '2016-04-06', '2016-05-06', '0000-00-00'),
	(44, 2, 'CVOGXBP', 50.00, 'Unused', '2016-04-06', '2016-05-06', '0000-00-00'),
	(45, 2, 'PAWT2WM', 50.00, 'Unused', '2016-04-06', '2016-05-06', '0000-00-00'),
	(46, 2, 'EF7NWB5', 50.00, 'Unused', '2016-04-06', '2016-05-06', '0000-00-00'),
	(47, 2, 'RH91TOD', 50.00, 'Unused', '2016-04-06', '2016-05-06', '0000-00-00'),
	(48, 2, 'L806GPC', 50.00, 'Unused', '2016-04-06', '2016-05-06', '0000-00-00'),
	(49, 2, 'H2HLBKA', 50.00, 'Unused', '2016-04-06', '2016-05-06', '0000-00-00'),
	(50, 2, 'RKX1ZPU', 50.00, 'Unused', '2016-04-06', '2016-05-06', '0000-00-00'),
	(51, 2, 'S606Z4H', 50.00, 'Unused', '2016-04-06', '2016-05-06', '0000-00-00'),
	(52, 2, 'YP6OMD6', 50.00, 'Unused', '2016-04-06', '2016-05-06', '0000-00-00'),
	(53, 2, '2U4PM85', 50.00, 'Unused', '2016-04-06', '2016-05-06', '0000-00-00'),
	(54, 2, '47YOKPT', 50.00, 'Unused', '2016-04-06', '2016-05-06', '0000-00-00'),
	(55, 2, '5XD2LT6', 50.00, 'Unused', '2016-04-06', '2016-05-06', '0000-00-00'),
	(56, 2, 'GQ3Z0ZQ', 50.00, 'Unused', '2016-04-06', '2016-05-06', '0000-00-00'),
	(57, 2, 'U4ZQMRQ', 50.00, 'Unused', '2016-04-06', '2016-05-06', '0000-00-00'),
	(58, 2, '9C6MM0K', 50.00, 'Unused', '2016-04-06', '2016-05-06', '0000-00-00'),
	(59, 2, 'LBF2EIJ', 50.00, 'Unused', '2016-04-06', '2016-05-06', '0000-00-00'),
	(60, 2, 'JKG1LKN', 50.00, 'Unused', '2016-04-06', '2016-05-06', '0000-00-00'),
	(61, 2, '3GH749L', 50.00, 'Unused', '2016-04-06', '2016-05-06', '0000-00-00'),
	(62, 2, 'L7B9I9O', 50.00, 'Unused', '2016-04-06', '2016-05-06', '0000-00-00'),
	(63, 2, '6CLWJSL', 50.00, 'Unused', '2016-04-06', '2016-05-06', '0000-00-00'),
	(64, 2, 'VUUOUDW', 50.00, 'Unused', '2016-04-06', '2016-05-06', '0000-00-00'),
	(65, 2, '0HOUK19', 50.00, 'Unused', '2016-04-06', '2016-05-06', '0000-00-00'),
	(66, 2, 'BGPI018', 50.00, 'Unused', '2016-04-06', '2016-05-06', '0000-00-00'),
	(67, 2, 'GDPUMUI', 50.00, 'Unused', '2016-04-06', '2016-05-06', '0000-00-00'),
	(68, 2, 'SLQJ9FA', 50.00, 'Unused', '2016-04-06', '2016-05-06', '0000-00-00'),
	(69, 2, 'LI9BVRZ', 50.00, 'Unused', '2016-04-06', '2016-05-06', '0000-00-00'),
	(70, 2, 'KOM1KQC', 50.00, 'Unused', '2016-04-06', '2016-05-06', '0000-00-00'),
	(71, 2, 'ROSHD6P', 50.00, 'Unused', '2016-04-06', '2016-05-06', '0000-00-00'),
	(72, 2, 'JHM4G6K', 50.00, 'Unused', '2016-04-06', '2016-05-06', '0000-00-00'),
	(73, 2, 'YFV7VWH', 50.00, 'Unused', '2016-04-06', '2016-05-06', '0000-00-00'),
	(74, 2, '5SB7CHX', 50.00, 'Unused', '2016-04-06', '2016-05-06', '0000-00-00'),
	(75, 2, 'R1AXU3S', 50.00, 'Unused', '2016-04-06', '2016-05-06', '0000-00-00'),
	(76, 2, 'DG7TWH4', 50.00, 'Unused', '2016-04-06', '2016-05-06', '0000-00-00'),
	(77, 2, 'NUCU9RH', 50.00, 'Unused', '2016-04-06', '2016-05-06', '0000-00-00'),
	(78, 2, 'E52LMR8', 50.00, 'Unused', '2016-04-06', '2016-05-06', '0000-00-00'),
	(79, 2, 'GWLZUE0', 50.00, 'Unused', '2016-04-06', '2016-05-06', '0000-00-00'),
	(80, 2, 'Z07KXL7', 50.00, 'Unused', '2016-04-06', '2016-05-06', '0000-00-00');
/*!40000 ALTER TABLE `evoucher_series` ENABLE KEYS */;

-- Dumping structure for table oceanjet1_db.gender
CREATE TABLE IF NOT EXISTS `gender` (
  `id_gender` int(11) NOT NULL AUTO_INCREMENT,
  `gender_iso_code` varchar(3) NOT NULL,
  `gender_code` varchar(15) NOT NULL,
  `gender_status` tinyint(4) NOT NULL,
  PRIMARY KEY (`id_gender`)
) ENGINE=InnoDB AUTO_INCREMENT=3 DEFAULT CHARSET=latin1;

-- Dumping data for table oceanjet1_db.gender: ~2 rows (approximately)
/*!40000 ALTER TABLE `gender` DISABLE KEYS */;
INSERT INTO `gender` (`id_gender`, `gender_iso_code`, `gender_code`, `gender_status`) VALUES
	(1, 'M', 'Male', 1),
	(2, 'F', 'Female', 1);
/*!40000 ALTER TABLE `gender` ENABLE KEYS */;

-- Dumping structure for table oceanjet1_db.month
CREATE TABLE IF NOT EXISTS `month` (
  `id_month` int(11) NOT NULL,
  `month` varchar(128) NOT NULL,
  PRIMARY KEY (`id_month`)
) ENGINE=MyISAM DEFAULT CHARSET=latin1;

-- Dumping data for table oceanjet1_db.month: 12 rows
/*!40000 ALTER TABLE `month` DISABLE KEYS */;
INSERT INTO `month` (`id_month`, `month`) VALUES
	(1, 'January'),
	(2, 'February'),
	(3, 'March'),
	(4, 'April'),
	(5, 'May'),
	(6, 'June'),
	(7, 'July'),
	(8, 'August'),
	(9, 'September'),
	(10, 'October'),
	(11, 'November'),
	(12, 'December');
/*!40000 ALTER TABLE `month` ENABLE KEYS */;

-- Dumping structure for table oceanjet1_db.outlet
CREATE TABLE IF NOT EXISTS `outlet` (
  `id_outlet` int(11) unsigned NOT NULL AUTO_INCREMENT,
  `port_id` int(11) unsigned NOT NULL,
  `outlet_code` varchar(50) NOT NULL,
  `outlet_type` varchar(10) NOT NULL,
  `outlet` varchar(255) NOT NULL,
  `outlet_address` longtext NOT NULL,
  `outlet_commission` decimal(13,2) unsigned NOT NULL,
  `outlet_contact_no` varchar(45) NOT NULL,
  `enabled` tinyint(1) NOT NULL,
  `date_added` datetime NOT NULL,
  `date_update` datetime NOT NULL,
  PRIMARY KEY (`id_outlet`)
) ENGINE=InnoDB AUTO_INCREMENT=10 DEFAULT CHARSET=utf8;

-- Dumping data for table oceanjet1_db.outlet: ~5 rows (approximately)
/*!40000 ALTER TABLE `outlet` DISABLE KEYS */;
INSERT INTO `outlet` (`id_outlet`, `port_id`, `outlet_code`, `outlet_type`, `outlet`, `outlet_address`, `outlet_commission`, `outlet_contact_no`, `enabled`, `date_added`, `date_update`) VALUES
	(3, 0, 'O-SM-MEGA-01', 'External', 'SM Megamall', '#123 Manila Street11', 100.00, '32412341234', 1, '2016-03-01 18:47:26', '2016-03-30 10:56:58'),
	(4, 0, 'O-SM-MOA-03', 'External', 'SM Mall of Asia', '#123 Manila Street11', 50.00, '4552452345234', 1, '2016-03-01 18:48:09', '2016-03-30 10:58:12'),
	(7, 3, 'OJ-CEBU-001', 'Internal', 'Cebu Port', '#123 Cebu Port', 0.00, '45352353452', 1, '2016-03-02 15:51:00', '2016-03-30 10:57:53'),
	(8, 4, 'OJ-TAG-001', 'Internal', 'Tagbilaran Port', '#123 Tagbilaran Port', 0.00, '', 1, '2016-03-02 15:51:39', '2016-03-02 15:51:39'),
	(9, 0, 'O-SNR-01', 'External', 'S&R Shopping Mall', 'qwe', 100.00, '', 1, '2016-03-03 16:34:51', '2016-03-03 16:34:51');
/*!40000 ALTER TABLE `outlet` ENABLE KEYS */;

-- Dumping structure for table oceanjet1_db.padala_cargo
CREATE TABLE IF NOT EXISTS `padala_cargo` (
  `id_padala_cargo` int(11) NOT NULL AUTO_INCREMENT,
  `padala_cargo` varchar(36) NOT NULL,
  `description` text NOT NULL,
  `origin_id` int(11) NOT NULL,
  `destination_id` int(11) DEFAULT NULL,
  `amount` decimal(6,2) NOT NULL,
  `unit_of_measurement` varchar(8) NOT NULL,
  `enabled` tinyint(1) NOT NULL,
  PRIMARY KEY (`id_padala_cargo`)
) ENGINE=InnoDB AUTO_INCREMENT=4 DEFAULT CHARSET=latin1;

-- Dumping data for table oceanjet1_db.padala_cargo: ~1 rows (approximately)
/*!40000 ALTER TABLE `padala_cargo` DISABLE KEYS */;
INSERT INTO `padala_cargo` (`id_padala_cargo`, `padala_cargo`, `description`, `origin_id`, `destination_id`, `amount`, `unit_of_measurement`, `enabled`) VALUES
	(3, 'PAD001', 'Padala Cargo Rate', 3, 4, 55.90, 'kg', 1);
/*!40000 ALTER TABLE `padala_cargo` ENABLE KEYS */;

-- Dumping structure for table oceanjet1_db.padala_cargo_checkin
CREATE TABLE IF NOT EXISTS `padala_cargo_checkin` (
  `id_padala_cargo_checkin` int(11) NOT NULL AUTO_INCREMENT,
  `subvoyage_management_id` int(11) NOT NULL,
  `reference_no` varchar(24) NOT NULL,
  `sender_first_name` varchar(64) NOT NULL,
  `sender_last_name` varchar(32) NOT NULL,
  `sender_middle_initial` varchar(3) NOT NULL,
  `sender_contact_no` varchar(16) NOT NULL,
  `recipient_first_name` varchar(64) NOT NULL,
  `recipient_last_name` varchar(32) NOT NULL,
  `recipient_middle_initial` varchar(3) NOT NULL,
  `recipient_contact_no` varchar(16) NOT NULL,
  PRIMARY KEY (`id_padala_cargo_checkin`)
) ENGINE=InnoDB AUTO_INCREMENT=2 DEFAULT CHARSET=latin1;

-- Dumping data for table oceanjet1_db.padala_cargo_checkin: ~1 rows (approximately)
/*!40000 ALTER TABLE `padala_cargo_checkin` DISABLE KEYS */;
INSERT INTO `padala_cargo_checkin` (`id_padala_cargo_checkin`, `subvoyage_management_id`, `reference_no`, `sender_first_name`, `sender_last_name`, `sender_middle_initial`, `sender_contact_no`, `recipient_first_name`, `recipient_last_name`, `recipient_middle_initial`, `recipient_contact_no`) VALUES
	(1, 14, '56d9084be6862', 'Kenneth', 'Bahia', 'C', '092132322221', 'Keynit', 'Bahia', 'A', '092322221233');
/*!40000 ALTER TABLE `padala_cargo_checkin` ENABLE KEYS */;

-- Dumping structure for table oceanjet1_db.passenger
CREATE TABLE IF NOT EXISTS `passenger` (
  `id_passenger` int(11) NOT NULL AUTO_INCREMENT,
  `firstname` varchar(64) NOT NULL,
  `middlename` varchar(64) DEFAULT NULL,
  `lastname` varchar(64) NOT NULL,
  `birthdate` date NOT NULL,
  `age` varchar(64) DEFAULT NULL,
  `gender` varchar(32) NOT NULL,
  `contactno` varchar(32) DEFAULT NULL,
  `id_no` varchar(64) DEFAULT NULL,
  `nationality` varchar(64) DEFAULT NULL,
  `with_infant` tinyint(1) DEFAULT NULL,
  `infant_name` varchar(64) DEFAULT NULL,
  PRIMARY KEY (`id_passenger`)
) ENGINE=InnoDB AUTO_INCREMENT=6 DEFAULT CHARSET=latin1;

-- Dumping data for table oceanjet1_db.passenger: ~5 rows (approximately)
/*!40000 ALTER TABLE `passenger` DISABLE KEYS */;
INSERT INTO `passenger` (`id_passenger`, `firstname`, `middlename`, `lastname`, `birthdate`, `age`, `gender`, `contactno`, `id_no`, `nationality`, `with_infant`, `infant_name`) VALUES
	(1, 'philip', 'reamon', 'reamon', '2000-01-04', '16', '', '1234567', '111111', 'filipino', 0, ''),
	(2, 'marko', 'anson', 'anson', '1990-06-20', '25', 'Male', '111222', '33333', 'filipino', 0, ''),
	(3, 'jeven', 'soquita', 'soquita', '1989-11-01', '26', 'Male', '123132123', '12313123', 'filipino', 0, ''),
	(4, 'karloff', 'sotoza', 'sotoza', '1989-01-01', '27', 'Male', '12312312', '121212', 'filipino', 0, ''),
	(5, 'hoi', 'hoi', 'hoi', '1989-01-01', '27', 'Male', '3213', '3213213', 'filipino', 0, '');
/*!40000 ALTER TABLE `passenger` ENABLE KEYS */;

-- Dumping structure for table oceanjet1_db.passenger_baggage_checkin
CREATE TABLE IF NOT EXISTS `passenger_baggage_checkin` (
  `id_passenger_baggage_checkin` int(11) NOT NULL AUTO_INCREMENT,
  `reference_no` varchar(255) DEFAULT NULL COMMENT 'manual input',
  `subvoyage_management_id` int(11) DEFAULT NULL,
  `booking_id` int(11) DEFAULT NULL,
  `attended_baggage_id` int(11) DEFAULT NULL,
  `transaction_ref` varchar(255) DEFAULT NULL,
  `quantity` decimal(10,2) DEFAULT NULL COMMENT 'number of bags',
  `weight` decimal(10,2) DEFAULT NULL,
  `free_baggage` decimal(10,2) DEFAULT NULL,
  `paid_status` int(11) DEFAULT NULL COMMENT '0: not paid| 1: paid',
  `amount_tendered` decimal(10,2) DEFAULT NULL COMMENT 'amount presented',
  `total_amount` decimal(10,2) DEFAULT NULL,
  `date_added` datetime DEFAULT NULL,
  `date_update` datetime DEFAULT NULL,
  PRIMARY KEY (`id_passenger_baggage_checkin`)
) ENGINE=InnoDB DEFAULT CHARSET=latin1;

-- Dumping data for table oceanjet1_db.passenger_baggage_checkin: ~0 rows (approximately)
/*!40000 ALTER TABLE `passenger_baggage_checkin` DISABLE KEYS */;
/*!40000 ALTER TABLE `passenger_baggage_checkin` ENABLE KEYS */;

-- Dumping structure for table oceanjet1_db.passenger_checkin
CREATE TABLE IF NOT EXISTS `passenger_checkin` (
  `id_passenger_checkin` int(11) NOT NULL AUTO_INCREMENT,
  `booking_id` int(11) NOT NULL,
  `subvoyage_management_id` int(11) NOT NULL,
  `vessel_id` int(11) DEFAULT NULL,
  `vessel_seats` varchar(255) DEFAULT NULL,
  `accomodation_id` int(11) DEFAULT NULL,
  `transaction_ref` varchar(255) DEFAULT NULL,
  `reason` varchar(255) DEFAULT NULL,
  `date_added` datetime DEFAULT NULL,
  `date_updated` datetime DEFAULT NULL,
  PRIMARY KEY (`id_passenger_checkin`)
) ENGINE=InnoDB AUTO_INCREMENT=2 DEFAULT CHARSET=latin1;

-- Dumping data for table oceanjet1_db.passenger_checkin: ~1 rows (approximately)
/*!40000 ALTER TABLE `passenger_checkin` DISABLE KEYS */;
INSERT INTO `passenger_checkin` (`id_passenger_checkin`, `booking_id`, `subvoyage_management_id`, `vessel_id`, `vessel_seats`, `accomodation_id`, `transaction_ref`, `reason`, `date_added`, `date_updated`) VALUES
	(1, 0, 0, NULL, NULL, NULL, NULL, NULL, NULL, NULL);
/*!40000 ALTER TABLE `passenger_checkin` ENABLE KEYS */;

-- Dumping structure for table oceanjet1_db.passenger_fare
CREATE TABLE IF NOT EXISTS `passenger_fare` (
  `id_passenger_fare` int(11) unsigned NOT NULL AUTO_INCREMENT,
  `passenger_fare` varchar(50) NOT NULL,
  `voyage_id` int(11) unsigned NOT NULL,
  `accommodation_id` int(11) unsigned NOT NULL,
  `rule_set_id` int(11) unsigned NOT NULL,
  `seat_limit` int(8) unsigned NOT NULL,
  `regular_fare` tinyint(1) unsigned NOT NULL,
  `default_fare` tinyint(1) unsigned NOT NULL,
  `require_id` tinyint(1) unsigned NOT NULL,
  `return_fare` tinyint(1) unsigned NOT NULL,
  `points_earning` decimal(13,2) unsigned NOT NULL,
  `origin_id` int(11) unsigned NOT NULL,
  `destination_id` int(11) unsigned NOT NULL,
  `enabled` tinyint(1) unsigned NOT NULL,
  `date_added` datetime NOT NULL,
  `date_update` datetime NOT NULL,
  PRIMARY KEY (`id_passenger_fare`)
) ENGINE=InnoDB AUTO_INCREMENT=11 DEFAULT CHARSET=utf8;

-- Dumping data for table oceanjet1_db.passenger_fare: ~6 rows (approximately)
/*!40000 ALTER TABLE `passenger_fare` DISABLE KEYS */;
INSERT INTO `passenger_fare` (`id_passenger_fare`, `passenger_fare`, `voyage_id`, `accommodation_id`, `rule_set_id`, `seat_limit`, `regular_fare`, `default_fare`, `require_id`, `return_fare`, `points_earning`, `origin_id`, `destination_id`, `enabled`, `date_added`, `date_update`) VALUES
	(5, 'PF001', 2, 1, 2, 44, 1, 1, 1, 1, 22.00, 3, 7, 1, '2016-03-08 19:31:07', '2016-03-08 19:39:04'),
	(6, 'PF002', 4, 3, 2, 44, 1, 1, 1, 0, 22.00, 8, 3, 1, '2016-03-08 19:34:30', '2016-03-14 13:10:16'),
	(7, 'PF005', 5, 1, 2, 44, 1, 1, 0, 0, 0.00, 10, 3, 1, '2016-03-08 19:37:21', '2016-03-30 09:58:18'),
	(8, 'PF009', 5, 1, 2, 55, 1, 0, 1, 1, 55.00, 7, 4, 1, '2016-03-09 15:30:26', '2016-03-09 15:31:25'),
	(9, 'F001', 2, 1, 4, 200, 1, 0, 0, 0, 50.00, 3, 4, 1, '2016-03-17 14:18:49', '2016-03-17 14:18:49'),
	(10, 'RF001', 4, 1, 3, 200, 1, 0, 0, 1, 50.00, 4, 3, 1, '2016-03-17 14:24:12', '2016-03-17 14:24:12');
/*!40000 ALTER TABLE `passenger_fare` ENABLE KEYS */;

-- Dumping structure for table oceanjet1_db.passenger_fare_conditions
CREATE TABLE IF NOT EXISTS `passenger_fare_conditions` (
  `id_passenger_fare_conditions` int(11) unsigned NOT NULL AUTO_INCREMENT,
  `passenger_fare_id` int(11) unsigned NOT NULL,
  `conditions_id` tinyint(2) unsigned NOT NULL,
  `age_bracket_from` tinyint(2) unsigned NOT NULL,
  `age_bracket_to` tinyint(3) unsigned NOT NULL,
  `outlet_id` int(11) unsigned NOT NULL,
  `min_advance_booking` int(8) unsigned NOT NULL,
  `max_advance_booking` int(8) unsigned NOT NULL,
  `booking_period_from` datetime NOT NULL,
  `booking_period_to` datetime NOT NULL,
  `travel_period_from` datetime NOT NULL,
  `travel_period_to` datetime NOT NULL,
  `travel_days` varchar(10) NOT NULL,
  `max_leg_interval` int(11) unsigned NOT NULL,
  PRIMARY KEY (`id_passenger_fare_conditions`)
) ENGINE=InnoDB AUTO_INCREMENT=16 DEFAULT CHARSET=utf8;

-- Dumping data for table oceanjet1_db.passenger_fare_conditions: ~6 rows (approximately)
/*!40000 ALTER TABLE `passenger_fare_conditions` DISABLE KEYS */;
INSERT INTO `passenger_fare_conditions` (`id_passenger_fare_conditions`, `passenger_fare_id`, `conditions_id`, `age_bracket_from`, `age_bracket_to`, `outlet_id`, `min_advance_booking`, `max_advance_booking`, `booking_period_from`, `booking_period_to`, `travel_period_from`, `travel_period_to`, `travel_days`, `max_leg_interval`) VALUES
	(10, 5, 1, 55, 89, 0, 0, 0, '0000-00-00 00:00:00', '0000-00-00 00:00:00', '0000-00-00 00:00:00', '0000-00-00 00:00:00', '', 0),
	(11, 5, 2, 0, 0, 7, 0, 0, '0000-00-00 00:00:00', '0000-00-00 00:00:00', '0000-00-00 00:00:00', '0000-00-00 00:00:00', '', 0),
	(12, 8, 2, 0, 0, 4, 0, 0, '0000-00-00 00:00:00', '0000-00-00 00:00:00', '0000-00-00 00:00:00', '0000-00-00 00:00:00', '', 0),
	(13, 6, 2, 0, 0, 4, 0, 0, '0000-00-00 00:00:00', '0000-00-00 00:00:00', '0000-00-00 00:00:00', '0000-00-00 00:00:00', '', 0),
	(14, 9, 1, 1, 70, 0, 0, 0, '0000-00-00 00:00:00', '0000-00-00 00:00:00', '0000-00-00 00:00:00', '0000-00-00 00:00:00', '', 0),
	(15, 10, 1, 1, 70, 0, 0, 0, '0000-00-00 00:00:00', '0000-00-00 00:00:00', '0000-00-00 00:00:00', '0000-00-00 00:00:00', '', 0);
/*!40000 ALTER TABLE `passenger_fare_conditions` ENABLE KEYS */;

-- Dumping structure for table oceanjet1_db.payment_account
CREATE TABLE IF NOT EXISTS `payment_account` (
  `id_payment_account` int(11) unsigned NOT NULL AUTO_INCREMENT,
  `payment_account` varchar(50) NOT NULL,
  `bank` varchar(255) NOT NULL,
  `bank_account_name` varchar(255) NOT NULL,
  `bank_account_no` varchar(100) NOT NULL,
  `enabled` tinyint(1) NOT NULL,
  `date_added` datetime NOT NULL,
  `date_update` datetime NOT NULL,
  PRIMARY KEY (`id_payment_account`)
) ENGINE=InnoDB AUTO_INCREMENT=5 DEFAULT CHARSET=utf8;

-- Dumping data for table oceanjet1_db.payment_account: ~2 rows (approximately)
/*!40000 ALTER TABLE `payment_account` DISABLE KEYS */;
INSERT INTO `payment_account` (`id_payment_account`, `payment_account`, `bank`, `bank_account_name`, `bank_account_no`, `enabled`, `date_added`, `date_update`) VALUES
	(3, 'BDO-SAVINGS-007', 'Banco De Oro (BDO)', 'Banco De Oro Savings Ocean Jet', 'SAV00000002', 1, '2016-03-02 15:20:02', '2016-03-02 15:20:02'),
	(4, 'BPI-SAVINGS-001', 'Bank of the Philippine Islands (BPI)', 'BPI Oceanjet Savings Account', 'SAV00000007', 1, '2016-03-02 15:20:29', '2016-03-02 15:20:29');
/*!40000 ALTER TABLE `payment_account` ENABLE KEYS */;

-- Dumping structure for table oceanjet1_db.payment_method
CREATE TABLE IF NOT EXISTS `payment_method` (
  `id_payment_method` int(11) NOT NULL AUTO_INCREMENT,
  `payment_method` varchar(64) NOT NULL,
  `enabled` tinyint(1) NOT NULL,
  PRIMARY KEY (`id_payment_method`)
) ENGINE=InnoDB AUTO_INCREMENT=5 DEFAULT CHARSET=latin1;

-- Dumping data for table oceanjet1_db.payment_method: ~4 rows (approximately)
/*!40000 ALTER TABLE `payment_method` DISABLE KEYS */;
INSERT INTO `payment_method` (`id_payment_method`, `payment_method`, `enabled`) VALUES
	(1, 'Cash', 1),
	(2, 'Credit Card', 1),
	(3, 'Debit Card', 1),
	(4, 'Check', 1);
/*!40000 ALTER TABLE `payment_method` ENABLE KEYS */;

-- Dumping structure for table oceanjet1_db.port
CREATE TABLE IF NOT EXISTS `port` (
  `id_port` int(11) unsigned NOT NULL AUTO_INCREMENT,
  `port_code` varchar(50) NOT NULL,
  `port` varchar(255) NOT NULL,
  `terminal_fee` decimal(13,2) unsigned NOT NULL,
  `port_charge` decimal(13,2) unsigned NOT NULL,
  `enabled` tinyint(1) NOT NULL,
  `date_added` datetime NOT NULL,
  `date_update` datetime NOT NULL,
  PRIMARY KEY (`id_port`)
) ENGINE=InnoDB AUTO_INCREMENT=9 DEFAULT CHARSET=latin1;

-- Dumping data for table oceanjet1_db.port: ~4 rows (approximately)
/*!40000 ALTER TABLE `port` DISABLE KEYS */;
INSERT INTO `port` (`id_port`, `port_code`, `port`, `terminal_fee`, `port_charge`, `enabled`, `date_added`, `date_update`) VALUES
	(3, 'CEB', 'Cebu', 34.00, 56.00, 1, '2016-03-01 17:52:55', '2016-03-01 17:52:55'),
	(4, 'TAG', 'Tagbilaran', 45.00, 56.00, 1, '2016-03-01 17:53:22', '2016-03-01 17:53:22'),
	(5, 'DUM', 'Dumaguete', 456.00, 216.00, 1, '2016-03-01 17:55:32', '2016-03-01 17:55:32'),
	(7, 'SIQ', 'Siquijor', 344.00, 780.00, 1, '2016-03-01 17:58:44', '2016-03-01 17:58:44');
/*!40000 ALTER TABLE `port` ENABLE KEYS */;

-- Dumping structure for table oceanjet1_db.refund_tickets
CREATE TABLE IF NOT EXISTS `refund_tickets` (
  `id_refund_tickets` int(11) NOT NULL AUTO_INCREMENT,
  `booking_id` int(11) DEFAULT NULL,
  `user_id` int(11) DEFAULT NULL,
  `refund_ticket_status_id` int(11) DEFAULT NULL,
  `refund_amount` decimal(13,2) DEFAULT NULL,
  `date_refunded` datetime DEFAULT NULL,
  PRIMARY KEY (`id_refund_tickets`)
) ENGINE=InnoDB AUTO_INCREMENT=3 DEFAULT CHARSET=latin1;

-- Dumping data for table oceanjet1_db.refund_tickets: ~2 rows (approximately)
/*!40000 ALTER TABLE `refund_tickets` DISABLE KEYS */;
INSERT INTO `refund_tickets` (`id_refund_tickets`, `booking_id`, `user_id`, `refund_ticket_status_id`, `refund_amount`, `date_refunded`) VALUES
	(1, 1, NULL, 2, NULL, '2016-03-09 18:52:18'),
	(2, 1, NULL, 2, NULL, '2016-03-09 19:04:03');
/*!40000 ALTER TABLE `refund_tickets` ENABLE KEYS */;

-- Dumping structure for table oceanjet1_db.refund_ticket_status
CREATE TABLE IF NOT EXISTS `refund_ticket_status` (
  `id_refund_ticket_status` int(11) NOT NULL AUTO_INCREMENT,
  `refund_ticket_status` varchar(100) DEFAULT NULL,
  PRIMARY KEY (`id_refund_ticket_status`)
) ENGINE=InnoDB AUTO_INCREMENT=4 DEFAULT CHARSET=latin1;

-- Dumping data for table oceanjet1_db.refund_ticket_status: ~3 rows (approximately)
/*!40000 ALTER TABLE `refund_ticket_status` DISABLE KEYS */;
INSERT INTO `refund_ticket_status` (`id_refund_ticket_status`, `refund_ticket_status`) VALUES
	(1, 'Pending For Refund Approval'),
	(2, 'Refund Approved'),
	(3, 'Refund Disapproved');
/*!40000 ALTER TABLE `refund_ticket_status` ENABLE KEYS */;

-- Dumping structure for table oceanjet1_db.reservation
CREATE TABLE IF NOT EXISTS `reservation` (
  `id_reservation` int(11) NOT NULL AUTO_INCREMENT,
  `reservation` varchar(128) NOT NULL,
  `contact_firstname` varchar(128) NOT NULL,
  `contact_lastname` varchar(128) NOT NULL,
  `contact_number` varchar(64) NOT NULL,
  `pax` int(11) NOT NULL,
  `outlet_id` int(11) NOT NULL,
  `expiration_date` date NOT NULL,
  `reservation_code` varchar(64) NOT NULL,
  `passenger_fare_id` int(11) NOT NULL,
  `discount_id` int(11) unsigned NOT NULL,
  `payment` varchar(64) NOT NULL,
  `fare_price` decimal(13,2) NOT NULL,
  `return_fare_price` decimal(13,2) NOT NULL,
  `total_discount` decimal(13,2) NOT NULL,
  `terminal_fee` decimal(13,2) NOT NULL,
  `port_charge` decimal(13,2) NOT NULL,
  `total_amount` decimal(13,2) NOT NULL,
  `passenger_valid_id_number` varchar(64) DEFAULT NULL,
  `reservation_status_id` int(11) NOT NULL,
  PRIMARY KEY (`id_reservation`)
) ENGINE=InnoDB DEFAULT CHARSET=latin1;

-- Dumping data for table oceanjet1_db.reservation: ~0 rows (approximately)
/*!40000 ALTER TABLE `reservation` DISABLE KEYS */;
/*!40000 ALTER TABLE `reservation` ENABLE KEYS */;

-- Dumping structure for table oceanjet1_db.reservation_booking
CREATE TABLE IF NOT EXISTS `reservation_booking` (
  `id_reservation_booking` int(11) NOT NULL AUTO_INCREMENT,
  `user_id` int(11) NOT NULL,
  `ticket_series_info_id` int(11) NOT NULL,
  `passenger_id` int(11) NOT NULL,
  `passenger_fare_id` int(11) NOT NULL,
  `booking_source_id` int(11) NOT NULL,
  `booking_status_id` int(11) NOT NULL,
  `discount_id` int(11) unsigned NOT NULL,
  `subvoyage_management_id` int(11) NOT NULL,
  `transaction_ref` varchar(32) NOT NULL,
  `points` decimal(13,2) NOT NULL,
  `jetter_no` varchar(32) DEFAULT NULL,
  `payment` varchar(32) NOT NULL,
  `fare_price` decimal(13,2) NOT NULL,
  `return_fare_price` decimal(13,2) NOT NULL,
  `total_discount` decimal(13,2) NOT NULL,
  `terminal_fee` decimal(13,2) NOT NULL,
  `port_charge` decimal(13,2) NOT NULL,
  `total_amount` decimal(13,2) NOT NULL,
  `reference_id` int(11) unsigned NOT NULL,
  `is_return` int(11) unsigned NOT NULL,
  `passenger_valid_id_number` varchar(64) DEFAULT NULL,
  `date_added` datetime NOT NULL,
  `date_update` datetime NOT NULL,
  PRIMARY KEY (`id_reservation_booking`)
) ENGINE=InnoDB DEFAULT CHARSET=latin1;

-- Dumping data for table oceanjet1_db.reservation_booking: ~0 rows (approximately)
/*!40000 ALTER TABLE `reservation_booking` DISABLE KEYS */;
/*!40000 ALTER TABLE `reservation_booking` ENABLE KEYS */;

-- Dumping structure for table oceanjet1_db.reservation_passenger
CREATE TABLE IF NOT EXISTS `reservation_passenger` (
  `id_reservation_passenger` int(11) NOT NULL AUTO_INCREMENT,
  `firstname` varchar(64) NOT NULL,
  `middlename` varchar(64) DEFAULT NULL,
  `lastname` varchar(64) NOT NULL,
  `birthdate` date NOT NULL,
  `age` varchar(64) DEFAULT NULL,
  `gender` varchar(32) NOT NULL,
  `contactno` varchar(32) DEFAULT NULL,
  `id_no` varchar(64) DEFAULT NULL,
  `nationality` varchar(64) DEFAULT NULL,
  `with_infant` tinyint(1) DEFAULT NULL,
  `infant_name` varchar(64) DEFAULT NULL,
  PRIMARY KEY (`id_reservation_passenger`)
) ENGINE=InnoDB DEFAULT CHARSET=latin1 ROW_FORMAT=COMPACT;

-- Dumping data for table oceanjet1_db.reservation_passenger: ~0 rows (approximately)
/*!40000 ALTER TABLE `reservation_passenger` DISABLE KEYS */;
/*!40000 ALTER TABLE `reservation_passenger` ENABLE KEYS */;

-- Dumping structure for table oceanjet1_db.reservation_status
CREATE TABLE IF NOT EXISTS `reservation_status` (
  `id_reservation_status` int(11) NOT NULL AUTO_INCREMENT,
  `reservation_status` varchar(32) NOT NULL,
  `enabled` tinyint(1) NOT NULL,
  PRIMARY KEY (`id_reservation_status`)
) ENGINE=InnoDB AUTO_INCREMENT=6 DEFAULT CHARSET=latin1;

-- Dumping data for table oceanjet1_db.reservation_status: ~5 rows (approximately)
/*!40000 ALTER TABLE `reservation_status` DISABLE KEYS */;
INSERT INTO `reservation_status` (`id_reservation_status`, `reservation_status`, `enabled`) VALUES
	(1, 'New', 1),
	(2, 'Reserved', 1),
	(3, 'Issued Ticket', 1),
	(4, 'Cancelled', 1),
	(5, 'Expired', 1);
/*!40000 ALTER TABLE `reservation_status` ENABLE KEYS */;

-- Dumping structure for table oceanjet1_db.reset_password
CREATE TABLE IF NOT EXISTS `reset_password` (
  `id_reset_password` int(11) NOT NULL AUTO_INCREMENT,
  `user_id` int(11) NOT NULL,
  `value` text NOT NULL,
  `date_added` varchar(64) NOT NULL,
  `exp_date` varchar(64) NOT NULL,
  PRIMARY KEY (`id_reset_password`)
) ENGINE=InnoDB DEFAULT CHARSET=latin1;

-- Dumping data for table oceanjet1_db.reset_password: ~0 rows (approximately)
/*!40000 ALTER TABLE `reset_password` DISABLE KEYS */;
/*!40000 ALTER TABLE `reset_password` ENABLE KEYS */;

-- Dumping structure for table oceanjet1_db.rolling_cargo
CREATE TABLE IF NOT EXISTS `rolling_cargo` (
  `id_rolling_cargo` int(11) NOT NULL AUTO_INCREMENT,
  `rolling_cargo_code` varchar(32) NOT NULL,
  `rolling_cargo` varchar(128) NOT NULL,
  `voyage_id` int(11) NOT NULL,
  `amount` decimal(13,2) NOT NULL,
  `unit_measurement` varchar(16) NOT NULL,
  `rule_set_id` int(11) NOT NULL,
  `enabled` tinyint(1) NOT NULL,
  PRIMARY KEY (`id_rolling_cargo`)
) ENGINE=InnoDB AUTO_INCREMENT=2 DEFAULT CHARSET=latin1;

-- Dumping data for table oceanjet1_db.rolling_cargo: ~1 rows (approximately)
/*!40000 ALTER TABLE `rolling_cargo` DISABLE KEYS */;
INSERT INTO `rolling_cargo` (`id_rolling_cargo`, `rolling_cargo_code`, `rolling_cargo`, `voyage_id`, `amount`, `unit_measurement`, `rule_set_id`, `enabled`) VALUES
	(1, 'RORO-001', 'Private vehicles', 4, 1000.00, 'lbs', 2, 1);
/*!40000 ALTER TABLE `rolling_cargo` ENABLE KEYS */;

-- Dumping structure for table oceanjet1_db.rolling_cargo_checkin
CREATE TABLE IF NOT EXISTS `rolling_cargo_checkin` (
  `id_rolling_cargo_checkin` int(11) unsigned NOT NULL AUTO_INCREMENT,
  `subvoyage_management_id` int(11) unsigned NOT NULL,
  `booking_roro_id` int(11) unsigned NOT NULL,
  `enabled` tinyint(1) unsigned NOT NULL,
  `date_added` datetime NOT NULL,
  `date_update` datetime NOT NULL,
  PRIMARY KEY (`id_rolling_cargo_checkin`)
) ENGINE=InnoDB AUTO_INCREMENT=10 DEFAULT CHARSET=utf8;

-- Dumping data for table oceanjet1_db.rolling_cargo_checkin: ~9 rows (approximately)
/*!40000 ALTER TABLE `rolling_cargo_checkin` DISABLE KEYS */;
INSERT INTO `rolling_cargo_checkin` (`id_rolling_cargo_checkin`, `subvoyage_management_id`, `booking_roro_id`, `enabled`, `date_added`, `date_update`) VALUES
	(1, 0, 0, 1, '0000-00-00 00:00:00', '0000-00-00 00:00:00'),
	(2, 1, 1, 0, '0000-00-00 00:00:00', '0000-00-00 00:00:00'),
	(3, 1, 1, 1, '2016-03-14 00:00:00', '2016-03-14 00:00:00'),
	(4, 1, 1, 1, '2016-03-14 00:00:00', '2016-03-14 00:00:00'),
	(5, 1, 1, 1, '2016-03-14 00:00:00', '2016-03-14 00:00:00'),
	(6, 1, 1, 1, '2016-03-14 00:00:00', '2016-03-14 00:00:00'),
	(7, 1, 1, 1, '2016-03-14 15:35:58', '2016-03-14 15:35:58'),
	(8, 14, 1, 1, '2016-03-17 16:19:14', '2016-03-17 16:19:14'),
	(9, 14, 1, 1, '2016-03-17 16:19:42', '2016-03-17 16:19:42');
/*!40000 ALTER TABLE `rolling_cargo_checkin` ENABLE KEYS */;

-- Dumping structure for table oceanjet1_db.rule_set
CREATE TABLE IF NOT EXISTS `rule_set` (
  `id_rule_set` int(11) unsigned NOT NULL AUTO_INCREMENT,
  `rule_code` varchar(50) NOT NULL,
  `rule_set` varchar(255) NOT NULL,
  `enabled` tinyint(1) NOT NULL,
  `date_added` datetime NOT NULL,
  `date_update` datetime NOT NULL,
  PRIMARY KEY (`id_rule_set`)
) ENGINE=InnoDB AUTO_INCREMENT=5 DEFAULT CHARSET=utf8;

-- Dumping data for table oceanjet1_db.rule_set: ~3 rows (approximately)
/*!40000 ALTER TABLE `rule_set` DISABLE KEYS */;
INSERT INTO `rule_set` (`id_rule_set`, `rule_code`, `rule_set`, `enabled`, `date_added`, `date_update`) VALUES
	(2, 'RULE1', 'Re-Schedule Tickets', 1, '2016-03-02 11:55:35', '2016-03-02 11:55:35'),
	(3, 'RULE2', 'Upgrade Tickets', 1, '2016-03-02 11:55:57', '2016-03-02 11:55:57'),
	(4, 'RULE3', 'Refund Tickets', 1, '2016-03-02 11:56:56', '2016-03-02 11:56:56');
/*!40000 ALTER TABLE `rule_set` ENABLE KEYS */;

-- Dumping structure for table oceanjet1_db.rule_type
CREATE TABLE IF NOT EXISTS `rule_type` (
  `id_rule_type` int(11) unsigned NOT NULL AUTO_INCREMENT,
  `rule_set_id` int(11) NOT NULL,
  `rule_type_name_id` int(11) NOT NULL,
  `rule_amount_type` varchar(10) NOT NULL,
  `rule_type_amount` decimal(13,2) NOT NULL,
  PRIMARY KEY (`id_rule_type`)
) ENGINE=InnoDB AUTO_INCREMENT=25 DEFAULT CHARSET=utf8;

-- Dumping data for table oceanjet1_db.rule_type: ~14 rows (approximately)
/*!40000 ALTER TABLE `rule_type` DISABLE KEYS */;
INSERT INTO `rule_type` (`id_rule_type`, `rule_set_id`, `rule_type_name_id`, `rule_amount_type`, `rule_type_amount`) VALUES
	(11, 3, 48, 'percentage', 2.00),
	(12, 3, 49, 'percentage', 3.00),
	(13, 3, 50, 'percentage', 4.00),
	(14, 4, 43, 'percentage', 1.00),
	(15, 4, 44, 'percentage', 3.00),
	(16, 4, 45, 'percentage', 4.00),
	(17, 4, 46, 'percentage', 5.00),
	(18, 4, 47, 'amount', 3000.00),
	(19, 4, 51, 'weight', 55.00),
	(20, 2, 38, 'percentage', 2.00),
	(21, 2, 39, 'percentage', 3.00),
	(22, 2, 40, 'amount', 900.00),
	(23, 2, 41, 'percentage', 5.00),
	(24, 2, 42, 'amount', 5000.00);
/*!40000 ALTER TABLE `rule_type` ENABLE KEYS */;

-- Dumping structure for table oceanjet1_db.rule_type_name
CREATE TABLE IF NOT EXISTS `rule_type_name` (
  `id_rule_type_name` int(11) unsigned NOT NULL AUTO_INCREMENT,
  `rule_type` varchar(255) NOT NULL,
  `is_reschedule` tinyint(1) unsigned NOT NULL,
  `is_refund` tinyint(1) unsigned NOT NULL,
  `is_upgrade` tinyint(1) unsigned NOT NULL,
  `not_checkin` tinyint(1) unsigned NOT NULL,
  `already_checkin` tinyint(1) unsigned NOT NULL,
  `before_departure` tinyint(1) unsigned NOT NULL,
  `after_departure` tinyint(1) unsigned NOT NULL,
  `is_cancelled` tinyint(1) unsigned NOT NULL,
  `free_baggage` tinyint(1) unsigned NOT NULL,
  PRIMARY KEY (`id_rule_type_name`)
) ENGINE=InnoDB AUTO_INCREMENT=52 DEFAULT CHARSET=utf8;

-- Dumping data for table oceanjet1_db.rule_type_name: ~14 rows (approximately)
/*!40000 ALTER TABLE `rule_type_name` DISABLE KEYS */;
INSERT INTO `rule_type_name` (`id_rule_type_name`, `rule_type`, `is_reschedule`, `is_refund`, `is_upgrade`, `not_checkin`, `already_checkin`, `before_departure`, `after_departure`, `is_cancelled`, `free_baggage`) VALUES
	(38, 'Re-schedule Tickets Not Yet Checked In - Before Departure', 1, 0, 0, 1, 0, 1, 0, 0, 0),
	(39, 'Re-schedule Tickets Not Yet Checked In - After Departure', 1, 0, 0, 1, 0, 0, 1, 0, 0),
	(40, 'Re-schedule Tickets Already Checked In - Before Departure', 1, 0, 0, 0, 1, 1, 0, 0, 0),
	(41, 'Re-schedule Tickets Already Checked In - After Departure', 1, 0, 0, 0, 1, 0, 1, 0, 0),
	(42, 'Re-schedule Ticket for Cancelled Voyage', 1, 0, 0, 0, 0, 0, 0, 1, 0),
	(43, 'Refund Tickets Not Yet Checked In - Before Departure', 0, 1, 0, 1, 0, 1, 0, 0, 0),
	(44, 'Refund Tickets Not Yet Checked In - After Departure', 0, 1, 0, 1, 0, 0, 1, 0, 0),
	(45, 'Refund Tickets Already Checked In - Before Departure', 0, 1, 0, 0, 1, 1, 0, 0, 0),
	(46, 'Refund Tickets Already Checked In - After Departure', 0, 1, 0, 0, 1, 0, 1, 0, 0),
	(47, 'Refund Ticket for Cancelled Voyage', 0, 1, 0, 0, 0, 0, 0, 1, 0),
	(48, 'Upgrade Ticket from Open Air to Tourist Class', 0, 0, 1, 0, 0, 0, 0, 0, 0),
	(49, 'Upgrade Ticket from Tourist Class to Business Class', 0, 0, 1, 0, 0, 0, 0, 0, 0),
	(50, 'Upgrade Ticket from Open Air to Business Class', 0, 0, 1, 0, 0, 0, 0, 0, 0),
	(51, 'Free Baggage Allowance', 0, 0, 0, 0, 0, 0, 0, 0, 1);
/*!40000 ALTER TABLE `rule_type_name` ENABLE KEYS */;

-- Dumping structure for table oceanjet1_db.subvoyage
CREATE TABLE IF NOT EXISTS `subvoyage` (
  `id_subvoyage` int(11) NOT NULL AUTO_INCREMENT,
  `voyage_id` int(11) NOT NULL,
  `vessel_id` int(11) NOT NULL,
  `ETD` time NOT NULL,
  `ETA` time NOT NULL,
  `origin_id` int(11) NOT NULL,
  `destination_id` int(11) NOT NULL,
  `points_redemption` decimal(13,2) DEFAULT NULL,
  PRIMARY KEY (`id_subvoyage`)
) ENGINE=InnoDB AUTO_INCREMENT=20 DEFAULT CHARSET=latin1;

-- Dumping data for table oceanjet1_db.subvoyage: ~15 rows (approximately)
/*!40000 ALTER TABLE `subvoyage` DISABLE KEYS */;
INSERT INTO `subvoyage` (`id_subvoyage`, `voyage_id`, `vessel_id`, `ETD`, `ETA`, `origin_id`, `destination_id`, `points_redemption`) VALUES
	(3, 2, 2, '08:00:00', '10:00:00', 3, 4, 10.00),
	(4, 2, 2, '11:00:00', '12:02:00', 4, 5, 15.00),
	(5, 2, 2, '13:00:00', '15:00:00', 5, 7, 10.00),
	(6, 3, 2, '13:00:00', '14:00:00', 4, 5, 10.00),
	(7, 3, 2, '15:00:00', '17:00:00', 5, 7, 50.00),
	(8, 4, 2, '07:00:00', '09:00:00', 5, 4, 10.00),
	(9, 4, 2, '10:00:00', '12:00:00', 4, 3, 20.00),
	(10, 5, 1, '17:00:00', '18:00:00', 7, 5, 50.00),
	(11, 5, 2, '19:00:00', '20:00:00', 5, 4, 10.00),
	(12, 5, 1, '20:03:00', '22:00:00', 4, 3, 10.00),
	(13, 6, 1, '12:00:00', '14:00:00', 3, 4, 10.00),
	(15, 8, 1, '12:00:00', '13:02:00', 5, 4, 20.00),
	(17, 10, 1, '12:00:00', '13:00:00', 4, 3, 50.00),
	(18, 11, 1, '00:00:00', '01:00:00', 3, 4, 10.00),
	(19, 11, 1, '01:00:00', '02:30:00', 4, 5, 60.00);
/*!40000 ALTER TABLE `subvoyage` ENABLE KEYS */;

-- Dumping structure for table oceanjet1_db.subvoyage_fare
CREATE TABLE IF NOT EXISTS `subvoyage_fare` (
  `id_subvoyage_fare` int(11) unsigned NOT NULL AUTO_INCREMENT,
  `passenger_fare_id` int(11) unsigned NOT NULL,
  `subvoyage_id` int(11) unsigned NOT NULL,
  `amount` decimal(13,2) unsigned NOT NULL,
  PRIMARY KEY (`id_subvoyage_fare`)
) ENGINE=InnoDB AUTO_INCREMENT=46 DEFAULT CHARSET=utf8;

-- Dumping data for table oceanjet1_db.subvoyage_fare: ~12 rows (approximately)
/*!40000 ALTER TABLE `subvoyage_fare` DISABLE KEYS */;
INSERT INTO `subvoyage_fare` (`id_subvoyage_fare`, `passenger_fare_id`, `subvoyage_id`, `amount`) VALUES
	(29, 5, 3, 1000.00),
	(30, 5, 4, 2000.00),
	(31, 5, 5, 3000.00),
	(34, 8, 10, 1000.00),
	(35, 8, 11, 1500.00),
	(39, 6, 8, 2000.00),
	(40, 6, 9, 2500.00),
	(41, 9, 3, 3000.00),
	(42, 10, 9, 4000.00),
	(43, 7, 10, 1500.00),
	(44, 7, 11, 1800.00),
	(45, 7, 12, 2500.00);
/*!40000 ALTER TABLE `subvoyage_fare` ENABLE KEYS */;

-- Dumping structure for table oceanjet1_db.subvoyage_management
CREATE TABLE IF NOT EXISTS `subvoyage_management` (
  `id_subvoyage_management` int(11) NOT NULL AUTO_INCREMENT,
  `voyage_management_id` int(11) NOT NULL,
  `subvoyage_id` int(11) NOT NULL,
  `departure_date` date NOT NULL,
  `vessel_id` int(11) NOT NULL,
  `old_vessel_id` int(11) DEFAULT NULL,
  `is_swap` int(11) DEFAULT NULL,
  `subvoyage_management_status_id` int(11) NOT NULL,
  `date_added` datetime NOT NULL,
  `date_update` datetime NOT NULL,
  `departure_delay_time` int(11) NOT NULL DEFAULT '0',
  `remarks` varchar(120) NOT NULL,
  PRIMARY KEY (`id_subvoyage_management`)
) ENGINE=InnoDB AUTO_INCREMENT=32 DEFAULT CHARSET=latin1;

-- Dumping data for table oceanjet1_db.subvoyage_management: ~31 rows (approximately)
/*!40000 ALTER TABLE `subvoyage_management` DISABLE KEYS */;
INSERT INTO `subvoyage_management` (`id_subvoyage_management`, `voyage_management_id`, `subvoyage_id`, `departure_date`, `vessel_id`, `old_vessel_id`, `is_swap`, `subvoyage_management_status_id`, `date_added`, `date_update`, `departure_delay_time`, `remarks`) VALUES
	(1, 7, 3, '2016-04-16', 1, NULL, NULL, 3, '0000-00-00 00:00:00', '0000-00-00 00:00:00', 0, ''),
	(2, 7, 4, '2016-04-16', 1, NULL, NULL, 1, '0000-00-00 00:00:00', '0000-00-00 00:00:00', 0, ''),
	(3, 7, 5, '2016-04-16', 1, NULL, NULL, 1, '0000-00-00 00:00:00', '0000-00-00 00:00:00', 0, ''),
	(4, 8, 6, '2016-04-18', 2, NULL, NULL, 1, '0000-00-00 00:00:00', '0000-00-00 00:00:00', 0, ''),
	(5, 8, 7, '2016-04-18', 2, NULL, NULL, 1, '0000-00-00 00:00:00', '0000-00-00 00:00:00', 0, ''),
	(6, 9, 8, '2016-04-23', 2, NULL, NULL, 9, '0000-00-00 00:00:00', '0000-00-00 00:00:00', 0, ''),
	(7, 9, 9, '2016-04-23', 2, NULL, NULL, 6, '0000-00-00 00:00:00', '0000-00-00 00:00:00', 0, ''),
	(8, 10, 8, '2016-04-23', 2, NULL, NULL, 1, '0000-00-00 00:00:00', '0000-00-00 00:00:00', 0, ''),
	(9, 10, 9, '2016-04-23', 2, NULL, NULL, 1, '0000-00-00 00:00:00', '0000-00-00 00:00:00', 0, ''),
	(10, 11, 8, '2016-04-18', 2, NULL, NULL, 6, '0000-00-00 00:00:00', '0000-00-00 00:00:00', 0, ''),
	(11, 11, 9, '2016-04-18', 2, NULL, NULL, 6, '0000-00-00 00:00:00', '0000-00-00 00:00:00', 0, ''),
	(12, 12, 8, '2016-04-16', 5, NULL, NULL, 2, '0000-00-00 00:00:00', '0000-00-00 00:00:00', 0, ''),
	(13, 12, 9, '2016-04-16', 5, NULL, NULL, 7, '0000-00-00 00:00:00', '0000-00-00 00:00:00', 0, ''),
	(14, 13, 13, '2016-04-02', 1, NULL, NULL, 4, '0000-00-00 00:00:00', '0000-00-00 00:00:00', 44, 'There is no captain!!'),
	(15, 14, 3, '2016-04-23', 2, 0, 0, 9, '0000-00-00 00:00:00', '0000-00-00 00:00:00', 0, ''),
	(16, 14, 4, '2016-04-23', 2, 0, 0, 1, '0000-00-00 00:00:00', '0000-00-00 00:00:00', 0, ''),
	(17, 14, 5, '2016-04-23', 2, 0, 0, 1, '0000-00-00 00:00:00', '0000-00-00 00:00:00', 0, ''),
	(18, 15, 17, '2016-03-18', 1, NULL, NULL, 1, '0000-00-00 00:00:00', '0000-00-00 00:00:00', 0, ''),
	(19, 16, 17, '2016-03-26', 1, NULL, NULL, 1, '0000-00-00 00:00:00', '0000-00-00 00:00:00', 0, ''),
	(20, 17, 17, '2016-04-02', 1, NULL, NULL, 1, '0000-00-00 00:00:00', '0000-00-00 00:00:00', 0, ''),
	(21, 18, 3, '2016-04-23', 2, NULL, NULL, 1, '0000-00-00 00:00:00', '0000-00-00 00:00:00', 0, ''),
	(22, 18, 4, '2016-04-23', 2, NULL, NULL, 1, '0000-00-00 00:00:00', '0000-00-00 00:00:00', 0, ''),
	(23, 18, 5, '2016-04-23', 2, NULL, NULL, 1, '0000-00-00 00:00:00', '0000-00-00 00:00:00', 0, ''),
	(24, 19, 3, '2016-04-16', 2, NULL, NULL, 1, '0000-00-00 00:00:00', '0000-00-00 00:00:00', 0, ''),
	(25, 19, 4, '2016-04-16', 2, NULL, NULL, 1, '0000-00-00 00:00:00', '0000-00-00 00:00:00', 0, ''),
	(26, 19, 5, '2016-04-16', 2, NULL, NULL, 1, '0000-00-00 00:00:00', '0000-00-00 00:00:00', 0, ''),
	(27, 20, 10, '2016-04-02', 1, NULL, NULL, 1, '0000-00-00 00:00:00', '0000-00-00 00:00:00', 0, ''),
	(28, 20, 11, '2016-04-02', 2, NULL, NULL, 1, '0000-00-00 00:00:00', '0000-00-00 00:00:00', 0, ''),
	(29, 20, 12, '2016-04-02', 1, NULL, NULL, 1, '0000-00-00 00:00:00', '0000-00-00 00:00:00', 0, ''),
	(30, 21, 8, '2016-04-01', 2, NULL, NULL, 1, '0000-00-00 00:00:00', '0000-00-00 00:00:00', 0, ''),
	(31, 21, 9, '2016-04-01', 2, NULL, NULL, 1, '0000-00-00 00:00:00', '0000-00-00 00:00:00', 0, '');
/*!40000 ALTER TABLE `subvoyage_management` ENABLE KEYS */;

-- Dumping structure for table oceanjet1_db.subvoyage_management_status
CREATE TABLE IF NOT EXISTS `subvoyage_management_status` (
  `id_subvoyage_management_status` int(11) NOT NULL AUTO_INCREMENT,
  `description` varchar(36) NOT NULL,
  PRIMARY KEY (`id_subvoyage_management_status`)
) ENGINE=InnoDB AUTO_INCREMENT=11 DEFAULT CHARSET=latin1;

-- Dumping data for table oceanjet1_db.subvoyage_management_status: ~10 rows (approximately)
/*!40000 ALTER TABLE `subvoyage_management_status` DISABLE KEYS */;
INSERT INTO `subvoyage_management_status` (`id_subvoyage_management_status`, `description`) VALUES
	(1, 'On Dock'),
	(2, 'Departed on time'),
	(3, 'Departed but delayed'),
	(4, 'Undeparted'),
	(5, 'Blocked'),
	(6, 'Cancelled'),
	(7, 'Unblocked'),
	(8, 'Arrived at port of destination'),
	(9, 'Open for Check-in'),
	(10, 'Open for Chance Passenger');
/*!40000 ALTER TABLE `subvoyage_management_status` ENABLE KEYS */;

-- Dumping structure for table oceanjet1_db.ticket_series
CREATE TABLE IF NOT EXISTS `ticket_series` (
  `id_ticket_series` int(11) NOT NULL AUTO_INCREMENT,
  `ticket_starts_from` varchar(255) DEFAULT NULL,
  `ticket_ends_to` varchar(255) DEFAULT NULL,
  `enabled` int(11) DEFAULT NULL,
  `no_tickets` int(11) DEFAULT NULL,
  `date_added` datetime DEFAULT NULL,
  `date_updated` datetime DEFAULT NULL,
  PRIMARY KEY (`id_ticket_series`)
) ENGINE=InnoDB AUTO_INCREMENT=5 DEFAULT CHARSET=latin1;

-- Dumping data for table oceanjet1_db.ticket_series: ~4 rows (approximately)
/*!40000 ALTER TABLE `ticket_series` DISABLE KEYS */;
INSERT INTO `ticket_series` (`id_ticket_series`, `ticket_starts_from`, `ticket_ends_to`, `enabled`, `no_tickets`, `date_added`, `date_updated`) VALUES
	(1, '100000000001', '100000000100', 1, 100, '2016-04-14 14:48:26', NULL);
/*!40000 ALTER TABLE `ticket_series` ENABLE KEYS */;

-- Dumping structure for table oceanjet1_db.ticket_series_info
CREATE TABLE IF NOT EXISTS `ticket_series_info` (
  `id_ticket_series_info` int(11) NOT NULL AUTO_INCREMENT,
  `ticket_series_id` int(11) DEFAULT NULL,
  `ticket_no` varchar(255) DEFAULT NULL,
  `issued` int(11) DEFAULT '0' COMMENT '1: issued, 0: not issued',
  `user_id` int(11) DEFAULT '0',
  `enabled` int(1) DEFAULT '1',
  `date_added` datetime DEFAULT NULL,
  `date_updated` datetime DEFAULT NULL,
  PRIMARY KEY (`id_ticket_series_info`)
) ENGINE=InnoDB AUTO_INCREMENT=6972 DEFAULT CHARSET=latin1;

-- Dumping data for table oceanjet1_db.ticket_series_info: ~6,957 rows (approximately)
/*!40000 ALTER TABLE `ticket_series_info` DISABLE KEYS */;
INSERT INTO `ticket_series_info` (`id_ticket_series_info`, `ticket_series_id`, `ticket_no`, `issued`, `user_id`, `enabled`, `date_added`, `date_updated`) VALUES
	(1, 1, '100000000001', 0, 4, 1, '2016-04-14 14:48:27', NULL),
	(2, 1, '100000000002', 0, 4, 1, '2016-04-14 14:48:27', NULL),
	(3, 1, '100000000003', 0, 4, 1, '2016-04-14 14:48:27', NULL),
	(4, 1, '100000000004', 0, 4, 1, '2016-04-14 14:48:27', NULL),
	(5, 1, '100000000005', 0, 4, 1, '2016-04-14 14:48:27', NULL),
	(6, 1, '100000000006', 0, 4, 1, '2016-04-14 14:48:27', NULL),
	(7, 1, '100000000007', 0, 4, 1, '2016-04-14 14:48:27', NULL),
	(8, 1, '100000000008', 0, 4, 1, '2016-04-14 14:48:27', NULL),
	(9, 1, '100000000009', 0, 4, 1, '2016-04-14 14:48:27', NULL),
	(10, 1, '100000000010', 0, 4, 1, '2016-04-14 14:48:27', NULL),
	(11, 1, '100000000011', 0, 4, 1, '2016-04-14 14:48:27', NULL),
	(12, 1, '100000000012', 0, 4, 1, '2016-04-14 14:48:27', NULL),
	(13, 1, '100000000013', 0, 4, 1, '2016-04-14 14:48:27', NULL),
	(14, 1, '100000000014', 0, 4, 1, '2016-04-14 14:48:27', NULL),
	(15, 1, '100000000015', 0, 4, 1, '2016-04-14 14:48:27', NULL),
	(16, 1, '100000000016', 0, 4, 1, '2016-04-14 14:48:27', NULL),
	(17, 1, '100000000017', 0, 4, 1, '2016-04-14 14:48:27', NULL),
	(18, 1, '100000000018', 0, 4, 1, '2016-04-14 14:48:27', NULL),
	(19, 1, '100000000019', 0, 4, 1, '2016-04-14 14:48:27', NULL),
	(20, 1, '100000000020', 0, 4, 1, '2016-04-14 14:48:27', NULL),
	(21, 1, '100000000021', 0, 3, 1, '2016-04-14 14:48:27', NULL),
	(22, 1, '100000000022', 0, 3, 1, '2016-04-14 14:48:27', NULL),
	(23, 1, '100000000023', 0, 3, 1, '2016-04-14 14:48:27', NULL),
	(24, 1, '100000000024', 0, 3, 1, '2016-04-14 14:48:27', NULL),
	(25, 1, '100000000025', 0, 3, 1, '2016-04-14 14:48:27', NULL),
	(26, 1, '100000000026', 0, 3, 1, '2016-04-14 14:48:28', NULL),
	(27, 1, '100000000027', 0, 3, 1, '2016-04-14 14:48:28', NULL),
	(28, 1, '100000000028', 0, 3, 1, '2016-04-14 14:48:28', NULL),
	(29, 1, '100000000029', 0, 3, 1, '2016-04-14 14:48:28', NULL),
	(30, 1, '100000000030', 0, 3, 1, '2016-04-14 14:48:28', NULL),
	(31, 1, '100000000031', 0, 4, 1, '2016-04-14 14:48:28', NULL),
	(32, 1, '100000000032', 0, 4, 1, '2016-04-14 14:48:28', NULL),
	(33, 1, '100000000033', 0, 4, 1, '2016-04-14 14:48:28', NULL),
	(34, 1, '100000000034', 0, 4, 1, '2016-04-14 14:48:28', NULL),
	(35, 1, '100000000035', 0, 4, 1, '2016-04-14 14:48:28', NULL),
	(36, 1, '100000000036', 0, 0, 1, '2016-04-14 14:48:28', NULL),
	(37, 1, '100000000037', 0, 0, 1, '2016-04-14 14:48:28', NULL),
	(38, 1, '100000000038', 0, 0, 1, '2016-04-14 14:48:28', NULL),
	(39, 1, '100000000039', 0, 0, 1, '2016-04-14 14:48:28', NULL),
	(40, 1, '100000000040', 0, 0, 1, '2016-04-14 14:48:28', NULL),
	(41, 1, '100000000041', 0, 0, 1, '2016-04-14 14:48:28', NULL),
	(42, 1, '100000000042', 0, 0, 1, '2016-04-14 14:48:28', NULL),
	(43, 1, '100000000043', 0, 0, 1, '2016-04-14 14:48:28', NULL),
	(44, 1, '100000000044', 0, 0, 1, '2016-04-14 14:48:28', NULL),
	(45, 1, '100000000045', 0, 0, 1, '2016-04-14 14:48:28', NULL),
	(46, 1, '100000000046', 0, 0, 1, '2016-04-14 14:48:28', NULL),
	(47, 1, '100000000047', 0, 0, 1, '2016-04-14 14:48:28', NULL),
	(48, 1, '100000000048', 0, 0, 1, '2016-04-14 14:48:28', NULL),
	(49, 1, '100000000049', 0, 0, 1, '2016-04-14 14:48:28', NULL),
	(50, 1, '100000000050', 0, 0, 1, '2016-04-14 14:48:28', NULL),
	(51, 1, '100000000051', 0, 0, 1, '2016-04-14 14:48:28', NULL),
	(52, 1, '100000000052', 0, 0, 1, '2016-04-14 14:48:28', NULL),
	(53, 1, '100000000053', 0, 0, 1, '2016-04-14 14:48:28', NULL),
	(54, 1, '100000000054', 0, 0, 1, '2016-04-14 14:48:29', NULL),
	(55, 1, '100000000055', 0, 0, 1, '2016-04-14 14:48:29', NULL),
	(56, 1, '100000000056', 0, 0, 1, '2016-04-14 14:48:29', NULL),
	(57, 1, '100000000057', 0, 0, 1, '2016-04-14 14:48:29', NULL),
	(58, 1, '100000000058', 0, 0, 1, '2016-04-14 14:48:29', NULL),
	(59, 1, '100000000059', 0, 0, 1, '2016-04-14 14:48:29', NULL),
	(60, 1, '100000000060', 0, 0, 1, '2016-04-14 14:48:29', NULL),
	(61, 1, '100000000061', 0, 0, 1, '2016-04-14 14:48:29', NULL),
	(62, 1, '100000000062', 0, 0, 1, '2016-04-14 14:48:29', NULL),
	(63, 1, '100000000063', 0, 0, 1, '2016-04-14 14:48:29', NULL),
	(64, 1, '100000000064', 0, 0, 1, '2016-04-14 14:48:29', NULL),
	(65, 1, '100000000065', 0, 0, 1, '2016-04-14 14:48:29', NULL),
	(66, 1, '100000000066', 0, 0, 1, '2016-04-14 14:48:29', NULL),
	(67, 1, '100000000067', 0, 0, 1, '2016-04-14 14:48:29', NULL),
	(68, 1, '100000000068', 0, 0, 1, '2016-04-14 14:48:29', NULL),
	(69, 1, '100000000069', 0, 0, 1, '2016-04-14 14:48:29', NULL),
	(70, 1, '100000000070', 0, 0, 1, '2016-04-14 14:48:29', NULL),
	(71, 1, '100000000071', 0, 0, 1, '2016-04-14 14:48:29', NULL),
	(72, 1, '100000000072', 0, 0, 1, '2016-04-14 14:48:29', NULL),
	(73, 1, '100000000073', 0, 0, 1, '2016-04-14 14:48:29', NULL),
	(74, 1, '100000000074', 0, 0, 1, '2016-04-14 14:48:29', NULL),
	(75, 1, '100000000075', 0, 0, 1, '2016-04-14 14:48:29', NULL),
	(76, 1, '100000000076', 0, 0, 1, '2016-04-14 14:48:29', NULL),
	(77, 1, '100000000077', 0, 0, 1, '2016-04-14 14:48:29', NULL),
	(78, 1, '100000000078', 0, 0, 1, '2016-04-14 14:48:29', NULL),
	(79, 1, '100000000079', 0, 0, 1, '2016-04-14 14:48:29', NULL),
	(80, 1, '100000000080', 0, 0, 1, '2016-04-14 14:48:29', NULL),
	(81, 1, '100000000081', 0, 0, 1, '2016-04-14 14:48:30', NULL),
	(82, 1, '100000000082', 0, 0, 1, '2016-04-14 14:48:30', NULL),
	(83, 1, '100000000083', 0, 0, 1, '2016-04-14 14:48:30', NULL),
	(84, 1, '100000000084', 0, 0, 1, '2016-04-14 14:48:30', NULL),
	(85, 1, '100000000085', 0, 0, 1, '2016-04-14 14:48:30', NULL),
	(86, 1, '100000000086', 0, 0, 1, '2016-04-14 14:48:30', NULL),
	(87, 1, '100000000087', 0, 0, 1, '2016-04-14 14:48:30', NULL),
	(88, 1, '100000000088', 0, 0, 1, '2016-04-14 14:48:30', NULL),
	(89, 1, '100000000089', 0, 0, 1, '2016-04-14 14:48:30', NULL),
	(90, 1, '100000000090', 0, 0, 1, '2016-04-14 14:48:30', NULL),
	(91, 1, '100000000091', 0, 0, 1, '2016-04-14 14:48:30', NULL),
	(92, 1, '100000000092', 0, 0, 1, '2016-04-14 14:48:30', NULL),
	(93, 1, '100000000093', 0, 0, 1, '2016-04-14 14:48:30', NULL),
	(94, 1, '100000000094', 0, 0, 1, '2016-04-14 14:48:30', NULL),
	(95, 1, '100000000095', 0, 0, 1, '2016-04-14 14:48:30', NULL),
	(96, 1, '100000000096', 0, 0, 1, '2016-04-14 14:48:30', NULL),
	(97, 1, '100000000097', 0, 0, 1, '2016-04-14 14:48:30', NULL),
	(98, 1, '100000000098', 0, 0, 1, '2016-04-14 14:48:30', NULL),
	(99, 1, '100000000099', 0, 0, 1, '2016-04-14 14:48:30', NULL),
	(100, 1, '100000000100', 0, 0, 1, '2016-04-14 14:48:30', NULL);
/*!40000 ALTER TABLE `ticket_series_info` ENABLE KEYS */;

-- Dumping structure for table oceanjet1_db.ticket_status
CREATE TABLE IF NOT EXISTS `ticket_status` (
  `id_ticket_status` int(11) NOT NULL AUTO_INCREMENT,
  `ticket_status` varchar(100) DEFAULT NULL,
  PRIMARY KEY (`id_ticket_status`)
) ENGINE=InnoDB DEFAULT CHARSET=latin1;

-- Dumping data for table oceanjet1_db.ticket_status: ~0 rows (approximately)
/*!40000 ALTER TABLE `ticket_status` DISABLE KEYS */;
/*!40000 ALTER TABLE `ticket_status` ENABLE KEYS */;

-- Dumping structure for table oceanjet1_db.transaction
CREATE TABLE IF NOT EXISTS `transaction` (
  `id_transaction` int(11) NOT NULL AUTO_INCREMENT,
  `total_amount` decimal(9,2) NOT NULL,
  `amount_tendered` decimal(9,2) NOT NULL,
  `checkin_type_id` int(1) NOT NULL,
  `checkin_id` int(11) NOT NULL,
  `transaction_ref` varchar(255) DEFAULT NULL,
  PRIMARY KEY (`id_transaction`)
) ENGINE=InnoDB AUTO_INCREMENT=11 DEFAULT CHARSET=latin1;

-- Dumping data for table oceanjet1_db.transaction: ~10 rows (approximately)
/*!40000 ALTER TABLE `transaction` DISABLE KEYS */;
INSERT INTO `transaction` (`id_transaction`, `total_amount`, `amount_tendered`, `checkin_type_id`, `checkin_id`, `transaction_ref`) VALUES
	(1, 55.90, 12.00, 3, 1, NULL),
	(2, 55.90, 12.00, 3, 1, NULL),
	(3, 55.90, 10.00, 3, 1, NULL),
	(4, 55.90, 1.00, 3, 1, NULL),
	(5, 55.90, 12.00, 3, 1, NULL),
	(6, 55.90, 1.00, 3, 1, NULL),
	(7, 55.90, 120.00, 3, 1, NULL),
	(8, 55.90, 150.00, 3, 1, NULL),
	(9, 55.90, 120.00, 3, 1, '56d9084be6862'),
	(10, 100.00, 500.00, 4, 1, '5FF44JKELGSS');
/*!40000 ALTER TABLE `transaction` ENABLE KEYS */;

-- Dumping structure for table oceanjet1_db.trip_type
CREATE TABLE IF NOT EXISTS `trip_type` (
  `id_trip_type` int(11) NOT NULL AUTO_INCREMENT,
  `type` varchar(24) NOT NULL,
  PRIMARY KEY (`id_trip_type`)
) ENGINE=InnoDB AUTO_INCREMENT=4 DEFAULT CHARSET=latin1;

-- Dumping data for table oceanjet1_db.trip_type: ~3 rows (approximately)
/*!40000 ALTER TABLE `trip_type` DISABLE KEYS */;
INSERT INTO `trip_type` (`id_trip_type`, `type`) VALUES
	(1, 'One way'),
	(2, 'Round Trip'),
	(3, 'Multi-leg');
/*!40000 ALTER TABLE `trip_type` ENABLE KEYS */;

-- Dumping structure for table oceanjet1_db.user
CREATE TABLE IF NOT EXISTS `user` (
  `id_user` int(11) NOT NULL AUTO_INCREMENT,
  `user_profile_id` int(11) NOT NULL,
  `username` varchar(128) NOT NULL,
  `password` varchar(128) NOT NULL,
  `secure_token` varchar(128) NOT NULL,
  `salt` varchar(32) NOT NULL,
  `last_login` datetime DEFAULT NULL,
  `last_failed_login` datetime DEFAULT NULL,
  `num_failed_login` int(11) NOT NULL DEFAULT '0',
  `enabled` tinyint(1) NOT NULL,
  `is_deleted` tinyint(1) NOT NULL,
  `is_locked` tinyint(1) NOT NULL,
  `is_new` tinyint(1) NOT NULL,
  `password_generated` date NOT NULL,
  PRIMARY KEY (`id_user`)
) ENGINE=InnoDB AUTO_INCREMENT=8 DEFAULT CHARSET=latin1;

-- Dumping data for table oceanjet1_db.user: ~7 rows (approximately)
/*!40000 ALTER TABLE `user` DISABLE KEYS */;
INSERT INTO `user` (`id_user`, `user_profile_id`, `username`, `password`, `secure_token`, `salt`, `last_login`, `last_failed_login`, `num_failed_login`, `enabled`, `is_deleted`, `is_locked`, `is_new`, `password_generated`) VALUES
	(1, 1, 'admin', 'ca721afd4c0cf243cd3b75446086b7fe9039c38918a042e307eb7ac5e832b43a', '70fe332c94e8c15085da9b34f6b439', '7MRXT4CY', '2016-04-15 09:18:10', '2016-04-15 09:18:10', 0, 1, 0, 0, 0, '2016-02-11'),
	(2, 11, 'debtor', 'c289ff915ff45c41b57b3241bb0cf03134efebf09512307a45ad01ae5380f079', '1f92ebb21a6ed6eee370fd1410e001', 'RSCFKP0E', '2016-03-30 10:19:41', '2016-03-30 10:19:31', 0, 1, 0, 0, 0, '2016-02-09'),
	(3, 4, 'gian', '6c4d5b730df4eb72522c5cf6ff695008a9ddd9dd7c021c767800fb2e896ff581', '663233f2212d73eb6d28e8548769f9', 'BFED9SK4', '2016-02-10 11:27:22', '1970-01-01 00:00:00', 0, 1, 0, 0, 1, '2016-02-10'),
	(4, 4, 'carlo', 'b8b70dc5fef974fb8a653657c83d73328345024c937740b03a9dbbb1c6cac38d', 'f80320b3f9ede174af10b0375f82ab', '3O22K4SY', '2016-03-30 16:38:10', '2016-03-30 16:38:09', 0, 1, 0, 0, 0, '2016-03-30'),
	(5, 1, 'super_admin', '49d3eded4bb4ea3f65a832280d722383b25b70a8915d9279f4d072c1cbc4662d', '2577721a7573d47e75245dce4e9bc1', 'U3L1JRLU', '2016-02-10 17:44:48', '1970-01-01 00:00:00', 0, 1, 0, 0, 1, '2016-02-10'),
	(6, 7, 'baggage_clerk', '22e2d5c559ab04a612204ece68e9ad0a06e5126bed5d5f27f7e054dba5f8de6d', 'f4f62b53f5e059dd100e79ba28d9b2', 'E5NJ45JP', '2016-02-12 16:42:57', '1970-01-01 00:00:00', 0, 1, 0, 1, 1, '2016-02-12'),
	(7, 1, 'arnold', 'd3f75f42e71bd927236bdc37a6c6bc7d620bb3dc4cca26763584e12b1ad12f57', 'daa7ce4cfe2235b78d15870a06bd81', 'BXPJ1VUF', '2016-02-12 16:49:49', '2016-03-10 00:00:00', 1, 1, 0, 0, 1, '2016-02-12');
/*!40000 ALTER TABLE `user` ENABLE KEYS */;

-- Dumping structure for table oceanjet1_db.user_account
CREATE TABLE IF NOT EXISTS `user_account` (
  `id_user_account` int(11) NOT NULL AUTO_INCREMENT,
  `user_id` int(11) NOT NULL,
  `email_address` varchar(128) NOT NULL,
  `firstname` varchar(64) NOT NULL,
  `middlename` varchar(64) DEFAULT NULL,
  `lastname` varchar(64) NOT NULL,
  `outlet_id` int(11) DEFAULT NULL,
  `profile_pic` varchar(255) DEFAULT NULL,
  PRIMARY KEY (`id_user_account`)
) ENGINE=InnoDB AUTO_INCREMENT=8 DEFAULT CHARSET=latin1;

-- Dumping data for table oceanjet1_db.user_account: ~7 rows (approximately)
/*!40000 ALTER TABLE `user_account` DISABLE KEYS */;
INSERT INTO `user_account` (`id_user_account`, `user_id`, `email_address`, `firstname`, `middlename`, `lastname`, `outlet_id`, `profile_pic`) VALUES
	(1, 1, 'superadmin@yondu.com', 'Super Admin', 'Super Admin', 'Super Admin', 0, '06446441eabe5e90fd9842f59f059e98.PNG'),
	(2, 2, 'debtor@mailinator.com', 'Debtor', 'Debtor', 'Debtor', 4, NULL),
	(3, 3, 'gasuncion@yondu.com', 'Gian', 'Zapatero', 'Asuncion', 3, NULL),
	(4, 4, 'asunciongiancarlo@gmail.com', 'Carlo', 'Zapatero', 'Asuncion', 3, '4a969efd79d8de5cf29c93cbbfffa0a4.PNG'),
	(5, 5, 'test@yondu.com', 'Client', 'Client', 'Client', 0, '31e844a017a09ac783a98d0535aed0dc.PNG'),
	(6, 6, 'kbahia@yondu.com', 'Clerk', 'B', 'Baggage', 3, ''),
	(7, 7, 'arnold@test.com', 'Arnold', 'Galangue', 'Galang', 0, 'd5d30094077c3acb0a7b6ea7745ff412.jpg');
/*!40000 ALTER TABLE `user_account` ENABLE KEYS */;

-- Dumping structure for table oceanjet1_db.user_level
CREATE TABLE IF NOT EXISTS `user_level` (
  `id_user_level` int(11) NOT NULL AUTO_INCREMENT,
  `user_level` varchar(32) NOT NULL,
  PRIMARY KEY (`id_user_level`)
) ENGINE=InnoDB AUTO_INCREMENT=4 DEFAULT CHARSET=latin1;

-- Dumping data for table oceanjet1_db.user_level: ~3 rows (approximately)
/*!40000 ALTER TABLE `user_level` DISABLE KEYS */;
INSERT INTO `user_level` (`id_user_level`, `user_level`) VALUES
	(1, 'Level 1'),
	(2, 'Level 2'),
	(3, 'Level 3');
/*!40000 ALTER TABLE `user_level` ENABLE KEYS */;

-- Dumping structure for table oceanjet1_db.user_login
CREATE TABLE IF NOT EXISTS `user_login` (
  `user_id` int(11) NOT NULL,
  `token` varchar(128) NOT NULL,
  `salt` varchar(64) NOT NULL,
  `date_added` date NOT NULL,
  `ip_address` varchar(16) NOT NULL,
  UNIQUE KEY `user_id` (`user_id`)
) ENGINE=InnoDB DEFAULT CHARSET=latin1;

-- Dumping data for table oceanjet1_db.user_login: ~0 rows (approximately)
/*!40000 ALTER TABLE `user_login` DISABLE KEYS */;
/*!40000 ALTER TABLE `user_login` ENABLE KEYS */;

-- Dumping structure for table oceanjet1_db.user_password
CREATE TABLE IF NOT EXISTS `user_password` (
  `id_user_password` int(11) NOT NULL AUTO_INCREMENT,
  `user_id` int(11) NOT NULL,
  `password` varchar(128) NOT NULL,
  `salt` varchar(32) NOT NULL,
  PRIMARY KEY (`id_user_password`)
) ENGINE=InnoDB AUTO_INCREMENT=20 DEFAULT CHARSET=latin1;

-- Dumping data for table oceanjet1_db.user_password: ~19 rows (approximately)
/*!40000 ALTER TABLE `user_password` DISABLE KEYS */;
INSERT INTO `user_password` (`id_user_password`, `user_id`, `password`, `salt`) VALUES
	(1, 1, 'ba9400f68feb8bddfed7f8dbb58871085069056876b812427a6e77abf8d85891', '6Z6DNBJD'),
	(2, 1, 'ed1fd2fc25c6646d9c55bf4aa283477cca8a6f4e9b8af58a39529f1775210690', 'YZBQ1JB8'),
	(3, 2, '2fc042a2575272bb40d7471ece818a2705fb38a39888666d50fd5982246de790', 'TIY2DLZ5'),
	(4, 3, 'ed1fd2fc25c6646d9c55bf4aa283477cca8a6f4e9b8af58a39529f1775210690', 'YZBQ1JB8'),
	(5, 4, '238e8fd12353d9d40de7b906de13c08844228a3d0b1d339167c32b6939908400', 'BK0O5OSJ'),
	(6, 5, 'c50d91f8bcc0deed1980851cd8d47955d250fcf2688c7b9ca9082bb437195ea5', 'E7LTTS1K'),
	(7, 2, '57dfdd0b70e2bb37c4ced538b6faa080bd90e78486cc8049eb8487a302c99a3a', '17WPDSEH'),
	(8, 2, 'c289ff915ff45c41b57b3241bb0cf03134efebf09512307a45ad01ae5380f079', 'RSCFKP0E'),
	(9, 3, '6c4d5b730df4eb72522c5cf6ff695008a9ddd9dd7c021c767800fb2e896ff581', 'BFED9SK4'),
	(10, 4, '43d77fb2144e16b978f6dbd357e49533e9fd715aedc95fe0bc12424db9a4fc9d', '9KDEXTVD'),
	(11, 5, '68fde1de40ddc33069d2904bdd2e0cec264a662478dc7f0c40af0975605f705c', '0XS3TRKW'),
	(12, 6, '8285131649063f8f0f870bdad57a370a776b222e9f1d80972f44e699397ce89b', 'F9JMNLET'),
	(13, 7, '89da0f05b2a8bcf25ba13c882cf2040db4c7bfa98f5d268c58b4f5faa5da4bc4', '2OT3MRNO'),
	(14, 5, '49d3eded4bb4ea3f65a832280d722383b25b70a8915d9279f4d072c1cbc4662d', 'U3L1JRLU'),
	(15, 1, '9536e5b77611478a6a5415ae57e303e02dea1f358503de406c866ba377eca2d6', 'NVURJK4U'),
	(16, 1, 'ca721afd4c0cf243cd3b75446086b7fe9039c38918a042e307eb7ac5e832b43a', '7MRXT4CY'),
	(17, 6, '22e2d5c559ab04a612204ece68e9ad0a06e5126bed5d5f27f7e054dba5f8de6d', 'E5NJ45JP'),
	(18, 7, 'd3f75f42e71bd927236bdc37a6c6bc7d620bb3dc4cca26763584e12b1ad12f57', 'BXPJ1VUF'),
	(19, 4, 'b8b70dc5fef974fb8a653657c83d73328345024c937740b03a9dbbb1c6cac38d', '3O22K4SY');
/*!40000 ALTER TABLE `user_password` ENABLE KEYS */;

-- Dumping structure for table oceanjet1_db.user_profile
CREATE TABLE IF NOT EXISTS `user_profile` (
  `id_user_profile` int(11) NOT NULL AUTO_INCREMENT,
  `user_profile` varchar(128) NOT NULL,
  `user_description` varchar(256) DEFAULT NULL,
  `is_outlet` tinyint(1) NOT NULL,
  `has_mobile_access` tinyint(1) NOT NULL,
  `has_transaction` tinyint(1) NOT NULL,
  `session_timeout` int(11) NOT NULL,
  `enabled` tinyint(1) NOT NULL,
  `has_menu` tinyint(1) NOT NULL DEFAULT '1',
  `administrator_page_id` int(10) unsigned NOT NULL,
  `user_level_id` int(11) NOT NULL,
  PRIMARY KEY (`id_user_profile`)
) ENGINE=InnoDB AUTO_INCREMENT=16 DEFAULT CHARSET=latin1;

-- Dumping data for table oceanjet1_db.user_profile: ~13 rows (approximately)
/*!40000 ALTER TABLE `user_profile` DISABLE KEYS */;
INSERT INTO `user_profile` (`id_user_profile`, `user_profile`, `user_description`, `is_outlet`, `has_mobile_access`, `has_transaction`, `session_timeout`, `enabled`, `has_menu`, `administrator_page_id`, `user_level_id`) VALUES
	(1, 'Super Administrator', 'Super Administrator', 0, 1, 1, 60, 1, 1, 0, 1),
	(2, 'Admin', NULL, 0, 0, 0, 30, 1, 1, 0, 2),
	(3, 'Operations Manager', NULL, 1, 0, 0, 30, 1, 1, 0, 2),
	(4, 'Sales Agent', NULL, 1, 0, 1, 15, 1, 1, 0, 2),
	(5, 'Third Party Sales Agent', NULL, 1, 0, 0, 15, 1, 1, 0, 2),
	(6, 'Check – In Clerk', NULL, 1, 0, 1, 15, 1, 1, 0, 3),
	(7, 'Baggage Clerk', NULL, 1, 0, 0, 15, 1, 1, 0, 3),
	(8, 'Baggage Cashier', NULL, 1, 0, 1, 15, 1, 1, 0, 3),
	(9, 'Reservation Officer', NULL, 0, 0, 0, 30, 1, 1, 0, 3),
	(10, 'Port Supervisors', NULL, 1, 0, 0, 15, 1, 1, 0, 2),
	(11, 'Debtor', NULL, 1, 0, 1, 15, 1, 1, 0, 2),
	(12, 'Marketing Manager', NULL, 0, 0, 0, 15, 1, 1, 0, 2),
	(15, 'Sample User', NULL, 1, 0, 1, 15, 1, 0, 44, 2);
/*!40000 ALTER TABLE `user_profile` ENABLE KEYS */;

-- Dumping structure for table oceanjet1_db.user_profile_level
CREATE TABLE IF NOT EXISTS `user_profile_level` (
  `user_profile_id` int(11) NOT NULL,
  `user_level_id` int(11) NOT NULL
) ENGINE=InnoDB DEFAULT CHARSET=latin1;

-- Dumping data for table oceanjet1_db.user_profile_level: ~9 rows (approximately)
/*!40000 ALTER TABLE `user_profile_level` DISABLE KEYS */;
INSERT INTO `user_profile_level` (`user_profile_id`, `user_level_id`) VALUES
	(3, 2),
	(5, 3),
	(8, 3),
	(10, 3),
	(12, 3),
	(11, 3),
	(4, 3),
	(1, 1),
	(1, 2);
/*!40000 ALTER TABLE `user_profile_level` ENABLE KEYS */;

-- Dumping structure for table oceanjet1_db.user_type
CREATE TABLE IF NOT EXISTS `user_type` (
  `id_user_type` int(11) NOT NULL AUTO_INCREMENT,
  `user_type` varchar(128) NOT NULL,
  PRIMARY KEY (`id_user_type`)
) ENGINE=InnoDB DEFAULT CHARSET=latin1;

-- Dumping data for table oceanjet1_db.user_type: ~0 rows (approximately)
/*!40000 ALTER TABLE `user_type` DISABLE KEYS */;
/*!40000 ALTER TABLE `user_type` ENABLE KEYS */;

-- Dumping structure for table oceanjet1_db.vessel
CREATE TABLE IF NOT EXISTS `vessel` (
  `id_vessel` int(11) NOT NULL AUTO_INCREMENT,
  `vessel_code` varchar(36) NOT NULL,
  `vessel` varchar(128) NOT NULL,
  `total_row` int(11) NOT NULL,
  `total_column` int(11) NOT NULL,
  `total_seats` int(11) NOT NULL,
  `enabled` tinyint(1) NOT NULL,
  PRIMARY KEY (`id_vessel`)
) ENGINE=InnoDB AUTO_INCREMENT=6 DEFAULT CHARSET=latin1;

-- Dumping data for table oceanjet1_db.vessel: ~4 rows (approximately)
/*!40000 ALTER TABLE `vessel` DISABLE KEYS */;
INSERT INTO `vessel` (`id_vessel`, `vessel_code`, `vessel`, `total_row`, `total_column`, `total_seats`, `enabled`) VALUES
	(1, 'VS001', 'MV Santa Ana', 5, 12, 41, 1),
	(2, 'VS014', 'MV Santa Barbara', 5, 12, 41, 1),
	(4, 'VS005', 'MV Santa Cristina', 5, 12, 43, 1),
	(5, 'VS006', 'MV Santa Donna', 5, 12, 41, 0);
/*!40000 ALTER TABLE `vessel` ENABLE KEYS */;

-- Dumping structure for table oceanjet1_db.vessel_seats
CREATE TABLE IF NOT EXISTS `vessel_seats` (
  `vessel_id` int(11) NOT NULL,
  `row` int(11) NOT NULL,
  `column` int(11) NOT NULL,
  `vessel_seats` varchar(128) NOT NULL,
  `accommodation_id` int(11) NOT NULL
) ENGINE=InnoDB DEFAULT CHARSET=latin1;

-- Dumping data for table oceanjet1_db.vessel_seats: ~240 rows (approximately)
/*!40000 ALTER TABLE `vessel_seats` DISABLE KEYS */;
INSERT INTO `vessel_seats` (`vessel_id`, `row`, `column`, `vessel_seats`, `accommodation_id`) VALUES
	(2, 1, 1, 'BC-1A', 1),
	(2, 1, 2, 'N/A', 0),
	(2, 1, 3, 'BC-1B', 1),
	(2, 1, 4, 'BC-1C', 1),
	(2, 1, 5, 'N/A', 0),
	(2, 1, 6, 'N/A', 0),
	(2, 1, 7, 'BC-1D', 1),
	(2, 1, 8, 'BC-1E', 1),
	(2, 1, 9, 'BC-1F', 1),
	(2, 1, 10, 'BC-1G', 1),
	(2, 1, 11, 'N/A', 0),
	(2, 1, 12, 'BC-1H', 1),
	(2, 2, 1, 'BC-2A', 1),
	(2, 2, 2, 'N/A', 0),
	(2, 2, 3, 'N/A', 0),
	(2, 2, 4, 'BC-2B', 1),
	(2, 2, 5, 'BC-2C', 1),
	(2, 2, 6, 'BC-2D', 1),
	(2, 2, 7, 'BC-2E', 1),
	(2, 2, 8, 'BC-2F', 1),
	(2, 2, 9, 'N/A', 0),
	(2, 2, 10, 'N/A', 0),
	(2, 2, 11, 'BC-2G', 1),
	(2, 2, 12, 'BC-2H', 1),
	(2, 3, 1, 'BC-3A', 1),
	(2, 3, 2, 'BC-3B', 1),
	(2, 3, 3, 'BC-3C', 1),
	(2, 3, 4, 'N/A', 0),
	(2, 3, 5, 'N/A', 0),
	(2, 3, 6, 'BC-3D', 1),
	(2, 3, 7, 'N/A', 0),
	(2, 3, 8, 'N/A', 0),
	(2, 3, 9, 'N/A', 0),
	(2, 3, 10, 'BC-3E', 1),
	(2, 3, 11, 'BC-3F', 1),
	(2, 3, 12, 'BC-3G', 1),
	(2, 4, 1, 'TC-1A', 3),
	(2, 4, 2, 'TC-1B', 3),
	(2, 4, 3, 'N/A', 0),
	(2, 4, 4, 'N/A', 0),
	(2, 4, 5, 'N/A', 0),
	(2, 4, 6, 'N/A', 0),
	(2, 4, 7, 'N/A', 0),
	(2, 4, 8, 'TC-1E', 3),
	(2, 4, 9, 'TC-1F', 3),
	(2, 4, 10, 'TC-1G', 3),
	(2, 4, 11, 'TC-1H', 3),
	(2, 4, 12, 'N/A', 0),
	(2, 5, 1, 'OA-1A', 6),
	(2, 5, 2, 'OA-1B', 6),
	(2, 5, 3, 'OA-1C', 6),
	(2, 5, 4, 'OA-1D', 6),
	(2, 5, 5, 'OA-1E', 6),
	(2, 5, 6, 'OA-1F', 6),
	(2, 5, 7, 'OA-1G', 6),
	(2, 5, 8, 'OA-1H', 6),
	(2, 5, 9, 'OA-1I', 6),
	(2, 5, 10, 'OA-1J', 6),
	(2, 5, 11, 'OA-1K', 6),
	(2, 5, 12, 'OA-1L', 6),
	(1, 1, 1, 'BC-1A', 1),
	(1, 1, 2, 'N/A', 0),
	(1, 1, 3, 'BC-1B', 1),
	(1, 1, 4, 'BC-1C', 1),
	(1, 1, 5, 'N/A', 0),
	(1, 1, 6, 'N/A', 0),
	(1, 1, 7, 'BC-1D', 1),
	(1, 1, 8, 'BC-1E', 1),
	(1, 1, 9, 'BC-1F', 1),
	(1, 1, 10, 'BC-1G', 1),
	(1, 1, 11, 'N/A', 0),
	(1, 1, 12, 'BC-1H', 1),
	(1, 2, 1, 'BC-2A', 1),
	(1, 2, 2, 'N/A', 0),
	(1, 2, 3, 'N/A', 0),
	(1, 2, 4, 'BC-2B', 1),
	(1, 2, 5, 'BC-2C', 1),
	(1, 2, 6, 'BC-2D', 1),
	(1, 2, 7, 'BC-2E', 1),
	(1, 2, 8, 'BC-2F', 1),
	(1, 2, 9, 'N/A', 0),
	(1, 2, 10, 'N/A', 0),
	(1, 2, 11, 'BC-2G', 1),
	(1, 2, 12, 'BC-2H', 1),
	(1, 3, 1, 'BC-3A', 1),
	(1, 3, 2, 'BC-3B', 1),
	(1, 3, 3, 'BC-3C', 1),
	(1, 3, 4, 'N/A', 0),
	(1, 3, 5, 'N/A', 0),
	(1, 3, 6, 'BC-3D', 1),
	(1, 3, 7, 'N/A', 0),
	(1, 3, 8, 'N/A', 0),
	(1, 3, 9, 'N/A', 0),
	(1, 3, 10, 'BC-3E', 1),
	(1, 3, 11, 'BC-3F', 1),
	(1, 3, 12, 'BC-3G', 1),
	(1, 4, 1, 'TC-1A', 3),
	(1, 4, 2, 'TC-1B', 3),
	(1, 4, 3, 'N/A', 0),
	(1, 4, 4, 'N/A', 0),
	(1, 4, 5, 'N/A', 0),
	(1, 4, 6, 'N/A', 0),
	(1, 4, 7, 'N/A', 0),
	(1, 4, 8, 'TC-1E', 3),
	(1, 4, 9, 'TC-1F', 3),
	(1, 4, 10, 'TC-1G', 3),
	(1, 4, 11, 'TC-1H', 3),
	(1, 4, 12, 'N/A', 0),
	(1, 5, 1, 'OA-1A', 6),
	(1, 5, 2, 'OA-1B', 6),
	(1, 5, 3, 'OA-1C', 6),
	(1, 5, 4, 'OA-1D', 6),
	(1, 5, 5, 'OA-1E', 6),
	(1, 5, 6, 'OA-1F', 6),
	(1, 5, 7, 'OA-1G', 6),
	(1, 5, 8, 'OA-1H', 6),
	(1, 5, 9, 'OA-1I', 6),
	(1, 5, 10, 'OA-1J', 6),
	(1, 5, 11, 'OA-1K', 6),
	(1, 5, 12, 'OA-1L', 6),
	(4, 1, 1, 'BC-1A', 1),
	(4, 1, 2, 'N/A', 0),
	(4, 1, 3, 'BC-1B', 1),
	(4, 1, 4, 'BC-1C', 1),
	(4, 1, 5, 'N/A', 0),
	(4, 1, 6, 'N/A', 0),
	(4, 1, 7, 'BC-1D', 1),
	(4, 1, 8, 'BC-1E', 1),
	(4, 1, 9, 'BC-1F', 1),
	(4, 1, 10, 'BC-1G', 1),
	(4, 1, 11, 'N/A', 0),
	(4, 1, 12, 'BC-1H', 1),
	(4, 2, 1, 'BC-2A', 1),
	(4, 2, 2, 'N/A', 0),
	(4, 2, 3, 'N/A', 0),
	(4, 2, 4, 'BC-2B', 1),
	(4, 2, 5, 'BC-2C', 1),
	(4, 2, 6, 'BC-2D', 1),
	(4, 2, 7, 'BC-2E', 1),
	(4, 2, 8, 'BC-2F', 1),
	(4, 2, 9, 'N/A', 0),
	(4, 2, 10, 'N/A', 0),
	(4, 2, 11, 'BC-2G', 1),
	(4, 2, 12, 'BC-2H', 1),
	(4, 3, 1, 'BC-3A', 1),
	(4, 3, 2, 'BC-3B', 1),
	(4, 3, 3, 'BC-3C', 1),
	(4, 3, 4, 'N/A', 0),
	(4, 3, 5, 'N/A', 0),
	(4, 3, 6, 'BC-3D', 1),
	(4, 3, 7, 'N/A', 0),
	(4, 3, 8, 'N/A', 0),
	(4, 3, 9, 'N/A', 0),
	(4, 3, 10, 'BC-3E', 1),
	(4, 3, 11, 'BC-3F', 1),
	(4, 3, 12, 'BC-3G', 1),
	(4, 4, 1, 'TC-1A', 3),
	(4, 4, 2, 'TC-1B', 3),
	(4, 4, 3, 'TC-1C', 3),
	(4, 4, 4, 'TC-1D', 3),
	(4, 4, 5, 'N/A', 0),
	(4, 4, 6, 'N/A', 0),
	(4, 4, 7, 'N/A', 0),
	(4, 4, 8, 'TC-1E', 3),
	(4, 4, 9, 'TC-1F', 3),
	(4, 4, 10, 'TC-1G', 3),
	(4, 4, 11, 'TC-1H', 3),
	(4, 4, 12, 'N/A', 0),
	(4, 5, 1, 'OA-1A', 6),
	(4, 5, 2, 'OA-1B', 6),
	(4, 5, 3, 'OA-1C', 6),
	(4, 5, 4, 'OA-1D', 6),
	(4, 5, 5, 'OA-1E', 6),
	(4, 5, 6, 'OA-1F', 6),
	(4, 5, 7, 'OA-1G', 6),
	(4, 5, 8, 'OA-1H', 6),
	(4, 5, 9, 'OA-1I', 6),
	(4, 5, 10, 'OA-1J', 6),
	(4, 5, 11, 'OA-1K', 6),
	(4, 5, 12, 'OA-1L', 6),
	(5, 1, 1, 'BC-1A', 1),
	(5, 1, 2, 'N/A', 0),
	(5, 1, 3, 'BC-1B', 1),
	(5, 1, 4, 'BC-1C', 1),
	(5, 1, 5, 'N/A', 0),
	(5, 1, 6, 'N/A', 0),
	(5, 1, 7, 'BC-1D', 1),
	(5, 1, 8, 'BC-1E', 1),
	(5, 1, 9, 'BC-1F', 1),
	(5, 1, 10, 'BC-1G', 1),
	(5, 1, 11, 'N/A', 0),
	(5, 1, 12, 'BC-1H', 1),
	(5, 2, 1, 'BC-2A', 1),
	(5, 2, 2, 'N/A', 0),
	(5, 2, 3, 'N/A', 0),
	(5, 2, 4, 'BC-2B', 1),
	(5, 2, 5, 'BC-2C', 1),
	(5, 2, 6, 'BC-2D', 1),
	(5, 2, 7, 'BC-2E', 1),
	(5, 2, 8, 'BC-2F', 1),
	(5, 2, 9, 'N/A', 0),
	(5, 2, 10, 'N/A', 0),
	(5, 2, 11, 'BC-2G', 1),
	(5, 2, 12, 'BC-2H', 1),
	(5, 3, 1, 'BC-3A', 1),
	(5, 3, 2, 'BC-3B', 1),
	(5, 3, 3, 'BC-3C', 1),
	(5, 3, 4, 'N/A', 0),
	(5, 3, 5, 'N/A', 0),
	(5, 3, 6, 'BC-3D', 1),
	(5, 3, 7, 'N/A', 0),
	(5, 3, 8, 'N/A', 0),
	(5, 3, 9, 'N/A', 0),
	(5, 3, 10, 'BC-3E', 1),
	(5, 3, 11, 'BC-3F', 1),
	(5, 3, 12, 'BC-3G', 1),
	(5, 4, 1, 'TC-1A', 3),
	(5, 4, 2, 'TC-1B', 3),
	(5, 4, 3, 'N/A', 0),
	(5, 4, 4, 'N/A', 0),
	(5, 4, 5, 'N/A', 0),
	(5, 4, 6, 'N/A', 0),
	(5, 4, 7, 'N/A', 0),
	(5, 4, 8, 'TC-1E', 3),
	(5, 4, 9, 'TC-1F', 3),
	(5, 4, 10, 'TC-1G', 3),
	(5, 4, 11, 'TC-1H', 3),
	(5, 4, 12, 'N/A', 0),
	(5, 5, 1, 'OA-1A', 6),
	(5, 5, 2, 'OA-1B', 6),
	(5, 5, 3, 'OA-1C', 6),
	(5, 5, 4, 'OA-1D', 6),
	(5, 5, 5, 'OA-1E', 6),
	(5, 5, 6, 'OA-1F', 6),
	(5, 5, 7, 'OA-1G', 6),
	(5, 5, 8, 'OA-1H', 6),
	(5, 5, 9, 'OA-1I', 6),
	(5, 5, 10, 'OA-1J', 6),
	(5, 5, 11, 'OA-1K', 6),
	(5, 5, 12, 'OA-1L', 6);
/*!40000 ALTER TABLE `vessel_seats` ENABLE KEYS */;

-- Dumping structure for table oceanjet1_db.void_tickets
CREATE TABLE IF NOT EXISTS `void_tickets` (
  `id_void_tickets` int(11) NOT NULL AUTO_INCREMENT,
  `booking_id` int(11) DEFAULT NULL,
  `user_id` int(11) DEFAULT NULL,
  `void_reason` text,
  `date_added` datetime DEFAULT NULL,
  PRIMARY KEY (`id_void_tickets`)
) ENGINE=InnoDB AUTO_INCREMENT=2 DEFAULT CHARSET=latin1;

-- Dumping data for table oceanjet1_db.void_tickets: ~1 rows (approximately)
/*!40000 ALTER TABLE `void_tickets` DISABLE KEYS */;
INSERT INTO `void_tickets` (`id_void_tickets`, `booking_id`, `user_id`, `void_reason`, `date_added`) VALUES
	(1, 0, NULL, 'dasdasdasda', NULL);
/*!40000 ALTER TABLE `void_tickets` ENABLE KEYS */;

-- Dumping structure for table oceanjet1_db.voyage
CREATE TABLE IF NOT EXISTS `voyage` (
  `id_voyage` int(11) NOT NULL AUTO_INCREMENT,
  `voyage` varchar(24) NOT NULL,
  `origin_id` int(11) NOT NULL COMMENT 'origin of first leg',
  `destination_id` int(11) NOT NULL COMMENT 'destination of last leg',
  `ETD` time NOT NULL COMMENT 'ETD of first leg',
  `ETA` time NOT NULL COMMENT 'ETA of last leg',
  `enabled` tinyint(1) NOT NULL,
  `trip_type_id` tinyint(1) NOT NULL,
  `no_of_subvoyages` int(11) NOT NULL,
  PRIMARY KEY (`id_voyage`)
) ENGINE=InnoDB AUTO_INCREMENT=12 DEFAULT CHARSET=latin1;

-- Dumping data for table oceanjet1_db.voyage: ~8 rows (approximately)
/*!40000 ALTER TABLE `voyage` DISABLE KEYS */;
INSERT INTO `voyage` (`id_voyage`, `voyage`, `origin_id`, `destination_id`, `ETD`, `ETA`, `enabled`, `trip_type_id`, `no_of_subvoyages`) VALUES
	(2, 'V001', 3, 7, '08:00:00', '15:00:00', 1, 3, 3),
	(3, 'V002', 4, 7, '13:00:00', '17:00:00', 1, 3, 2),
	(4, 'V005', 5, 3, '07:00:00', '12:00:00', 1, 3, 2),
	(5, 'V006', 7, 3, '17:00:00', '22:00:00', 1, 3, 3),
	(6, 'V008', 3, 4, '12:00:00', '14:00:00', 1, 1, 1),
	(8, 'V009', 5, 4, '12:00:00', '13:02:00', 1, 1, 1),
	(10, 'V0010', 4, 3, '12:00:00', '13:00:00', 1, 1, 1),
	(11, 'V010', 3, 5, '00:00:00', '02:30:00', 1, 3, 2);
/*!40000 ALTER TABLE `voyage` ENABLE KEYS */;

-- Dumping structure for table oceanjet1_db.voyage_management
CREATE TABLE IF NOT EXISTS `voyage_management` (
  `id_voyage_management` int(11) NOT NULL AUTO_INCREMENT,
  `voyage_id` int(11) NOT NULL,
  `enabled` tinyint(1) NOT NULL,
  PRIMARY KEY (`id_voyage_management`)
) ENGINE=InnoDB AUTO_INCREMENT=22 DEFAULT CHARSET=latin1;

-- Dumping data for table oceanjet1_db.voyage_management: ~14 rows (approximately)
/*!40000 ALTER TABLE `voyage_management` DISABLE KEYS */;
INSERT INTO `voyage_management` (`id_voyage_management`, `voyage_id`, `enabled`) VALUES
	(7, 2, 1),
	(8, 3, 1),
	(9, 4, 1),
	(10, 4, 1),
	(12, 4, 1),
	(13, 6, 1),
	(14, 2, 1),
	(15, 10, 1),
	(16, 10, 1),
	(17, 10, 1),
	(18, 2, 1),
	(19, 2, 1),
	(20, 5, 1),
	(21, 4, 1);
/*!40000 ALTER TABLE `voyage_management` ENABLE KEYS */;

/*!40101 SET SQL_MODE=IFNULL(@OLD_SQL_MODE, '') */;
/*!40014 SET FOREIGN_KEY_CHECKS=IF(@OLD_FOREIGN_KEY_CHECKS IS NULL, 1, @OLD_FOREIGN_KEY_CHECKS) */;
/*!40101 SET CHARACTER_SET_CLIENT=@OLD_CHARACTER_SET_CLIENT */;
